outer_fold,selector,classifier,feature_count,accuracy,macro_f1,weighted_f1,balanced_accuracy,mcc,training_seconds,inference_seconds,milliseconds_per_record,serialized_model_bytes,record_type,class_name,class_precision,class_recall,class_f1,class_support
1,Full_42,XGBoost,42,0.9765506807866868,0.9685622487133547,0.9764470106685874,0.9644667315187242,0.9744531568724446,54.10265980400072,0.8194433310000022,0.03262374914404022,7262425.0,aggregate,,,,,
1,Full_42,XGBoost,42,,,,,,,,,,per_class,Backdoor,1.0,0.9650521152667075,0.9822152886115445,1631.0
1,Full_42,XGBoost,42,,,,,,,,,,per_class,DDoS_HTTP,0.9784043191361728,0.9650887573964497,0.9717009234435507,1690.0
1,Full_42,XGBoost,42,,,,,,,,,,per_class,DDoS_ICMP,0.9960124058484714,0.997338065661047,0.9966747949456883,2254.0
1,Full_42,XGBoost,42,,,,,,,,,,per_class,DDoS_TCP,1.0,1.0,1.0,1639.0
1,Full_42,XGBoost,42,,,,,,,,,,per_class,DDoS_UDP,1.0,1.0,1.0,2320.0
1,Full_42,XGBoost,42,,,,,,,,,,per_class,Fingerprinting,0.9555555555555556,0.80625,0.8745762711864408,160.0
1,Full_42,XGBoost,42,,,,,,,,,,per_class,MITM,1.0,1.0,1.0,64.0
1,Full_42,XGBoost,42,,,,,,,,,,per_class,Normal,1.0,1.0,1.0,3888.0
1,Full_42,XGBoost,42,,,,,,,,,,per_class,Password,0.9661602209944752,0.8754693366708386,0.9185817465528563,1598.0
1,Full_42,XGBoost,42,,,,,,,,,,per_class,Port_Scanning,0.9270334928229665,0.9615384615384616,0.9439707673568819,1612.0
1,Full_42,XGBoost,42,,,,,,,,,,per_class,Ransomware,0.9405772495755518,0.9508009153318078,0.9456614509246088,1748.0
1,Full_42,XGBoost,42,,,,,,,,,,per_class,SQL_injection,0.9159090909090909,0.9769696969696969,0.9454545454545454,1650.0
1,Full_42,XGBoost,42,,,,,,,,,,per_class,Uploading,0.9685086155674391,0.9920876445526476,0.9801563439567048,1643.0
1,Full_42,XGBoost,42,,,,,,,,,,per_class,Vulnerability_scanner,0.9937578027465668,0.9875930521091811,0.9906658369632856,1612.0
1,Full_42,XGBoost,42,,,,,,,,,,per_class,XSS,0.9689403166869671,0.9888129272840274,0.9787757613042141,1609.0
1,Full_42,Random_Forest,42,0.9711760490484911,0.9430186779985696,0.9737476871316681,0.968179327587516,0.9687120298824401,22.029584979999527,0.8945501449998119,0.03561390815350792,200018047.0,aggregate,,,,,
1,Full_42,Random_Forest,42,,,,,,,,,,per_class,Backdoor,1.0,0.9650521152667075,0.9822152886115445,1631.0
1,Full_42,Random_Forest,42,,,,,,,,,,per_class,DDoS_HTTP,0.9720902612826603,0.9686390532544379,0.9703615886188499,1690.0
1,Full_42,Random_Forest,42,,,,,,,,,,per_class,DDoS_ICMP,1.0,1.0,1.0,2254.0
1,Full_42,Random_Forest,42,,,,,,,,,,per_class,DDoS_TCP,1.0,1.0,1.0,1639.0
1,Full_42,Random_Forest,42,,,,,,,,,,per_class,DDoS_UDP,1.0,1.0,1.0,2320.0
1,Full_42,Random_Forest,42,,,,,,,,,,per_class,Fingerprinting,0.3355263157894737,0.95625,0.4967532467532467,160.0
1,Full_42,Random_Forest,42,,,,,,,,,,per_class,MITM,1.0,1.0,1.0,64.0
1,Full_42,Random_Forest,42,,,,,,,,,,per_class,Normal,1.0,1.0,1.0,3888.0
1,Full_42,Random_Forest,42,,,,,,,,,,per_class,Password,0.9604095563139932,0.8804755944931164,0.9187071498530852,1598.0
1,Full_42,Random_Forest,42,,,,,,,,,,per_class,Port_Scanning,0.9579885423297263,0.9336228287841191,0.9456487590323593,1612.0
1,Full_42,Random_Forest,42,,,,,,,,,,per_class,Ransomware,1.0,0.8867276887871853,0.939963614311704,1748.0
1,Full_42,Random_Forest,42,,,,,,,,,,per_class,SQL_injection,0.9187643020594966,0.9733333333333334,0.9452619187757504,1650.0
1,Full_42,Random_Forest,42,,,,,,,,,,per_class,Uploading,0.9696066746126341,0.9902617163724894,0.9798253538090935,1643.0
1,Full_42,Random_Forest,42,,,,,,,,,,per_class,Vulnerability_scanner,0.9931335830212235,0.9869727047146402,0.9900435594275045,1612.0
1,Full_42,Random_Forest,42,,,,,,,,,,per_class,XSS,0.9716923076923077,0.9813548788067122,0.9764996907854051,1609.0
1,Full_42,Linear_Logistic_SGD,42,0.36603232741460306,0.2527294061288179,0.27033401849672783,0.2942423301082288,0.3372713511354898,71.37195129999964,0.0860093909996067,0.0034242133529583047,12093.0,aggregate,,,,,
1,Full_42,Linear_Logistic_SGD,42,,,,,,,,,,per_class,Backdoor,0.018018018018018018,0.002452483139178418,0.004317323259579061,1631.0
1,Full_42,Linear_Logistic_SGD,42,,,,,,,,,,per_class,DDoS_HTTP,0.2914285714285714,0.06035502958579882,0.1,1690.0
1,Full_42,Linear_Logistic_SGD,42,,,,,,,,,,per_class,DDoS_ICMP,0.7591587516960652,0.9929015084294588,0.8604382929642446,2254.0
1,Full_42,Linear_Logistic_SGD,42,,,,,,,,,,per_class,DDoS_TCP,0.013245033112582781,0.0012202562538133007,0.0022346368715083797,1639.0
1,Full_42,Linear_Logistic_SGD,42,,,,,,,,,,per_class,DDoS_UDP,0.9995652173913043,0.990948275862069,0.9952380952380953,2320.0
1,Full_42,Linear_Logistic_SGD,42,,,,,,,,,,per_class,Fingerprinting,0.5069767441860465,0.68125,0.5813333333333334,160.0
1,Full_42,Linear_Logistic_SGD,42,,,,,,,,,,per_class,MITM,1.0,0.203125,0.33766233766233766,64.0
1,Full_42,Linear_Logistic_SGD,42,,,,,,,,,,per_class,Normal,0.2111522359080153,0.8950617283950617,0.3416957140753105,3888.0
1,Full_42,Linear_Logistic_SGD,42,,,,,,,,,,per_class,Password,0.0,0.0,0.0,1598.0
1,Full_42,Linear_Logistic_SGD,42,,,,,,,,,,per_class,Port_Scanning,0.40865384615384615,0.5272952853598015,0.46045503791982667,1612.0
1,Full_42,Linear_Logistic_SGD,42,,,,,,,,,,per_class,Ransomware,0.0,0.0,0.0,1748.0
1,Full_42,Linear_Logistic_SGD,42,,,,,,,,,,per_class,SQL_injection,0.23255813953488372,0.006060606060606061,0.011813349084465446,1650.0
1,Full_42,Linear_Logistic_SGD,42,,,,,,,,,,per_class,Uploading,0.49142857142857144,0.05234327449786975,0.0946094609460946,1643.0
1,Full_42,Linear_Logistic_SGD,42,,,,,,,,,,per_class,Vulnerability_scanner,0.0,0.0,0.0,1612.0
1,Full_42,Linear_Logistic_SGD,42,,,,,,,,,,per_class,XSS,0.007142857142857143,0.0006215040397762585,0.0011435105774728414,1609.0
1,Natural_Global_20,XGBoost,20,0.9765904928736364,0.968829980279833,0.9764914991753482,0.9648758405853866,0.974497778729688,44.410923983999965,0.7722935390002021,0.030746617525288723,7357507.0,aggregate,,,,,
1,Natural_Global_20,XGBoost,20,,,,,,,,,,per_class,Backdoor,1.0,0.9650521152667075,0.9822152886115445,1631.0
1,Natural_Global_20,XGBoost,20,,,,,,,,,,per_class,DDoS_HTTP,0.9772727272727273,0.9668639053254438,0.9720404521118382,1690.0
1,Natural_Global_20,XGBoost,20,,,,,,,,,,per_class,DDoS_ICMP,0.9964539007092199,0.997338065661047,0.9968957871396896,2254.0
1,Natural_Global_20,XGBoost,20,,,,,,,,,,per_class,DDoS_TCP,1.0,1.0,1.0,1639.0
1,Natural_Global_20,XGBoost,20,,,,,,,,,,per_class,DDoS_UDP,1.0,1.0,1.0,2320.0
1,Natural_Global_20,XGBoost,20,,,,,,,,,,per_class,Fingerprinting,0.9558823529411765,0.8125,0.8783783783783784,160.0
1,Natural_Global_20,XGBoost,20,,,,,,,,,,per_class,MITM,1.0,1.0,1.0,64.0
1,Natural_Global_20,XGBoost,20,,,,,,,,,,per_class,Normal,1.0,1.0,1.0,3888.0
1,Natural_Global_20,XGBoost,20,,,,,,,,,,per_class,Password,0.9667820069204153,0.8742177722152691,0.9181728557344726,1598.0
1,Natural_Global_20,XGBoost,20,,,,,,,,,,per_class,Port_Scanning,0.9270334928229665,0.9615384615384616,0.9439707673568819,1612.0
1,Natural_Global_20,XGBoost,20,,,,,,,,,,per_class,Ransomware,0.9405772495755518,0.9508009153318078,0.9456614509246088,1748.0
1,Natural_Global_20,XGBoost,20,,,,,,,,,,per_class,SQL_injection,0.9143990929705216,0.9775757575757575,0.9449326303456357,1650.0
1,Natural_Global_20,XGBoost,20,,,,,,,,,,per_class,Uploading,0.9690844233055886,0.9920876445526476,0.9804511278195489,1643.0
1,Natural_Global_20,XGBoost,20,,,,,,,,,,per_class,Vulnerability_scanner,0.995,0.9875930521091811,0.991282689912827,1612.0
1,Natural_Global_20,XGBoost,20,,,,,,,,,,per_class,XSS,0.9694935936546675,0.9875699192044748,0.978448275862069,1609.0
1,Natural_Global_20,Random_Forest,20,0.9716537940918863,0.9435167328172118,0.9742309621976598,0.9686702882836599,0.9692325975002276,25.079499690000375,0.6709627079999336,0.026712425670831024,188521937.0,aggregate,,,,,
1,Natural_Global_20,Random_Forest,20,,,,,,,,,,per_class,Backdoor,1.0,0.9650521152667075,0.9822152886115445,1631.0
1,Natural_Global_20,Random_Forest,20,,,,,,,,,,per_class,DDoS_HTTP,0.972123368920522,0.9698224852071006,0.9709715639810427,1690.0
1,Natural_Global_20,Random_Forest,20,,,,,,,,,,per_class,DDoS_ICMP,1.0,1.0,1.0,2254.0
1,Natural_Global_20,Random_Forest,20,,,,,,,,,,per_class,DDoS_TCP,1.0,1.0,1.0,1639.0
1,Natural_Global_20,Random_Forest,20,,,,,,,,,,per_class,DDoS_UDP,1.0,1.0,1.0,2320.0
1,Natural_Global_20,Random_Forest,20,,,,,,,,,,per_class,Fingerprinting,0.3355263157894737,0.95625,0.4967532467532467,160.0
1,Natural_Global_20,Random_Forest,20,,,,,,,,,,per_class,MITM,1.0,1.0,1.0,64.0
1,Natural_Global_20,Random_Forest,20,,,,,,,,,,per_class,Normal,1.0,1.0,1.0,3888.0
1,Natural_Global_20,Random_Forest,20,,,,,,,,,,per_class,Password,0.9631650750341064,0.8836045056320401,0.9216710182767625,1598.0
1,Natural_Global_20,Random_Forest,20,,,,,,,,,,per_class,Port_Scanning,0.9579885423297263,0.9336228287841191,0.9456487590323593,1612.0
1,Natural_Global_20,Random_Forest,20,,,,,,,,,,per_class,Ransomware,1.0,0.8867276887871853,0.939963614311704,1748.0
1,Natural_Global_20,Random_Forest,20,,,,,,,,,,per_class,SQL_injection,0.9204350314825415,0.9745454545454545,0.9467176920812481,1650.0
1,Natural_Global_20,Random_Forest,20,,,,,,,,,,per_class,Uploading,0.9707985697258641,0.9914790018259282,0.981029810298103,1643.0
1,Natural_Global_20,Random_Forest,20,,,,,,,,,,per_class,Vulnerability_scanner,0.9943714821763602,0.9863523573200993,0.990345686701962,1612.0
1,Natural_Global_20,Random_Forest,20,,,,,,,,,,per_class,XSS,0.9723247232472325,0.9825978868862648,0.9774343122102009,1609.0
1,Natural_Global_20,Linear_Logistic_SGD,20,0.367226690023091,0.2623903891033484,0.2718878884328305,0.2914164335917411,0.3388034166050921,51.515071771000294,0.058656604000134394,0.0023352418186214823,8719.0,aggregate,,,,,
1,Natural_Global_20,Linear_Logistic_SGD,20,,,,,,,,,,per_class,Backdoor,0.017937219730941704,0.002452483139178418,0.004314994606256742,1631.0
1,Natural_Global_20,Linear_Logistic_SGD,20,,,,,,,,,,per_class,DDoS_HTTP,0.2914285714285714,0.06035502958579882,0.1,1690.0
1,Natural_Global_20,Linear_Logistic_SGD,20,,,,,,,,,,per_class,DDoS_ICMP,0.7612244897959184,0.9929015084294588,0.8617635733538699,2254.0
1,Natural_Global_20,Linear_Logistic_SGD,20,,,,,,,,,,per_class,DDoS_TCP,0.012578616352201259,0.0012202562538133007,0.002224694104560623,1639.0
1,Natural_Global_20,Linear_Logistic_SGD,20,,,,,,,,,,per_class,DDoS_UDP,0.9986962190352021,0.9905172413793103,0.9945899156026834,2320.0
1,Natural_Global_20,Linear_Logistic_SGD,20,,,,,,,,,,per_class,Fingerprinting,0.8596491228070176,0.6125,0.7153284671532847,160.0
1,Natural_Global_20,Linear_Logistic_SGD,20,,,,,,,,,,per_class,MITM,1.0,0.203125,0.33766233766233766,64.0
1,Natural_Global_20,Linear_Logistic_SGD,20,,,,,,,,,,per_class,Normal,0.21105649614661084,0.8945473251028807,0.3415328718024255,3888.0
1,Natural_Global_20,Linear_Logistic_SGD,20,,,,,,,,,,per_class,Password,0.0,0.0,0.0,1598.0
1,Natural_Global_20,Linear_Logistic_SGD,20,,,,,,,,,,per_class,Port_Scanning,0.4103622191655204,0.5552109181141439,0.47192196150804117,1612.0
1,Natural_Global_20,Linear_Logistic_SGD,20,,,,,,,,,,per_class,Ransomware,0.0,0.0,0.0,1748.0
1,Natural_Global_20,Linear_Logistic_SGD,20,,,,,,,,,,per_class,SQL_injection,0.23255813953488372,0.006060606060606061,0.011813349084465446,1650.0
1,Natural_Global_20,Linear_Logistic_SGD,20,,,,,,,,,,per_class,Uploading,0.4885057471264368,0.051734631771150334,0.09356081452944413,1643.0
1,Natural_Global_20,Linear_Logistic_SGD,20,,,,,,,,,,per_class,Vulnerability_scanner,0.0,0.0,0.0,1612.0
1,Natural_Global_20,Linear_Logistic_SGD,20,,,,,,,,,,per_class,XSS,0.0070921985815602835,0.0006215040397762585,0.0011428571428571427,1609.0
1,Class_Balanced_15,XGBoost,15,0.9747989489609046,0.9671805384282502,0.9747651661685177,0.9627965837950376,0.972625529178441,33.93419501599965,0.6886334060000081,0.027415933036070074,7487921.0,aggregate,,,,,
1,Class_Balanced_15,XGBoost,15,,,,,,,,,,per_class,Backdoor,1.0,0.9650521152667075,0.9822152886115445,1631.0
1,Class_Balanced_15,XGBoost,15,,,,,,,,,,per_class,DDoS_HTTP,0.9795918367346939,0.9656804733727811,0.9725864123957092,1690.0
1,Class_Balanced_15,XGBoost,15,,,,,,,,,,per_class,DDoS_ICMP,0.9960070984915705,0.9960070984915705,0.9960070984915705,2254.0
1,Class_Balanced_15,XGBoost,15,,,,,,,,,,per_class,DDoS_TCP,1.0,1.0,1.0,1639.0
1,Class_Balanced_15,XGBoost,15,,,,,,,,,,per_class,DDoS_UDP,0.9987080103359173,0.9995689655172414,0.9991383024558379,2320.0
1,Class_Balanced_15,XGBoost,15,,,,,,,,,,per_class,Fingerprinting,0.9558823529411765,0.8125,0.8783783783783784,160.0
1,Class_Balanced_15,XGBoost,15,,,,,,,,,,per_class,MITM,1.0,1.0,1.0,64.0
1,Class_Balanced_15,XGBoost,15,,,,,,,,,,per_class,Normal,1.0,1.0,1.0,3888.0
1,Class_Balanced_15,XGBoost,15,,,,,,,,,,per_class,Password,0.963573883161512,0.8773466833541927,0.9184408778250902,1598.0
1,Class_Balanced_15,XGBoost,15,,,,,,,,,,per_class,Port_Scanning,1.0,0.8821339950372209,0.937376400791035,1612.0
1,Class_Balanced_15,XGBoost,15,,,,,,,,,,per_class,Ransomware,0.8666336142786316,1.0,0.9285524568393093,1748.0
1,Class_Balanced_15,XGBoost,15,,,,,,,,,,per_class,SQL_injection,0.9157175398633257,0.9745454545454545,0.9442160892542573,1650.0
1,Class_Balanced_15,XGBoost,15,,,,,,,,,,per_class,Uploading,0.9702380952380952,0.9920876445526476,0.9810412278061993,1643.0
1,Class_Balanced_15,XGBoost,15,,,,,,,,,,per_class,Vulnerability_scanner,0.9937616968184654,0.9882133995037221,0.9909797822706066,1612.0
1,Class_Balanced_15,XGBoost,15,,,,,,,,,,per_class,XSS,0.9689403166869671,0.9888129272840274,0.9787757613042141,1609.0
1,Class_Balanced_15,Random_Forest,15,0.9683892029620192,0.9374843418259349,0.9729587896439411,0.9679082433146922,0.9658071708593786,19.377527224000005,0.753419851000217,0.029995216617573733,188180039.0,aggregate,,,,,
1,Class_Balanced_15,Random_Forest,15,,,,,,,,,,per_class,Backdoor,1.0,0.9650521152667075,0.9822152886115445,1631.0
1,Class_Balanced_15,Random_Forest,15,,,,,,,,,,per_class,DDoS_HTTP,0.9732779097387173,0.9698224852071006,0.971547125074096,1690.0
1,Class_Balanced_15,Random_Forest,15,,,,,,,,,,per_class,DDoS_ICMP,1.0,1.0,1.0,2254.0
1,Class_Balanced_15,Random_Forest,15,,,,,,,,,,per_class,DDoS_TCP,1.0,1.0,1.0,1639.0
1,Class_Balanced_15,Random_Forest,15,,,,,,,,,,per_class,DDoS_UDP,1.0,1.0,1.0,2320.0
1,Class_Balanced_15,Random_Forest,15,,,,,,,,,,per_class,Fingerprinting,0.2644628099173554,1.0,0.41830065359477125,160.0
1,Class_Balanced_15,Random_Forest,15,,,,,,,,,,per_class,MITM,1.0,1.0,1.0,64.0
1,Class_Balanced_15,Random_Forest,15,,,,,,,,,,per_class,Normal,1.0,1.0,1.0,3888.0
1,Class_Balanced_15,Random_Forest,15,,,,,,,,,,per_class,Password,0.9604365620736699,0.8811013767209012,0.9190600522193211,1598.0
1,Class_Balanced_15,Random_Forest,15,,,,,,,,,,per_class,Port_Scanning,1.0,0.8821339950372209,0.937376400791035,1612.0
1,Class_Balanced_15,Random_Forest,15,,,,,,,,,,per_class,Ransomware,1.0,0.8867276887871853,0.939963614311704,1748.0
1,Class_Balanced_15,Random_Forest,15,,,,,,,,,,per_class,SQL_injection,0.9182389937106918,0.9733333333333334,0.9449838187702265,1650.0
1,Class_Balanced_15,Random_Forest,15,,,,,,,,,,per_class,Uploading,0.970763723150358,0.9902617163724894,0.980415787887918,1643.0
1,Class_Balanced_15,Random_Forest,15,,,,,,,,,,per_class,Vulnerability_scanner,0.9937578027465668,0.9875930521091811,0.9906658369632856,1612.0
1,Class_Balanced_15,Random_Forest,15,,,,,,,,,,per_class,XSS,0.9729230769230769,0.9825978868862648,0.9777365491651206,1609.0
1,Class_Balanced_15,Linear_Logistic_SGD,15,0.36499721315391354,0.2619116833767543,0.2701613457323402,0.29007615026769723,0.33540845108902295,48.21510100500018,0.05209020900019823,0.002073819929938619,7605.0,aggregate,,,,,
1,Class_Balanced_15,Linear_Logistic_SGD,15,,,,,,,,,,per_class,Backdoor,0.017937219730941704,0.002452483139178418,0.004314994606256742,1631.0
1,Class_Balanced_15,Linear_Logistic_SGD,15,,,,,,,,,,per_class,DDoS_HTTP,0.2922636103151863,0.06035502958579882,0.1000490436488475,1690.0
1,Class_Balanced_15,Linear_Logistic_SGD,15,,,,,,,,,,per_class,DDoS_ICMP,0.757408683666437,0.9751552795031055,0.8525989138867338,2254.0
1,Class_Balanced_15,Linear_Logistic_SGD,15,,,,,,,,,,per_class,DDoS_TCP,0.013071895424836602,0.0012202562538133007,0.002232142857142857,1639.0
1,Class_Balanced_15,Linear_Logistic_SGD,15,,,,,,,,,,per_class,DDoS_UDP,0.979539641943734,0.9905172413793103,0.9849978568366909,2320.0
1,Class_Balanced_15,Linear_Logistic_SGD,15,,,,,,,,,,per_class,Fingerprinting,0.8909090909090909,0.6125,0.7259259259259259,160.0
1,Class_Balanced_15,Linear_Logistic_SGD,15,,,,,,,,,,per_class,MITM,1.0,0.203125,0.33766233766233766,64.0
1,Class_Balanced_15,Linear_Logistic_SGD,15,,,,,,,,,,per_class,Normal,0.21004982379389964,0.8891460905349794,0.3398210950555392,3888.0
1,Class_Balanced_15,Linear_Logistic_SGD,15,,,,,,,,,,per_class,Password,0.0,0.0,0.0,1598.0
1,Class_Balanced_15,Linear_Logistic_SGD,15,,,,,,,,,,per_class,Port_Scanning,0.4064486830154405,0.5552109181141439,0.46932354483481914,1612.0
1,Class_Balanced_15,Linear_Logistic_SGD,15,,,,,,,,,,per_class,Ransomware,0.0,0.0,0.0,1748.0
1,Class_Balanced_15,Linear_Logistic_SGD,15,,,,,,,,,,per_class,SQL_injection,0.23255813953488372,0.006060606060606061,0.011813349084465446,1650.0
1,Class_Balanced_15,Linear_Logistic_SGD,15,,,,,,,,,,per_class,Uploading,0.5027932960893855,0.054777845404747415,0.09879253567508232,1643.0
1,Class_Balanced_15,Linear_Logistic_SGD,15,,,,,,,,,,per_class,Vulnerability_scanner,0.0,0.0,0.0,1612.0
1,Class_Balanced_15,Linear_Logistic_SGD,15,,,,,,,,,,per_class,XSS,0.007142857142857143,0.0006215040397762585,0.0011435105774728414,1609.0
1,Stable_Balanced_Core,XGBoost,14,0.9759534994824429,0.9683537796387862,0.9759094653329841,0.963987937479184,0.9738984844260171,34.26144330199986,0.6854317950001132,0.02728847022056347,7017512.0,aggregate,,,,,
1,Stable_Balanced_Core,XGBoost,14,,,,,,,,,,per_class,Backdoor,1.0,0.9650521152667075,0.9822152886115445,1631.0
1,Stable_Balanced_Core,XGBoost,14,,,,,,,,,,per_class,DDoS_HTTP,0.9896593673965937,0.9627218934911242,0.9760047990401919,1690.0
1,Stable_Balanced_Core,XGBoost,14,,,,,,,,,,per_class,DDoS_ICMP,0.9960070984915705,0.9960070984915705,0.9960070984915705,2254.0
1,Stable_Balanced_Core,XGBoost,14,,,,,,,,,,per_class,DDoS_TCP,1.0,1.0,1.0,1639.0
1,Stable_Balanced_Core,XGBoost,14,,,,,,,,,,per_class,DDoS_UDP,0.9987080103359173,0.9995689655172414,0.9991383024558379,2320.0
1,Stable_Balanced_Core,XGBoost,14,,,,,,,,,,per_class,Fingerprinting,0.9558823529411765,0.8125,0.8783783783783784,160.0
1,Stable_Balanced_Core,XGBoost,14,,,,,,,,,,per_class,MITM,1.0,1.0,1.0,64.0
1,Stable_Balanced_Core,XGBoost,14,,,,,,,,,,per_class,Normal,1.0,1.0,1.0,3888.0
1,Stable_Balanced_Core,XGBoost,14,,,,,,,,,,per_class,Password,0.9762735519888346,0.8754693366708386,0.9231276806334543,1598.0
1,Stable_Balanced_Core,XGBoost,14,,,,,,,,,,per_class,Port_Scanning,1.0,0.8821339950372209,0.937376400791035,1612.0
1,Stable_Balanced_Core,XGBoost,14,,,,,,,,,,per_class,Ransomware,0.8666336142786316,1.0,0.9285524568393093,1748.0
1,Stable_Balanced_Core,XGBoost,14,,,,,,,,,,per_class,SQL_injection,0.9139482564679415,0.9848484848484849,0.9480746791131855,1650.0
1,Stable_Balanced_Core,XGBoost,14,,,,,,,,,,per_class,Uploading,0.9714285714285714,0.9933049300060864,0.9822449593740595,1643.0
1,Stable_Balanced_Core,XGBoost,14,,,,,,,,,,per_class,Vulnerability_scanner,0.9943855271366189,0.988833746898263,0.9916018662519439,1612.0
1,Stable_Balanced_Core,XGBoost,14,,,,,,,,,,per_class,XSS,0.9663461538461539,0.9993784959602238,0.9825847846012832,1609.0
1,Stable_Balanced_Core,Random_Forest,14,0.9665180348753881,0.9356046778818563,0.9711234174976462,0.9660182929616112,0.9637521244890762,18.822473378000723,0.6526764310001454,0.025984410820931024,168586569.0,aggregate,,,,,
1,Stable_Balanced_Core,Random_Forest,14,,,,,,,,,,per_class,Backdoor,1.0,0.9650521152667075,0.9822152886115445,1631.0
1,Stable_Balanced_Core,Random_Forest,14,,,,,,,,,,per_class,DDoS_HTTP,0.9656804733727811,0.9656804733727811,0.9656804733727811,1690.0
1,Stable_Balanced_Core,Random_Forest,14,,,,,,,,,,per_class,DDoS_ICMP,1.0,1.0,1.0,2254.0
1,Stable_Balanced_Core,Random_Forest,14,,,,,,,,,,per_class,DDoS_TCP,1.0,1.0,1.0,1639.0
1,Stable_Balanced_Core,Random_Forest,14,,,,,,,,,,per_class,DDoS_UDP,1.0,1.0,1.0,2320.0
1,Stable_Balanced_Core,Random_Forest,14,,,,,,,,,,per_class,Fingerprinting,0.2644628099173554,1.0,0.41830065359477125,160.0
1,Stable_Balanced_Core,Random_Forest,14,,,,,,,,,,per_class,MITM,1.0,1.0,1.0,64.0
1,Stable_Balanced_Core,Random_Forest,14,,,,,,,,,,per_class,Normal,1.0,1.0,1.0,3888.0
1,Stable_Balanced_Core,Random_Forest,14,,,,,,,,,,per_class,Password,0.9349112426035503,0.8898623279098874,0.9118307149727476,1598.0
1,Stable_Balanced_Core,Random_Forest,14,,,,,,,,,,per_class,Port_Scanning,1.0,0.8821339950372209,0.937376400791035,1612.0
1,Stable_Balanced_Core,Random_Forest,14,,,,,,,,,,per_class,Ransomware,1.0,0.8867276887871853,0.939963614311704,1748.0
1,Stable_Balanced_Core,Random_Forest,14,,,,,,,,,,per_class,SQL_injection,0.923481308411215,0.9581818181818181,0.9405116002379537,1650.0
1,Stable_Balanced_Core,Random_Forest,14,,,,,,,,,,per_class,Uploading,0.9716525934861279,0.9805234327449787,0.9760678582247804,1643.0
1,Stable_Balanced_Core,Random_Forest,14,,,,,,,,,,per_class,Vulnerability_scanner,0.9888129272840274,0.9869727047146402,0.9878919590189381,1612.0
1,Stable_Balanced_Core,Random_Forest,14,,,,,,,,,,per_class,XSS,0.9733250620347395,0.9751398384089497,0.9742316050915865,1609.0
1,Stable_Balanced_Core,Linear_Logistic_SGD,14,0.3017756190779521,0.2905378540034673,0.25667503671284897,0.33188248045619984,0.3129040258029746,46.49490571499973,0.049413669999921694,0.0019672613265356194,7443.0,aggregate,,,,,
1,Stable_Balanced_Core,Linear_Logistic_SGD,14,,,,,,,,,,per_class,Backdoor,0.0,0.0,0.0,1631.0
1,Stable_Balanced_Core,Linear_Logistic_SGD,14,,,,,,,,,,per_class,DDoS_HTTP,0.08463989802421924,0.7857988165680473,0.152819332566168,1690.0
1,Stable_Balanced_Core,Linear_Logistic_SGD,14,,,,,,,,,,per_class,DDoS_ICMP,0.7356091030789826,0.9751552795031055,0.8386112170927128,2254.0
1,Stable_Balanced_Core,Linear_Logistic_SGD,14,,,,,,,,,,per_class,DDoS_TCP,0.0,0.0,0.0,1639.0
1,Stable_Balanced_Core,Linear_Logistic_SGD,14,,,,,,,,,,per_class,DDoS_UDP,0.9796782387806944,0.9974137931034482,0.9884664673216573,2320.0
1,Stable_Balanced_Core,Linear_Logistic_SGD,14,,,,,,,,,,per_class,Fingerprinting,0.849624060150376,0.70625,0.7713310580204779,160.0
1,Stable_Balanced_Core,Linear_Logistic_SGD,14,,,,,,,,,,per_class,MITM,1.0,0.78125,0.8771929824561403,64.0
1,Stable_Balanced_Core,Linear_Logistic_SGD,14,,,,,,,,,,per_class,Normal,0.7899649941656943,0.1741255144032922,0.28535300316122236,3888.0
1,Stable_Balanced_Core,Linear_Logistic_SGD,14,,,,,,,,,,per_class,Password,0.0,0.0,0.0,1598.0
1,Stable_Balanced_Core,Linear_Logistic_SGD,14,,,,,,,,,,per_class,Port_Scanning,0.36205501618122976,0.5552109181141439,0.43829578844270317,1612.0
1,Stable_Balanced_Core,Linear_Logistic_SGD,14,,,,,,,,,,per_class,Ransomware,0.0,0.0,0.0,1748.0
1,Stable_Balanced_Core,Linear_Logistic_SGD,14,,,,,,,,,,per_class,SQL_injection,0.4444444444444444,0.0024242424242424242,0.004822182037371911,1650.0
1,Stable_Balanced_Core,Linear_Logistic_SGD,14,,,,,,,,,,per_class,Uploading,0.017241379310344827,0.0006086427267194157,0.0011757789535567313,1643.0
1,Stable_Balanced_Core,Linear_Logistic_SGD,14,,,,,,,,,,per_class,Vulnerability_scanner,0.0,0.0,0.0,1612.0
1,Stable_Balanced_Core,Linear_Logistic_SGD,14,,,,,,,,,,per_class,XSS,0.0,0.0,0.0,1609.0
1,Stable_Minority_Only,XGBoost,14,0.9508718847041961,0.943093302885993,0.950776157234173,0.93939792123083,0.9464878522750476,32.32245845500074,0.8168147349997525,0.03251909925152291,8650321.0,aggregate,,,,,
1,Stable_Minority_Only,XGBoost,14,,,,,,,,,,per_class,Backdoor,1.0,0.9650521152667075,0.9822152886115445,1631.0
1,Stable_Minority_Only,XGBoost,14,,,,,,,,,,per_class,DDoS_HTTP,0.8303416328894035,0.8485207100591716,0.839332748024583,1690.0
1,Stable_Minority_Only,XGBoost,14,,,,,,,,,,per_class,DDoS_ICMP,0.9959946595460614,0.9929015084294588,0.9944456787380582,2254.0
1,Stable_Minority_Only,XGBoost,14,,,,,,,,,,per_class,DDoS_TCP,1.0,1.0,1.0,1639.0
1,Stable_Minority_Only,XGBoost,14,,,,,,,,,,per_class,DDoS_UDP,0.9957026214009455,0.9987068965517242,0.9972024962341295,2320.0
1,Stable_Minority_Only,XGBoost,14,,,,,,,,,,per_class,Fingerprinting,0.9558823529411765,0.8125,0.8783783783783784,160.0
1,Stable_Minority_Only,XGBoost,14,,,,,,,,,,per_class,MITM,1.0,1.0,1.0,64.0
1,Stable_Minority_Only,XGBoost,14,,,,,,,,,,per_class,Normal,1.0,0.9945987654320988,0.9972920696324952,3888.0
1,Stable_Minority_Only,XGBoost,14,,,,,,,,,,per_class,Password,0.9348298334540188,0.8078848560700876,0.8667338032896945,1598.0
1,Stable_Minority_Only,XGBoost,14,,,,,,,,,,per_class,Port_Scanning,0.9220701963117193,0.9615384615384616,0.9413908290312786,1612.0
1,Stable_Minority_Only,XGBoost,14,,,,,,,,,,per_class,Ransomware,0.9331836047164515,0.9508009153318078,0.9419098894871069,1748.0
1,Stable_Minority_Only,XGBoost,14,,,,,,,,,,per_class,SQL_injection,0.8789131718842291,0.9018181818181819,0.8902183667364643,1650.0
1,Stable_Minority_Only,XGBoost,14,,,,,,,,,,per_class,Uploading,0.938685208596713,0.9038344491783323,0.9209302325581395,1643.0
1,Stable_Minority_Only,XGBoost,14,,,,,,,,,,per_class,Vulnerability_scanner,0.9788293897882939,0.9751861042183623,0.9770043505282785,1612.0
1,Stable_Minority_Only,XGBoost,14,,,,,,,,,,per_class,XSS,0.8676227247655819,0.9776258545680547,0.9193454120397428,1609.0
1,Stable_Minority_Only,Random_Forest,14,0.9409984871406959,0.9121436395527901,0.9437480842493818,0.9380754639874128,0.935822227400002,22.76019426199946,0.7419258039999477,0.029537614618996243,405315188.0,aggregate,,,,,
1,Stable_Minority_Only,Random_Forest,14,,,,,,,,,,per_class,Backdoor,1.0,0.9650521152667075,0.9822152886115445,1631.0
1,Stable_Minority_Only,Random_Forest,14,,,,,,,,,,per_class,DDoS_HTTP,0.8353884093711468,0.8017751479289941,0.8182367149758454,1690.0
1,Stable_Minority_Only,Random_Forest,14,,,,,,,,,,per_class,DDoS_ICMP,1.0,1.0,1.0,2254.0
1,Stable_Minority_Only,Random_Forest,14,,,,,,,,,,per_class,DDoS_TCP,1.0,1.0,1.0,1639.0
1,Stable_Minority_Only,Random_Forest,14,,,,,,,,,,per_class,DDoS_UDP,1.0,0.9995689655172414,0.999784436300927,2320.0
1,Stable_Minority_Only,Random_Forest,14,,,,,,,,,,per_class,Fingerprinting,0.326226012793177,0.95625,0.48648648648648646,160.0
1,Stable_Minority_Only,Random_Forest,14,,,,,,,,,,per_class,MITM,1.0,1.0,1.0,64.0
1,Stable_Minority_Only,Random_Forest,14,,,,,,,,,,per_class,Normal,1.0,0.9945987654320988,0.9972920696324952,3888.0
1,Stable_Minority_Only,Random_Forest,14,,,,,,,,,,per_class,Password,0.8713259307642064,0.8347934918648311,0.8526685842122085,1598.0
1,Stable_Minority_Only,Random_Forest,14,,,,,,,,,,per_class,Port_Scanning,0.9525316455696202,0.9336228287841191,0.9429824561403508,1612.0
1,Stable_Minority_Only,Random_Forest,14,,,,,,,,,,per_class,Ransomware,1.0,0.8867276887871853,0.939963614311704,1748.0
1,Stable_Minority_Only,Random_Forest,14,,,,,,,,,,per_class,SQL_injection,0.8495475113122172,0.9103030303030303,0.8788765359859567,1650.0
1,Stable_Minority_Only,Random_Forest,14,,,,,,,,,,per_class,Uploading,0.9137717121588089,0.8965307364576993,0.9050691244239631,1643.0
1,Stable_Minority_Only,Random_Forest,14,,,,,,,,,,per_class,Vulnerability_scanner,0.9769470404984424,0.9727047146401985,0.974821262045384,1612.0
1,Stable_Minority_Only,Random_Forest,14,,,,,,,,,,per_class,XSS,0.8888221153846154,0.9192044748290864,0.9037580201649862,1609.0
1,Stable_Minority_Only,Linear_Logistic_SGD,14,0.21582132335377022,0.2311502720134948,0.1816697720509869,0.2786384798201293,0.24013356021129428,43.51851812899986,0.03587307799989503,0.0014281821004815285,6699.0,aggregate,,,,,
1,Stable_Minority_Only,Linear_Logistic_SGD,14,,,,,,,,,,per_class,Backdoor,0.0,0.0,0.0,1631.0
1,Stable_Minority_Only,Linear_Logistic_SGD,14,,,,,,,,,,per_class,DDoS_HTTP,0.0,0.0,0.0,1690.0
1,Stable_Minority_Only,Linear_Logistic_SGD,14,,,,,,,,,,per_class,DDoS_ICMP,0.9990680335507922,0.9511978704525288,0.9745454545454546,2254.0
1,Stable_Minority_Only,Linear_Logistic_SGD,14,,,,,,,,,,per_class,DDoS_TCP,0.0,0.0,0.0,1639.0
1,Stable_Minority_Only,Linear_Logistic_SGD,14,,,,,,,,,,per_class,DDoS_UDP,0.9700854700854701,0.0978448275862069,0.17776037588097104,2320.0
1,Stable_Minority_Only,Linear_Logistic_SGD,14,,,,,,,,,,per_class,Fingerprinting,0.4744897959183674,0.58125,0.5224719101123596,160.0
1,Stable_Minority_Only,Linear_Logistic_SGD,14,,,,,,,,,,per_class,MITM,1.0,0.9375,0.967741935483871,64.0
1,Stable_Minority_Only,Linear_Logistic_SGD,14,,,,,,,,,,per_class,Normal,0.5139720558882236,0.1324588477366255,0.21063394683026582,3888.0
1,Stable_Minority_Only,Linear_Logistic_SGD,14,,,,,,,,,,per_class,Password,0.0,0.0,0.0,1598.0
1,Stable_Minority_Only,Linear_Logistic_SGD,14,,,,,,,,,,per_class,Port_Scanning,0.40188594521778176,0.5552109181141439,0.46626725709820266,1612.0
1,Stable_Minority_Only,Linear_Logistic_SGD,14,,,,,,,,,,per_class,Ransomware,0.0,0.0,0.0,1748.0
1,Stable_Minority_Only,Linear_Logistic_SGD,14,,,,,,,,,,per_class,SQL_injection,0.05,0.0024242424242424242,0.004624277456647399,1650.0
1,Stable_Minority_Only,Linear_Logistic_SGD,14,,,,,,,,,,per_class,Uploading,0.0,0.0,0.0,1643.0
1,Stable_Minority_Only,Linear_Logistic_SGD,14,,,,,,,,,,per_class,Vulnerability_scanner,0.0,0.0,0.0,1612.0
1,Stable_Minority_Only,Linear_Logistic_SGD,14,,,,,,,,,,per_class,XSS,0.07763584964925138,0.9216904909881914,0.14320892279465017,1609.0
1,CS_SHAP_Union,XGBoost,18,0.9775459829604268,0.9696218036327066,0.9774369334816685,0.9655411632169439,0.9755497817558715,33.334216355000535,0.6994406979993073,0.027846193884835866,7154887.0,aggregate,,,,,
1,CS_SHAP_Union,XGBoost,18,,,,,,,,,,per_class,Backdoor,1.0,0.9650521152667075,0.9822152886115445,1631.0
1,CS_SHAP_Union,XGBoost,18,,,,,,,,,,per_class,DDoS_HTTP,0.9890643985419199,0.9633136094674556,0.9760191846522782,1690.0
1,CS_SHAP_Union,XGBoost,18,,,,,,,,,,per_class,DDoS_ICMP,0.9955654101995566,0.9960070984915705,0.9957862053670437,2254.0
1,CS_SHAP_Union,XGBoost,18,,,,,,,,,,per_class,DDoS_TCP,1.0,1.0,1.0,1639.0
1,CS_SHAP_Union,XGBoost,18,,,,,,,,,,per_class,DDoS_UDP,0.9987080103359173,0.9995689655172414,0.9991383024558379,2320.0
1,CS_SHAP_Union,XGBoost,18,,,,,,,,,,per_class,Fingerprinting,0.9555555555555556,0.80625,0.8745762711864408,160.0
1,CS_SHAP_Union,XGBoost,18,,,,,,,,,,per_class,MITM,1.0,1.0,1.0,64.0
1,CS_SHAP_Union,XGBoost,18,,,,,,,,,,per_class,Normal,1.0,1.0,1.0,3888.0
1,CS_SHAP_Union,XGBoost,18,,,,,,,,,,per_class,Password,0.9762569832402235,0.8748435544430538,0.9227722772277228,1598.0
1,CS_SHAP_Union,XGBoost,18,,,,,,,,,,per_class,Port_Scanning,0.9270334928229665,0.9615384615384616,0.9439707673568819,1612.0
1,CS_SHAP_Union,XGBoost,18,,,,,,,,,,per_class,Ransomware,0.9405772495755518,0.9508009153318078,0.9456614509246088,1748.0
1,CS_SHAP_Union,XGBoost,18,,,,,,,,,,per_class,SQL_injection,0.9145106861642295,0.9854545454545455,0.9486581096849476,1650.0
1,CS_SHAP_Union,XGBoost,18,,,,,,,,,,per_class,Uploading,0.9702558001189768,0.992696287279367,0.9813477737665464,1643.0
1,CS_SHAP_Union,XGBoost,18,,,,,,,,,,per_class,Vulnerability_scanner,0.9950031230480949,0.9882133995037221,0.9915966386554622,1612.0
1,CS_SHAP_Union,XGBoost,18,,,,,,,,,,per_class,XSS,0.9663461538461539,0.9993784959602238,0.9825847846012832,1609.0
1,CS_SHAP_Union,Random_Forest,18,0.969703001831356,0.9415497354378809,0.9723126430869277,0.9666968968967428,0.9670908466563061,18.111805106000247,0.8631344909999825,0.03436318540488823,170906820.0,aggregate,,,,,
1,CS_SHAP_Union,Random_Forest,18,,,,,,,,,,per_class,Backdoor,1.0,0.9650521152667075,0.9822152886115445,1631.0
1,CS_SHAP_Union,Random_Forest,18,,,,,,,,,,per_class,DDoS_HTTP,0.9656804733727811,0.9656804733727811,0.9656804733727811,1690.0
1,CS_SHAP_Union,Random_Forest,18,,,,,,,,,,per_class,DDoS_ICMP,1.0,1.0,1.0,2254.0
1,CS_SHAP_Union,Random_Forest,18,,,,,,,,,,per_class,DDoS_TCP,1.0,1.0,1.0,1639.0
1,CS_SHAP_Union,Random_Forest,18,,,,,,,,,,per_class,DDoS_UDP,1.0,1.0,1.0,2320.0
1,CS_SHAP_Union,Random_Forest,18,,,,,,,,,,per_class,Fingerprinting,0.3355263157894737,0.95625,0.4967532467532467,160.0
1,CS_SHAP_Union,Random_Forest,18,,,,,,,,,,per_class,MITM,1.0,1.0,1.0,64.0
1,CS_SHAP_Union,Random_Forest,18,,,,,,,,,,per_class,Normal,1.0,1.0,1.0,3888.0
1,CS_SHAP_Union,Random_Forest,18,,,,,,,,,,per_class,Password,0.9368005266622779,0.890488110137672,0.9130574270131537,1598.0
1,CS_SHAP_Union,Random_Forest,18,,,,,,,,,,per_class,Port_Scanning,0.9579885423297263,0.9336228287841191,0.9456487590323593,1612.0
1,CS_SHAP_Union,Random_Forest,18,,,,,,,,,,per_class,Ransomware,1.0,0.8867276887871853,0.939963614311704,1748.0
1,CS_SHAP_Union,Random_Forest,18,,,,,,,,,,per_class,SQL_injection,0.924198250728863,0.9606060606060606,0.9420505200594352,1650.0
1,CS_SHAP_Union,Random_Forest,18,,,,,,,,,,per_class,Uploading,0.971635485817743,0.9799147900182593,0.9757575757575758,1643.0
1,CS_SHAP_Union,Random_Forest,18,,,,,,,,,,per_class,Vulnerability_scanner,0.9888198757763975,0.9875930521091811,0.9882060831781503,1612.0
1,CS_SHAP_Union,Random_Forest,18,,,,,,,,,,per_class,XSS,0.973308504034761,0.9745183343691733,0.9739130434782608,1609.0
1,CS_SHAP_Union,Linear_Logistic_SGD,18,0.2985508400350346,0.2898220801481469,0.25601136015621423,0.3294627204235598,0.30834448247487123,43.58222339799977,0.049689569999827654,0.0019782454813212697,8105.0,aggregate,,,,,
1,CS_SHAP_Union,Linear_Logistic_SGD,18,,,,,,,,,,per_class,Backdoor,0.0,0.0,0.0,1631.0
1,CS_SHAP_Union,Linear_Logistic_SGD,18,,,,,,,,,,per_class,DDoS_HTTP,0.08463989802421924,0.7857988165680473,0.152819332566168,1690.0
1,CS_SHAP_Union,Linear_Logistic_SGD,18,,,,,,,,,,per_class,DDoS_ICMP,0.7283993115318417,0.9387755102040817,0.8203140143438651,2254.0
1,CS_SHAP_Union,Linear_Logistic_SGD,18,,,,,,,,,,per_class,DDoS_TCP,0.0,0.0,0.0,1639.0
1,CS_SHAP_Union,Linear_Logistic_SGD,18,,,,,,,,,,per_class,DDoS_UDP,0.9995678478824547,0.9969827586206896,0.9982736296935693,2320.0
1,CS_SHAP_Union,Linear_Logistic_SGD,18,,,,,,,,,,per_class,Fingerprinting,0.8432835820895522,0.70625,0.7687074829931972,160.0
1,CS_SHAP_Union,Linear_Logistic_SGD,18,,,,,,,,,,per_class,MITM,1.0,0.78125,0.8771929824561403,64.0
1,CS_SHAP_Union,Linear_Logistic_SGD,18,,,,,,,,,,per_class,Normal,0.7904540162980209,0.17463991769547324,0.2860754160522435,3888.0
1,CS_SHAP_Union,Linear_Logistic_SGD,18,,,,,,,,,,per_class,Password,0.0,0.0,0.0,1598.0
1,CS_SHAP_Union,Linear_Logistic_SGD,18,,,,,,,,,,per_class,Port_Scanning,0.36205501618122976,0.5552109181141439,0.43829578844270317,1612.0
1,CS_SHAP_Union,Linear_Logistic_SGD,18,,,,,,,,,,per_class,Ransomware,0.0,0.0,0.0,1748.0
1,CS_SHAP_Union,Linear_Logistic_SGD,18,,,,,,,,,,per_class,SQL_injection,0.029197080291970802,0.0024242424242424242,0.004476776720761052,1650.0
1,CS_SHAP_Union,Linear_Logistic_SGD,18,,,,,,,,,,per_class,Uploading,0.017241379310344827,0.0006086427267194157,0.0011757789535567313,1643.0
1,CS_SHAP_Union,Linear_Logistic_SGD,18,,,,,,,,,,per_class,Vulnerability_scanner,0.0,0.0,0.0,1612.0
1,CS_SHAP_Union,Linear_Logistic_SGD,18,,,,,,,,,,per_class,XSS,0.0,0.0,0.0,1609.0
1,Mutual_Information_19,XGBoost,19,0.9748785731348037,0.9672537898998927,0.9748352488456588,0.9628698655493723,0.972717730802934,37.07415021599991,0.6777427889992396,0.026982354845100708,7410644.0,aggregate,,,,,
1,Mutual_Information_19,XGBoost,19,,,,,,,,,,per_class,Backdoor,1.0,0.9650521152667075,0.9822152886115445,1631.0
1,Mutual_Information_19,XGBoost,19,,,,,,,,,,per_class,DDoS_HTTP,0.9784172661870504,0.9656804733727811,0.9720071471113759,1690.0
1,Mutual_Information_19,XGBoost,19,,,,,,,,,,per_class,DDoS_ICMP,0.9960070984915705,0.9960070984915705,0.9960070984915705,2254.0
1,Mutual_Information_19,XGBoost,19,,,,,,,,,,per_class,DDoS_TCP,1.0,1.0,1.0,1639.0
1,Mutual_Information_19,XGBoost,19,,,,,,,,,,per_class,DDoS_UDP,0.9987080103359173,0.9995689655172414,0.9991383024558379,2320.0
1,Mutual_Information_19,XGBoost,19,,,,,,,,,,per_class,Fingerprinting,0.9558823529411765,0.8125,0.8783783783783784,160.0
1,Mutual_Information_19,XGBoost,19,,,,,,,,,,per_class,MITM,1.0,1.0,1.0,64.0
1,Mutual_Information_19,XGBoost,19,,,,,,,,,,per_class,Normal,1.0,1.0,1.0,3888.0
1,Mutual_Information_19,XGBoost,19,,,,,,,,,,per_class,Password,0.9687933425797504,0.8742177722152691,0.919078947368421,1598.0
1,Mutual_Information_19,XGBoost,19,,,,,,,,,,per_class,Port_Scanning,1.0,0.8821339950372209,0.937376400791035,1612.0
1,Mutual_Information_19,XGBoost,19,,,,,,,,,,per_class,Ransomware,0.8666336142786316,1.0,0.9285524568393093,1748.0
1,Mutual_Information_19,XGBoost,19,,,,,,,,,,per_class,SQL_injection,0.9145444255800792,0.9793939393939394,0.9458589405911618,1650.0
1,Mutual_Information_19,XGBoost,19,,,,,,,,,,per_class,Uploading,0.9690844233055886,0.9920876445526476,0.9804511278195489,1643.0
1,Mutual_Information_19,XGBoost,19,,,,,,,,,,per_class,Vulnerability_scanner,0.9937578027465668,0.9875930521091811,0.9906658369632856,1612.0
1,Mutual_Information_19,XGBoost,19,,,,,,,,,,per_class,XSS,0.9695307739183425,0.9888129272840274,0.9790769230769231,1609.0
1,Mutual_Information_19,Random_Forest,19,0.9684290150489688,0.9375243379300372,0.972995735804645,0.9679430828855363,0.9658525190970048,19.231372241999452,0.6647831660002339,0.026466405207430287,188286862.0,aggregate,,,,,
1,Mutual_Information_19,Random_Forest,19,,,,,,,,,,per_class,Backdoor,1.0,0.9650521152667075,0.9822152886115445,1631.0
1,Mutual_Information_19,Random_Forest,19,,,,,,,,,,per_class,DDoS_HTTP,0.9709887507400828,0.9704142011834319,0.9707013909440662,1690.0
1,Mutual_Information_19,Random_Forest,19,,,,,,,,,,per_class,DDoS_ICMP,1.0,1.0,1.0,2254.0
1,Mutual_Information_19,Random_Forest,19,,,,,,,,,,per_class,DDoS_TCP,1.0,1.0,1.0,1639.0
1,Mutual_Information_19,Random_Forest,19,,,,,,,,,,per_class,DDoS_UDP,1.0,1.0,1.0,2320.0
1,Mutual_Information_19,Random_Forest,19,,,,,,,,,,per_class,Fingerprinting,0.2644628099173554,1.0,0.41830065359477125,160.0
1,Mutual_Information_19,Random_Forest,19,,,,,,,,,,per_class,MITM,1.0,1.0,1.0,64.0
1,Mutual_Information_19,Random_Forest,19,,,,,,,,,,per_class,Normal,1.0,1.0,1.0,3888.0
1,Mutual_Information_19,Random_Forest,19,,,,,,,,,,per_class,Password,0.9636986301369863,0.8804755944931164,0.920209287115762,1598.0
1,Mutual_Information_19,Random_Forest,19,,,,,,,,,,per_class,Port_Scanning,1.0,0.8821339950372209,0.937376400791035,1612.0
1,Mutual_Information_19,Random_Forest,19,,,,,,,,,,per_class,Ransomware,1.0,0.8867276887871853,0.939963614311704,1748.0
1,Mutual_Information_19,Random_Forest,19,,,,,,,,,,per_class,SQL_injection,0.9183323814962878,0.9745454545454545,0.9456042340488091,1650.0
1,Mutual_Information_19,Random_Forest,19,,,,,,,,,,per_class,Uploading,0.9702380952380952,0.9920876445526476,0.9810412278061993,1643.0
1,Mutual_Information_19,Random_Forest,19,,,,,,,,,,per_class,Vulnerability_scanner,0.9943644333124608,0.9851116625310173,0.9897164225615456,1612.0
1,Mutual_Information_19,Random_Forest,19,,,,,,,,,,per_class,XSS,0.9729230769230769,0.9825978868862648,0.9777365491651206,1609.0
1,Mutual_Information_19,Linear_Logistic_SGD,19,0.3657138307190063,0.26007463377193313,0.27039281201591725,0.2903145040268801,0.3366497536520959,49.03037726799994,0.06553546400027699,0.0026091035910612704,8597.0,aggregate,,,,,
1,Mutual_Information_19,Linear_Logistic_SGD,19,,,,,,,,,,per_class,Backdoor,0.017937219730941704,0.002452483139178418,0.004314994606256742,1631.0
1,Mutual_Information_19,Linear_Logistic_SGD,19,,,,,,,,,,per_class,DDoS_HTTP,0.2914285714285714,0.06035502958579882,0.1,1690.0
1,Mutual_Information_19,Linear_Logistic_SGD,19,,,,,,,,,,per_class,DDoS_ICMP,0.7568870523415978,0.9751552795031055,0.8522683210546723,2254.0
1,Mutual_Information_19,Linear_Logistic_SGD,19,,,,,,,,,,per_class,DDoS_TCP,0.013071895424836602,0.0012202562538133007,0.002232142857142857,1639.0
1,Mutual_Information_19,Linear_Logistic_SGD,19,,,,,,,,,,per_class,DDoS_UDP,0.9845758354755784,0.9905172413793103,0.9875376020627417,2320.0
1,Mutual_Information_19,Linear_Logistic_SGD,19,,,,,,,,,,per_class,Fingerprinting,0.8032786885245902,0.6125,0.6950354609929078,160.0
1,Mutual_Information_19,Linear_Logistic_SGD,19,,,,,,,,,,per_class,MITM,1.0,0.203125,0.33766233766233766,64.0
1,Mutual_Information_19,Linear_Logistic_SGD,19,,,,,,,,,,per_class,Normal,0.21105649614661084,0.8945473251028807,0.3415328718024255,3888.0
1,Mutual_Information_19,Linear_Logistic_SGD,19,,,,,,,,,,per_class,Password,0.0,0.0,0.0,1598.0
1,Mutual_Information_19,Linear_Logistic_SGD,19,,,,,,,,,,per_class,Port_Scanning,0.4103622191655204,0.5552109181141439,0.47192196150804117,1612.0
1,Mutual_Information_19,Linear_Logistic_SGD,19,,,,,,,,,,per_class,Ransomware,0.0,0.0,0.0,1748.0
1,Mutual_Information_19,Linear_Logistic_SGD,19,,,,,,,,,,per_class,SQL_injection,0.23255813953488372,0.006060606060606061,0.011813349084465446,1650.0
1,Mutual_Information_19,Linear_Logistic_SGD,19,,,,,,,,,,per_class,Uploading,0.4943181818181818,0.05295191722458917,0.09565695437053326,1643.0
1,Mutual_Information_19,Linear_Logistic_SGD,19,,,,,,,,,,per_class,Vulnerability_scanner,0.0,0.0,0.0,1612.0
1,Mutual_Information_19,Linear_Logistic_SGD,19,,,,,,,,,,per_class,XSS,0.007142857142857143,0.0006215040397762585,0.0011435105774728414,1609.0
1,Random_Forest_Importance_19,XGBoost,19,0.9745202643522574,0.9668912250499979,0.9744823324633723,0.9625041700612406,0.9723237247141854,37.23687387499922,0.6662388570002804,0.026524359304095885,7467282.0,aggregate,,,,,
1,Random_Forest_Importance_19,XGBoost,19,,,,,,,,,,per_class,Backdoor,1.0,0.9650521152667075,0.9822152886115445,1631.0
1,Random_Forest_Importance_19,XGBoost,19,,,,,,,,,,per_class,DDoS_HTTP,0.9772455089820359,0.9656804733727811,0.9714285714285714,1690.0
1,Random_Forest_Importance_19,XGBoost,19,,,,,,,,,,per_class,DDoS_ICMP,0.9960070984915705,0.9960070984915705,0.9960070984915705,2254.0
1,Random_Forest_Importance_19,XGBoost,19,,,,,,,,,,per_class,DDoS_TCP,1.0,1.0,1.0,1639.0
1,Random_Forest_Importance_19,XGBoost,19,,,,,,,,,,per_class,DDoS_UDP,0.9987080103359173,0.9995689655172414,0.9991383024558379,2320.0
1,Random_Forest_Importance_19,XGBoost,19,,,,,,,,,,per_class,Fingerprinting,0.9558823529411765,0.8125,0.8783783783783784,160.0
1,Random_Forest_Importance_19,XGBoost,19,,,,,,,,,,per_class,MITM,1.0,1.0,1.0,64.0
1,Random_Forest_Importance_19,XGBoost,19,,,,,,,,,,per_class,Normal,1.0,1.0,1.0,3888.0
1,Random_Forest_Importance_19,XGBoost,19,,,,,,,,,,per_class,Password,0.9641131815044859,0.8742177722152691,0.9169675090252708,1598.0
1,Random_Forest_Importance_19,XGBoost,19,,,,,,,,,,per_class,Port_Scanning,1.0,0.8821339950372209,0.937376400791035,1612.0
1,Random_Forest_Importance_19,XGBoost,19,,,,,,,,,,per_class,Ransomware,0.8666336142786316,1.0,0.9285524568393093,1748.0
1,Random_Forest_Importance_19,XGBoost,19,,,,,,,,,,per_class,SQL_injection,0.91316685584563,0.9751515151515151,0.9431418522860492,1650.0
1,Random_Forest_Importance_19,XGBoost,19,,,,,,,,,,per_class,Uploading,0.9702380952380952,0.9920876445526476,0.9810412278061993,1643.0
1,Random_Forest_Importance_19,XGBoost,19,,,,,,,,,,per_class,Vulnerability_scanner,0.9943785134291068,0.9875930521091811,0.9909741674447557,1612.0
1,Random_Forest_Importance_19,XGBoost,19,,,,,,,,,,per_class,XSS,0.9689024390243902,0.9875699192044748,0.9781471221914435,1609.0
1,Random_Forest_Importance_19,Random_Forest,19,0.9683892029620192,0.9374836073985221,0.9729556739154389,0.9679015721732023,0.9658089969944726,20.29682167899955,0.7783881889999975,0.03098925826100794,189701188.0,aggregate,,,,,
1,Random_Forest_Importance_19,Random_Forest,19,,,,,,,,,,per_class,Backdoor,1.0,0.9650521152667075,0.9822152886115445,1631.0
1,Random_Forest_Importance_19,Random_Forest,19,,,,,,,,,,per_class,DDoS_HTTP,0.9704142011834319,0.9704142011834319,0.9704142011834319,1690.0
1,Random_Forest_Importance_19,Random_Forest,19,,,,,,,,,,per_class,DDoS_ICMP,1.0,1.0,1.0,2254.0
1,Random_Forest_Importance_19,Random_Forest,19,,,,,,,,,,per_class,DDoS_TCP,1.0,1.0,1.0,1639.0
1,Random_Forest_Importance_19,Random_Forest,19,,,,,,,,,,per_class,DDoS_UDP,1.0,1.0,1.0,2320.0
1,Random_Forest_Importance_19,Random_Forest,19,,,,,,,,,,per_class,Fingerprinting,0.2644628099173554,1.0,0.41830065359477125,160.0
1,Random_Forest_Importance_19,Random_Forest,19,,,,,,,,,,per_class,MITM,1.0,1.0,1.0,64.0
1,Random_Forest_Importance_19,Random_Forest,19,,,,,,,,,,per_class,Normal,1.0,1.0,1.0,3888.0
1,Random_Forest_Importance_19,Random_Forest,19,,,,,,,,,,per_class,Password,0.9636986301369863,0.8804755944931164,0.920209287115762,1598.0
1,Random_Forest_Importance_19,Random_Forest,19,,,,,,,,,,per_class,Port_Scanning,1.0,0.8821339950372209,0.937376400791035,1612.0
1,Random_Forest_Importance_19,Random_Forest,19,,,,,,,,,,per_class,Ransomware,1.0,0.8867276887871853,0.939963614311704,1748.0
1,Random_Forest_Importance_19,Random_Forest,19,,,,,,,,,,per_class,SQL_injection,0.9183323814962878,0.9745454545454545,0.9456042340488091,1650.0
1,Random_Forest_Importance_19,Random_Forest,19,,,,,,,,,,per_class,Uploading,0.9702380952380952,0.9920876445526476,0.9810412278061993,1643.0
1,Random_Forest_Importance_19,Random_Forest,19,,,,,,,,,,per_class,Vulnerability_scanner,0.9937460913070669,0.9857320099255583,0.989722827779508,1612.0
1,Random_Forest_Importance_19,Random_Forest,19,,,,,,,,,,per_class,XSS,0.9734895191122072,0.9813548788067122,0.9774063757350665,1609.0
1,Random_Forest_Importance_19,Linear_Logistic_SGD,19,0.3658332669798551,0.2601284496315464,0.2704774733805277,0.29037753321187604,0.33684104200904363,55.048491143999854,0.06918860499990842,0.002754542758177738,8587.0,aggregate,,,,,
1,Random_Forest_Importance_19,Linear_Logistic_SGD,19,,,,,,,,,,per_class,Backdoor,0.018018018018018018,0.002452483139178418,0.004317323259579061,1631.0
1,Random_Forest_Importance_19,Linear_Logistic_SGD,19,,,,,,,,,,per_class,DDoS_HTTP,0.2914285714285714,0.06035502958579882,0.1,1690.0
1,Random_Forest_Importance_19,Linear_Logistic_SGD,19,,,,,,,,,,per_class,DDoS_ICMP,0.7568870523415978,0.9751552795031055,0.8522683210546723,2254.0
1,Random_Forest_Importance_19,Linear_Logistic_SGD,19,,,,,,,,,,per_class,DDoS_TCP,0.013071895424836602,0.0012202562538133007,0.002232142857142857,1639.0
1,Random_Forest_Importance_19,Linear_Logistic_SGD,19,,,,,,,,,,per_class,DDoS_UDP,0.9854264894984998,0.990948275862069,0.9881796690307328,2320.0
1,Random_Forest_Importance_19,Linear_Logistic_SGD,19,,,,,,,,,,per_class,Fingerprinting,0.8032786885245902,0.6125,0.6950354609929078,160.0
1,Random_Forest_Importance_19,Linear_Logistic_SGD,19,,,,,,,,,,per_class,MITM,1.0,0.203125,0.33766233766233766,64.0
1,Random_Forest_Importance_19,Linear_Logistic_SGD,19,,,,,,,,,,per_class,Normal,0.2111522359080153,0.8950617283950617,0.3416957140753105,3888.0
1,Random_Forest_Importance_19,Linear_Logistic_SGD,19,,,,,,,,,,per_class,Password,0.0,0.0,0.0,1598.0
1,Random_Forest_Importance_19,Linear_Logistic_SGD,19,,,,,,,,,,per_class,Port_Scanning,0.4103622191655204,0.5552109181141439,0.47192196150804117,1612.0
1,Random_Forest_Importance_19,Linear_Logistic_SGD,19,,,,,,,,,,per_class,Ransomware,0.0,0.0,0.0,1748.0
1,Random_Forest_Importance_19,Linear_Logistic_SGD,19,,,,,,,,,,per_class,SQL_injection,0.23255813953488372,0.006060606060606061,0.011813349084465446,1650.0
1,Random_Forest_Importance_19,Linear_Logistic_SGD,19,,,,,,,,,,per_class,Uploading,0.4943181818181818,0.05295191722458917,0.09565695437053326,1643.0
1,Random_Forest_Importance_19,Linear_Logistic_SGD,19,,,,,,,,,,per_class,Vulnerability_scanner,0.0,0.0,0.0,1612.0
1,Random_Forest_Importance_19,Linear_Logistic_SGD,19,,,,,,,,,,per_class,XSS,0.007142857142857143,0.0006215040397762585,0.0011435105774728414,1609.0
2,Full_42,XGBoost,42,0.977625607134326,0.9700416047200912,0.9775352708486588,0.9671047711101028,0.9756267447513212,45.156896706000225,0.7557083370002147,0.03008632602118858,7204141.0,aggregate,,,,,
2,Full_42,XGBoost,42,,,,,,,,,,per_class,Backdoor,1.0,0.9656652360515021,0.982532751091703,1631.0
2,Full_42,XGBoost,42,,,,,,,,,,per_class,DDoS_HTTP,0.9854280510018215,0.9603550295857988,0.9727299970032964,1690.0
2,Full_42,XGBoost,42,,,,,,,,,,per_class,DDoS_ICMP,0.9982214317474433,0.9960070984915705,0.9971130357539418,2254.0
2,Full_42,XGBoost,42,,,,,,,,,,per_class,DDoS_TCP,1.0,1.0,1.0,1639.0
2,Full_42,XGBoost,42,,,,,,,,,,per_class,DDoS_UDP,1.0,1.0,1.0,2320.0
2,Full_42,XGBoost,42,,,,,,,,,,per_class,Fingerprinting,0.9366197183098591,0.83125,0.8807947019867549,160.0
2,Full_42,XGBoost,42,,,,,,,,,,per_class,MITM,1.0,1.0,1.0,64.0
2,Full_42,XGBoost,42,,,,,,,,,,per_class,Normal,1.0,1.0,1.0,3889.0
2,Full_42,XGBoost,42,,,,,,,,,,per_class,Password,0.9730476848652384,0.8811013767209012,0.9247947454844007,1598.0
2,Full_42,XGBoost,42,,,,,,,,,,per_class,Port_Scanning,0.9306393244873341,0.957196029776675,0.9437308868501528,1612.0
2,Full_42,XGBoost,42,,,,,,,,,,per_class,Ransomware,0.9371139809096013,0.9548054919908466,0.9458770189855483,1748.0
2,Full_42,XGBoost,42,,,,,,,,,,per_class,SQL_injection,0.9257142857142857,0.9818181818181818,0.9529411764705882,1650.0
2,Full_42,XGBoost,42,,,,,,,,,,per_class,Uploading,0.9645808736717828,0.9945222154595252,0.9793227449805215,1643.0
2,Full_42,XGBoost,42,,,,,,,,,,per_class,Vulnerability_scanner,0.9937849596022374,0.9919354838709677,0.9928593604470661,1612.0
2,Full_42,XGBoost,42,,,,,,,,,,per_class,XSS,0.964328899637243,0.9919154228855721,0.9779276517473943,1608.0
2,Full_42,Random_Forest,42,0.9761525599171909,0.9598507630210553,0.9764273159267299,0.9696391902154305,0.9740171212485851,20.66914827400069,0.6831374140001572,0.027197126124697713,201113823.0,aggregate,,,,,
2,Full_42,Random_Forest,42,,,,,,,,,,per_class,Backdoor,1.0,0.9656652360515021,0.982532751091703,1631.0
2,Full_42,Random_Forest,42,,,,,,,,,,per_class,DDoS_HTTP,0.9753605769230769,0.9603550295857988,0.9677996422182469,1690.0
2,Full_42,Random_Forest,42,,,,,,,,,,per_class,DDoS_ICMP,0.9995563442768411,0.9995563442768411,0.9995563442768411,2254.0
2,Full_42,Random_Forest,42,,,,,,,,,,per_class,DDoS_TCP,1.0,1.0,1.0,1639.0
2,Full_42,Random_Forest,42,,,,,,,,,,per_class,DDoS_UDP,1.0,0.9995689655172414,0.999784436300927,2320.0
2,Full_42,Random_Forest,42,,,,,,,,,,per_class,Fingerprinting,0.6153846153846154,0.9,0.7309644670050762,160.0
2,Full_42,Random_Forest,42,,,,,,,,,,per_class,MITM,1.0,1.0,1.0,64.0
2,Full_42,Random_Forest,42,,,,,,,,,,per_class,Normal,1.0,1.0,1.0,3889.0
2,Full_42,Random_Forest,42,,,,,,,,,,per_class,Password,0.9641407307171854,0.8917396745932415,0.9265279583875162,1598.0
2,Full_42,Random_Forest,42,,,,,,,,,,per_class,Port_Scanning,0.9628681177976952,0.9330024813895782,0.9477000630119723,1612.0
2,Full_42,Random_Forest,42,,,,,,,,,,per_class,Ransomware,0.9371139809096013,0.9548054919908466,0.9458770189855483,1748.0
2,Full_42,Random_Forest,42,,,,,,,,,,per_class,SQL_injection,0.9300173510699826,0.9745454545454545,0.9517608759988162,1650.0
2,Full_42,Random_Forest,42,,,,,,,,,,per_class,Uploading,0.9691211401425178,0.9933049300060864,0.9810640216411182,1643.0
2,Full_42,Random_Forest,42,,,,,,,,,,per_class,Vulnerability_scanner,0.9919053549190535,0.9882133995037221,0.9900559353635798,1612.0
2,Full_42,Random_Forest,42,,,,,,,,,,per_class,XSS,0.9646341463414634,0.9838308457711443,0.9741379310344828,1608.0
2,Full_42,Linear_Logistic_SGD,42,0.3184966955967832,0.2556603060738231,0.2725058950735688,0.3016687520385427,0.31986169274638715,63.41387165800006,0.07611664900014148,0.0030303626483056565,12093.0,aggregate,,,,,
2,Full_42,Linear_Logistic_SGD,42,,,,,,,,,,per_class,Backdoor,0.0371900826446281,0.005518087063151441,0.009610250934329953,1631.0
2,Full_42,Linear_Logistic_SGD,42,,,,,,,,,,per_class,DDoS_HTTP,0.27299703264094954,0.054437869822485205,0.09077454366058214,1690.0
2,Full_42,Linear_Logistic_SGD,42,,,,,,,,,,per_class,DDoS_ICMP,0.768992781024407,0.9924578527062999,0.8665504551617277,2254.0
2,Full_42,Linear_Logistic_SGD,42,,,,,,,,,,per_class,DDoS_TCP,0.015503875968992248,0.0012202562538133007,0.0022624434389140274,1639.0
2,Full_42,Linear_Logistic_SGD,42,,,,,,,,,,per_class,DDoS_UDP,0.9969657563935848,0.9913793103448276,0.9941646855413876,2320.0
2,Full_42,Linear_Logistic_SGD,42,,,,,,,,,,per_class,Fingerprinting,0.49732620320855614,0.58125,0.5360230547550432,160.0
2,Full_42,Linear_Logistic_SGD,42,,,,,,,,,,per_class,MITM,0.9090909090909091,0.15625,0.2666666666666666,64.0
2,Full_42,Linear_Logistic_SGD,42,,,,,,,,,,per_class,Normal,0.4196642685851319,0.17999485728979173,0.251934497030772,3889.0
2,Full_42,Linear_Logistic_SGD,42,,,,,,,,,,per_class,Password,0.06521739130434782,0.0018773466833541927,0.0036496350364963502,1598.0
2,Full_42,Linear_Logistic_SGD,42,,,,,,,,,,per_class,Port_Scanning,0.3719723183391003,0.533498759305211,0.4383282364933741,1612.0
2,Full_42,Linear_Logistic_SGD,42,,,,,,,,,,per_class,Ransomware,0.0,0.0,0.0,1748.0
2,Full_42,Linear_Logistic_SGD,42,,,,,,,,,,per_class,SQL_injection,0.10312521370443821,0.9139393939393939,0.1853376759048731,1650.0
2,Full_42,Linear_Logistic_SGD,42,,,,,,,,,,per_class,Uploading,0.5830721003134797,0.11320754716981132,0.18960244648318045,1643.0
2,Full_42,Linear_Logistic_SGD,42,,,,,,,,,,per_class,Vulnerability_scanner,0.0,0.0,0.0,1612.0
2,Full_42,Linear_Logistic_SGD,42,,,,,,,,,,per_class,XSS,0.0,0.0,0.0,1608.0
2,Natural_Global_20,XGBoost,20,0.9777450433951748,0.969950280709618,0.9776540682892052,0.9668462020362856,0.9757595865113418,34.96885229600048,0.6786276110005929,0.0270175814555535,7329790.0,aggregate,,,,,
2,Natural_Global_20,XGBoost,20,,,,,,,,,,per_class,Backdoor,1.0,0.9656652360515021,0.982532751091703,1631.0
2,Natural_Global_20,XGBoost,20,,,,,,,,,,per_class,DDoS_HTTP,0.9830508474576272,0.9609467455621302,0.971873129862358,1690.0
2,Natural_Global_20,XGBoost,20,,,,,,,,,,per_class,DDoS_ICMP,0.9977777777777778,0.9960070984915705,0.9968916518650088,2254.0
2,Natural_Global_20,XGBoost,20,,,,,,,,,,per_class,DDoS_TCP,1.0,1.0,1.0,1639.0
2,Natural_Global_20,XGBoost,20,,,,,,,,,,per_class,DDoS_UDP,1.0,1.0,1.0,2320.0
2,Natural_Global_20,XGBoost,20,,,,,,,,,,per_class,Fingerprinting,0.9361702127659575,0.825,0.8770764119601329,160.0
2,Natural_Global_20,XGBoost,20,,,,,,,,,,per_class,MITM,1.0,1.0,1.0,64.0
2,Natural_Global_20,XGBoost,20,,,,,,,,,,per_class,Normal,1.0,1.0,1.0,3889.0
2,Natural_Global_20,XGBoost,20,,,,,,,,,,per_class,Password,0.9791521890201529,0.8817271589486858,0.927889364504445,1598.0
2,Natural_Global_20,XGBoost,20,,,,,,,,,,per_class,Port_Scanning,0.9306393244873341,0.957196029776675,0.9437308868501528,1612.0
2,Natural_Global_20,XGBoost,20,,,,,,,,,,per_class,Ransomware,0.9371139809096013,0.9548054919908466,0.9458770189855483,1748.0
2,Natural_Global_20,XGBoost,20,,,,,,,,,,per_class,SQL_injection,0.9243027888446215,0.9842424242424243,0.9533313765776342,1650.0
2,Natural_Global_20,XGBoost,20,,,,,,,,,,per_class,Uploading,0.9651917404129794,0.995739500912964,0.9802276812462553,1643.0
2,Natural_Global_20,XGBoost,20,,,,,,,,,,per_class,Vulnerability_scanner,0.993167701863354,0.9919354838709677,0.9925512104283054,1612.0
2,Natural_Global_20,XGBoost,20,,,,,,,,,,per_class,XSS,0.9654126213592233,0.9894278606965174,0.9772727272727273,1608.0
2,Natural_Global_20,Random_Forest,20,0.97623218409109,0.9599254333972217,0.9765031305027606,0.9697234652132245,0.9741051044021246,19.817631359999723,0.6651252589999785,0.026480024643680967,190297425.0,aggregate,,,,,
2,Natural_Global_20,Random_Forest,20,,,,,,,,,,per_class,Backdoor,1.0,0.9656652360515021,0.982532751091703,1631.0
2,Natural_Global_20,Random_Forest,20,,,,,,,,,,per_class,DDoS_HTTP,0.9788774894387448,0.9597633136094674,0.9692261726919629,1690.0
2,Natural_Global_20,Random_Forest,20,,,,,,,,,,per_class,DDoS_ICMP,0.9995563442768411,0.9995563442768411,0.9995563442768411,2254.0
2,Natural_Global_20,Random_Forest,20,,,,,,,,,,per_class,DDoS_TCP,1.0,1.0,1.0,1639.0
2,Natural_Global_20,Random_Forest,20,,,,,,,,,,per_class,DDoS_UDP,1.0,0.9995689655172414,0.999784436300927,2320.0
2,Natural_Global_20,Random_Forest,20,,,,,,,,,,per_class,Fingerprinting,0.6153846153846154,0.9,0.7309644670050762,160.0
2,Natural_Global_20,Random_Forest,20,,,,,,,,,,per_class,MITM,1.0,1.0,1.0,64.0
2,Natural_Global_20,Random_Forest,20,,,,,,,,,,per_class,Normal,1.0,1.0,1.0,3889.0
2,Natural_Global_20,Random_Forest,20,,,,,,,,,,per_class,Password,0.9640921409214093,0.890488110137672,0.9258295380611581,1598.0
2,Natural_Global_20,Random_Forest,20,,,,,,,,,,per_class,Port_Scanning,0.9628681177976952,0.9330024813895782,0.9477000630119723,1612.0
2,Natural_Global_20,Random_Forest,20,,,,,,,,,,per_class,Ransomware,0.9371139809096013,0.9548054919908466,0.9458770189855483,1748.0
2,Natural_Global_20,Random_Forest,20,,,,,,,,,,per_class,SQL_injection,0.929438982070561,0.973939393939394,0.9511689849067771,1650.0
2,Natural_Global_20,Random_Forest,20,,,,,,,,,,per_class,Uploading,0.968564650059312,0.9939135727328059,0.9810753980174226,1643.0
2,Natural_Global_20,Random_Forest,20,,,,,,,,,,per_class,Vulnerability_scanner,0.9919204474829086,0.9900744416873449,0.9909965849115181,1612.0
2,Natural_Global_20,Random_Forest,20,,,,,,,,,,per_class,XSS,0.9635036496350365,0.9850746268656716,0.9741697416974171,1608.0
2,Natural_Global_20,Linear_Logistic_SGD,20,0.3200891790747671,0.26536641925650895,0.2733675103052691,0.29987572892257464,0.32170276422832733,51.99581231600041,0.057232260999626305,0.002278535751239203,8719.0,aggregate,,,,,
2,Natural_Global_20,Linear_Logistic_SGD,20,,,,,,,,,,per_class,Backdoor,0.0371900826446281,0.005518087063151441,0.009610250934329953,1631.0
2,Natural_Global_20,Linear_Logistic_SGD,20,,,,,,,,,,per_class,DDoS_HTTP,0.2746268656716418,0.054437869822485205,0.0908641975308642,1690.0
2,Natural_Global_20,Linear_Logistic_SGD,20,,,,,,,,,,per_class,DDoS_ICMP,0.7564749411368987,0.9977817213842058,0.8605318538358523,2254.0
2,Natural_Global_20,Linear_Logistic_SGD,20,,,,,,,,,,per_class,DDoS_TCP,0.017699115044247787,0.0012202562538133007,0.00228310502283105,1639.0
2,Natural_Global_20,Linear_Logistic_SGD,20,,,,,,,,,,per_class,DDoS_UDP,0.9965337954939342,0.9913793103448276,0.9939498703543648,2320.0
2,Natural_Global_20,Linear_Logistic_SGD,20,,,,,,,,,,per_class,Fingerprinting,0.9438202247191011,0.525,0.674698795180723,160.0
2,Natural_Global_20,Linear_Logistic_SGD,20,,,,,,,,,,per_class,MITM,1.0,0.15625,0.2702702702702703,64.0
2,Natural_Global_20,Linear_Logistic_SGD,20,,,,,,,,,,per_class,Normal,0.4186186186186186,0.17922345075854976,0.25099027727763773,3889.0
2,Natural_Global_20,Linear_Logistic_SGD,20,,,,,,,,,,per_class,Password,0.07317073170731707,0.0018773466833541927,0.003660768761439902,1598.0
2,Natural_Global_20,Linear_Logistic_SGD,20,,,,,,,,,,per_class,Port_Scanning,0.37349397590361444,0.5576923076923077,0.44737496889773576,1612.0
2,Natural_Global_20,Linear_Logistic_SGD,20,,,,,,,,,,per_class,Ransomware,0.0,0.0,0.0,1748.0
2,Natural_Global_20,Linear_Logistic_SGD,20,,,,,,,,,,per_class,SQL_injection,0.10325231085244779,0.9139393939393939,0.18554290987388494,1650.0
2,Natural_Global_20,Linear_Logistic_SGD,20,,,,,,,,,,per_class,Uploading,0.5880503144654088,0.11381618989653074,0.19071902090770013,1643.0
2,Natural_Global_20,Linear_Logistic_SGD,20,,,,,,,,,,per_class,Vulnerability_scanner,0.0,0.0,0.0,1612.0
2,Natural_Global_20,Linear_Logistic_SGD,20,,,,,,,,,,per_class,XSS,0.0,0.0,0.0,1608.0
2,Class_Balanced_15,XGBoost,15,0.9765904928736364,0.9690156237026188,0.9765559627185856,0.9655180989462658,0.9745953877066378,30.941598735999833,0.6759544989999995,0.026911159288159864,6982855.0,aggregate,,,,,
2,Class_Balanced_15,XGBoost,15,,,,,,,,,,per_class,Backdoor,1.0,0.9656652360515021,0.982532751091703,1631.0
2,Class_Balanced_15,XGBoost,15,,,,,,,,,,per_class,DDoS_HTTP,0.992638036809816,0.9573964497041421,0.9746987951807229,1690.0
2,Class_Balanced_15,XGBoost,15,,,,,,,,,,per_class,DDoS_ICMP,0.9951154529307282,0.9942324755989352,0.9946737683089215,2254.0
2,Class_Balanced_15,XGBoost,15,,,,,,,,,,per_class,DDoS_TCP,1.0,1.0,1.0,1639.0
2,Class_Balanced_15,XGBoost,15,,,,,,,,,,per_class,DDoS_UDP,0.998274374460742,0.9974137931034482,0.9978438982319965,2320.0
2,Class_Balanced_15,XGBoost,15,,,,,,,,,,per_class,Fingerprinting,0.9361702127659575,0.825,0.8770764119601329,160.0
2,Class_Balanced_15,XGBoost,15,,,,,,,,,,per_class,MITM,1.0,1.0,1.0,64.0
2,Class_Balanced_15,XGBoost,15,,,,,,,,,,per_class,Normal,1.0,1.0,1.0,3889.0
2,Class_Balanced_15,XGBoost,15,,,,,,,,,,per_class,Password,0.9866946778711485,0.8817271589486858,0.9312623925974884,1598.0
2,Class_Balanced_15,XGBoost,15,,,,,,,,,,per_class,Port_Scanning,1.0,0.8827543424317618,0.9377265238879736,1612.0
2,Class_Balanced_15,XGBoost,15,,,,,,,,,,per_class,Ransomware,0.8670634920634921,1.0,0.9287991498405951,1748.0
2,Class_Balanced_15,XGBoost,15,,,,,,,,,,per_class,SQL_injection,0.9242081447963801,0.9903030303030304,0.9561146869514335,1650.0
2,Class_Balanced_15,XGBoost,15,,,,,,,,,,per_class,Uploading,0.9657817109144543,0.9963481436396835,0.9808268424206112,1643.0
2,Class_Balanced_15,XGBoost,15,,,,,,,,,,per_class,Vulnerability_scanner,0.9956494717215661,0.9937965260545906,0.994722135982614,1612.0
2,Class_Balanced_15,XGBoost,15,,,,,,,,,,per_class,XSS,0.9605026929982047,0.9981343283582089,0.9789569990850869,1608.0
2,Class_Balanced_15,Random_Forest,15,0.9665578469623378,0.9354749674743379,0.9713054900752061,0.9661449713599914,0.9638082771695152,17.784571903000142,0.655841177000184,0.026110405963857948,170778931.0,aggregate,,,,,
2,Class_Balanced_15,Random_Forest,15,,,,,,,,,,per_class,Backdoor,1.0,0.9656652360515021,0.982532751091703,1631.0
2,Class_Balanced_15,Random_Forest,15,,,,,,,,,,per_class,DDoS_HTTP,0.9723723723723724,0.9579881656804734,0.9651266766020865,1690.0
2,Class_Balanced_15,Random_Forest,15,,,,,,,,,,per_class,DDoS_ICMP,0.9995563442768411,0.9995563442768411,0.9995563442768411,2254.0
2,Class_Balanced_15,Random_Forest,15,,,,,,,,,,per_class,DDoS_TCP,1.0,1.0,1.0,1639.0
2,Class_Balanced_15,Random_Forest,15,,,,,,,,,,per_class,DDoS_UDP,1.0,0.9995689655172414,0.999784436300927,2320.0
2,Class_Balanced_15,Random_Forest,15,,,,,,,,,,per_class,Fingerprinting,0.2597402597402597,1.0,0.4123711340206185,160.0
2,Class_Balanced_15,Random_Forest,15,,,,,,,,,,per_class,MITM,1.0,1.0,1.0,64.0
2,Class_Balanced_15,Random_Forest,15,,,,,,,,,,per_class,Normal,1.0,1.0,1.0,3889.0
2,Class_Balanced_15,Random_Forest,15,,,,,,,,,,per_class,Password,0.9395532194480947,0.8948685857321652,0.9166666666666667,1598.0
2,Class_Balanced_15,Random_Forest,15,,,,,,,,,,per_class,Port_Scanning,1.0,0.8827543424317618,0.9377265238879736,1612.0
2,Class_Balanced_15,Random_Forest,15,,,,,,,,,,per_class,Ransomware,1.0,0.879862700228833,0.9360925136944614,1748.0
2,Class_Balanced_15,Random_Forest,15,,,,,,,,,,per_class,SQL_injection,0.9292869770182676,0.9557575757575758,0.9423364206752315,1650.0
2,Class_Balanced_15,Random_Forest,15,,,,,,,,,,per_class,Uploading,0.9694976076555024,0.9866098600121729,0.9779788838612369,1643.0
2,Class_Balanced_15,Random_Forest,15,,,,,,,,,,per_class,Vulnerability_scanner,0.9888888888888889,0.9937965260545906,0.9913366336633663,1612.0
2,Class_Balanced_15,Random_Forest,15,,,,,,,,,,per_class,XSS,0.9655384615384616,0.9757462686567164,0.9706155273739561,1608.0
2,Class_Balanced_15,Linear_Logistic_SGD,15,0.3328290468986384,0.3226635693563304,0.2967264876668935,0.352061210072401,0.3519887526067455,38.85597209499974,0.048575042999800644,0.0019338738354885197,7617.0,aggregate,,,,,
2,Class_Balanced_15,Linear_Logistic_SGD,15,,,,,,,,,,per_class,Backdoor,0.09828393135725429,0.927038626609442,0.1777255362915075,1631.0
2,Class_Balanced_15,Linear_Logistic_SGD,15,,,,,,,,,,per_class,DDoS_HTTP,0.33125,0.06272189349112427,0.10547263681592041,1690.0
2,Class_Balanced_15,Linear_Logistic_SGD,15,,,,,,,,,,per_class,DDoS_ICMP,0.7280077619663649,0.9986690328305236,0.8421249532360644,2254.0
2,Class_Balanced_15,Linear_Logistic_SGD,15,,,,,,,,,,per_class,DDoS_TCP,0.47633136094674555,0.5893837705918242,0.5268611944368694,1639.0
2,Class_Balanced_15,Linear_Logistic_SGD,15,,,,,,,,,,per_class,DDoS_UDP,0.997411561691113,0.996551724137931,0.9969814575247952,2320.0
2,Class_Balanced_15,Linear_Logistic_SGD,15,,,,,,,,,,per_class,Fingerprinting,0.9466666666666667,0.44375,0.6042553191489362,160.0
2,Class_Balanced_15,Linear_Logistic_SGD,15,,,,,,,,,,per_class,MITM,1.0,0.84375,0.9152542372881356,64.0
2,Class_Balanced_15,Linear_Logistic_SGD,15,,,,,,,,,,per_class,Normal,0.7949886104783599,0.17948058626896374,0.2928466540801342,3889.0
2,Class_Balanced_15,Linear_Logistic_SGD,15,,,,,,,,,,per_class,Password,0.0,0.0,0.0,1598.0
2,Class_Balanced_15,Linear_Logistic_SGD,15,,,,,,,,,,per_class,Port_Scanning,0.378,0.11724565756823821,0.17897727272727273,1612.0
2,Class_Balanced_15,Linear_Logistic_SGD,15,,,,,,,,,,per_class,Ransomware,0.0,0.0,0.0,1748.0
2,Class_Balanced_15,Linear_Logistic_SGD,15,,,,,,,,,,per_class,SQL_injection,0.044444444444444446,0.0024242424242424242,0.004597701149425287,1650.0
2,Class_Balanced_15,Linear_Logistic_SGD,15,,,,,,,,,,per_class,Uploading,0.5197889182058048,0.1199026171637249,0.19485657764589517,1643.0
2,Class_Balanced_15,Linear_Logistic_SGD,15,,,,,,,,,,per_class,Vulnerability_scanner,0.0,0.0,0.0,1612.0
2,Class_Balanced_15,Linear_Logistic_SGD,15,,,,,,,,,,per_class,XSS,0.0,0.0,0.0,1608.0
2,Stable_Balanced_Core,XGBoost,14,0.9761923720041404,0.9688364170150044,0.9761572365577408,0.9655009322177711,0.9741603457079457,31.013391548000072,0.6527445500005342,0.02598712278049742,7014175.0,aggregate,,,,,
2,Stable_Balanced_Core,XGBoost,14,,,,,,,,,,per_class,Backdoor,1.0,0.9656652360515021,0.982532751091703,1631.0
2,Stable_Balanced_Core,XGBoost,14,,,,,,,,,,per_class,DDoS_HTTP,0.992014742014742,0.9556213017751479,0.9734779987944544,1690.0
2,Stable_Balanced_Core,XGBoost,14,,,,,,,,,,per_class,DDoS_ICMP,0.9951154529307282,0.9942324755989352,0.9946737683089215,2254.0
2,Stable_Balanced_Core,XGBoost,14,,,,,,,,,,per_class,DDoS_TCP,1.0,1.0,1.0,1639.0
2,Stable_Balanced_Core,XGBoost,14,,,,,,,,,,per_class,DDoS_UDP,0.9982736296935693,0.9969827586206896,0.9976277765796852,2320.0
2,Stable_Balanced_Core,XGBoost,14,,,,,,,,,,per_class,Fingerprinting,0.9366197183098591,0.83125,0.8807947019867549,160.0
2,Stable_Balanced_Core,XGBoost,14,,,,,,,,,,per_class,MITM,1.0,1.0,1.0,64.0
2,Stable_Balanced_Core,XGBoost,14,,,,,,,,,,per_class,Normal,1.0,1.0,1.0,3889.0
2,Stable_Balanced_Core,XGBoost,14,,,,,,,,,,per_class,Password,0.9839160839160839,0.8804755944931164,0.929326287978864,1598.0
2,Stable_Balanced_Core,XGBoost,14,,,,,,,,,,per_class,Port_Scanning,1.0,0.8827543424317618,0.9377265238879736,1612.0
2,Stable_Balanced_Core,XGBoost,14,,,,,,,,,,per_class,Ransomware,0.8670634920634921,1.0,0.9287991498405951,1748.0
2,Stable_Balanced_Core,XGBoost,14,,,,,,,,,,per_class,SQL_injection,0.9235993208828522,0.9890909090909091,0.9552238805970149,1650.0
2,Stable_Balanced_Core,XGBoost,14,,,,,,,,,,per_class,Uploading,0.9651711924439197,0.9951308581862447,0.9799220857057236,1643.0
2,Stable_Balanced_Core,XGBoost,14,,,,,,,,,,per_class,Vulnerability_scanner,0.9937926753569212,0.9931761786600496,0.9934843313682904,1612.0
2,Stable_Balanced_Core,XGBoost,14,,,,,,,,,,per_class,XSS,0.9605026929982047,0.9981343283582089,0.9789569990850869,1608.0
2,Stable_Balanced_Core,Random_Forest,14,0.966438410701489,0.9353525351647478,0.971187011266106,0.9660194149649245,0.9636785176009539,17.346747795999363,0.652151713999956,0.02596352074209555,169860809.0,aggregate,,,,,
2,Stable_Balanced_Core,Random_Forest,14,,,,,,,,,,per_class,Backdoor,1.0,0.9656652360515021,0.982532751091703,1631.0
2,Stable_Balanced_Core,Random_Forest,14,,,,,,,,,,per_class,DDoS_HTTP,0.9717887154861945,0.9579881656804734,0.9648390941597139,1690.0
2,Stable_Balanced_Core,Random_Forest,14,,,,,,,,,,per_class,DDoS_ICMP,0.9995563442768411,0.9995563442768411,0.9995563442768411,2254.0
2,Stable_Balanced_Core,Random_Forest,14,,,,,,,,,,per_class,DDoS_TCP,1.0,1.0,1.0,1639.0
2,Stable_Balanced_Core,Random_Forest,14,,,,,,,,,,per_class,DDoS_UDP,1.0,0.9995689655172414,0.999784436300927,2320.0
2,Stable_Balanced_Core,Random_Forest,14,,,,,,,,,,per_class,Fingerprinting,0.2597402597402597,1.0,0.4123711340206185,160.0
2,Stable_Balanced_Core,Random_Forest,14,,,,,,,,,,per_class,MITM,1.0,1.0,1.0,64.0
2,Stable_Balanced_Core,Random_Forest,14,,,,,,,,,,per_class,Normal,1.0,1.0,1.0,3889.0
2,Stable_Balanced_Core,Random_Forest,14,,,,,,,,,,per_class,Password,0.9401315789473684,0.8942428035043805,0.9166132135984606,1598.0
2,Stable_Balanced_Core,Random_Forest,14,,,,,,,,,,per_class,Port_Scanning,1.0,0.8827543424317618,0.9377265238879736,1612.0
2,Stable_Balanced_Core,Random_Forest,14,,,,,,,,,,per_class,Ransomware,1.0,0.879862700228833,0.9360925136944614,1748.0
2,Stable_Balanced_Core,Random_Forest,14,,,,,,,,,,per_class,SQL_injection,0.9288235294117647,0.9569696969696969,0.942686567164179,1650.0
2,Stable_Balanced_Core,Random_Forest,14,,,,,,,,,,per_class,Uploading,0.9694793536804309,0.9860012172854534,0.9776704888352443,1643.0
2,Stable_Balanced_Core,Random_Forest,14,,,,,,,,,,per_class,Vulnerability_scanner,0.9888682745825603,0.9919354838709677,0.9903995044905544,1612.0
2,Stable_Balanced_Core,Random_Forest,14,,,,,,,,,,per_class,XSS,0.9643515673017824,0.9757462686567164,0.970015455950541,1608.0
2,Stable_Balanced_Core,Linear_Logistic_SGD,14,0.3328290468986384,0.3226635693563304,0.2967264876668935,0.352061210072401,0.3519887526067455,41.555378418000146,0.04982424900026672,0.0019836073333970345,7443.0,aggregate,,,,,
2,Stable_Balanced_Core,Linear_Logistic_SGD,14,,,,,,,,,,per_class,Backdoor,0.09828393135725429,0.927038626609442,0.1777255362915075,1631.0
2,Stable_Balanced_Core,Linear_Logistic_SGD,14,,,,,,,,,,per_class,DDoS_HTTP,0.33125,0.06272189349112427,0.10547263681592041,1690.0
2,Stable_Balanced_Core,Linear_Logistic_SGD,14,,,,,,,,,,per_class,DDoS_ICMP,0.7280077619663649,0.9986690328305236,0.8421249532360644,2254.0
2,Stable_Balanced_Core,Linear_Logistic_SGD,14,,,,,,,,,,per_class,DDoS_TCP,0.47633136094674555,0.5893837705918242,0.5268611944368694,1639.0
2,Stable_Balanced_Core,Linear_Logistic_SGD,14,,,,,,,,,,per_class,DDoS_UDP,0.997411561691113,0.996551724137931,0.9969814575247952,2320.0
2,Stable_Balanced_Core,Linear_Logistic_SGD,14,,,,,,,,,,per_class,Fingerprinting,0.9466666666666667,0.44375,0.6042553191489362,160.0
2,Stable_Balanced_Core,Linear_Logistic_SGD,14,,,,,,,,,,per_class,MITM,1.0,0.84375,0.9152542372881356,64.0
2,Stable_Balanced_Core,Linear_Logistic_SGD,14,,,,,,,,,,per_class,Normal,0.7949886104783599,0.17948058626896374,0.2928466540801342,3889.0
2,Stable_Balanced_Core,Linear_Logistic_SGD,14,,,,,,,,,,per_class,Password,0.0,0.0,0.0,1598.0
2,Stable_Balanced_Core,Linear_Logistic_SGD,14,,,,,,,,,,per_class,Port_Scanning,0.378,0.11724565756823821,0.17897727272727273,1612.0
2,Stable_Balanced_Core,Linear_Logistic_SGD,14,,,,,,,,,,per_class,Ransomware,0.0,0.0,0.0,1748.0
2,Stable_Balanced_Core,Linear_Logistic_SGD,14,,,,,,,,,,per_class,SQL_injection,0.044444444444444446,0.0024242424242424242,0.004597701149425287,1650.0
2,Stable_Balanced_Core,Linear_Logistic_SGD,14,,,,,,,,,,per_class,Uploading,0.5197889182058048,0.1199026171637249,0.19485657764589517,1643.0
2,Stable_Balanced_Core,Linear_Logistic_SGD,14,,,,,,,,,,per_class,Vulnerability_scanner,0.0,0.0,0.0,1612.0
2,Stable_Balanced_Core,Linear_Logistic_SGD,14,,,,,,,,,,per_class,XSS,0.0,0.0,0.0,1608.0
2,Stable_Minority_Only,XGBoost,14,0.9519069989648857,0.9445406476493232,0.9518424186746292,0.9420462509630212,0.9476156470045988,34.336613591999594,0.8126807880007618,0.03235451819415407,8589553.0,aggregate,,,,,
2,Stable_Minority_Only,XGBoost,14,,,,,,,,,,per_class,Backdoor,1.0,0.9656652360515021,0.982532751091703,1631.0
2,Stable_Minority_Only,XGBoost,14,,,,,,,,,,per_class,DDoS_HTTP,0.8457415128052412,0.8402366863905325,0.8429801127931138,1690.0
2,Stable_Minority_Only,XGBoost,14,,,,,,,,,,per_class,DDoS_ICMP,0.9986595174262735,0.9915705412599822,0.9951024042742653,2254.0
2,Stable_Minority_Only,XGBoost,14,,,,,,,,,,per_class,DDoS_TCP,1.0,1.0,1.0,1639.0
2,Stable_Minority_Only,XGBoost,14,,,,,,,,,,per_class,DDoS_UDP,0.9957026214009455,0.9987068965517242,0.9972024962341295,2320.0
2,Stable_Minority_Only,XGBoost,14,,,,,,,,,,per_class,Fingerprinting,0.9370629370629371,0.8375,0.8844884488448846,160.0
2,Stable_Minority_Only,XGBoost,14,,,,,,,,,,per_class,MITM,1.0,1.0,1.0,64.0
2,Stable_Minority_Only,XGBoost,14,,,,,,,,,,per_class,Normal,1.0,0.9943430187708923,0.9971634863331614,3889.0
2,Stable_Minority_Only,XGBoost,14,,,,,,,,,,per_class,Password,0.9237762237762238,0.8266583229036295,0.8725231175693527,1598.0
2,Stable_Minority_Only,XGBoost,14,,,,,,,,,,per_class,Port_Scanning,0.9250599520383693,0.957196029776675,0.9408536585365855,1612.0
2,Stable_Minority_Only,XGBoost,14,,,,,,,,,,per_class,Ransomware,0.9292873051224945,0.9548054919908466,0.9418735891647856,1748.0
2,Stable_Minority_Only,XGBoost,14,,,,,,,,,,per_class,SQL_injection,0.8845700824499411,0.9103030303030303,0.8972520908004779,1650.0
2,Stable_Minority_Only,XGBoost,14,,,,,,,,,,per_class,Uploading,0.9459807073954984,0.8953134510042605,0.9199499687304565,1643.0
2,Stable_Minority_Only,XGBoost,14,,,,,,,,,,per_class,Vulnerability_scanner,0.9831144465290806,0.9751861042183623,0.9791342260977888,1612.0
2,Stable_Minority_Only,XGBoost,14,,,,,,,,,,per_class,XSS,0.8592391304347826,0.9832089552238806,0.9170533642691414,1608.0
2,Stable_Minority_Only,Random_Forest,14,0.946930488096186,0.9302419089592284,0.9471863505775792,0.9404997438627578,0.9421478270998573,22.298522382000556,0.7382679599995754,0.029391988215605357,407042804.0,aggregate,,,,,
2,Stable_Minority_Only,Random_Forest,14,,,,,,,,,,per_class,Backdoor,1.0,0.9656652360515021,0.982532751091703,1631.0
2,Stable_Minority_Only,Random_Forest,14,,,,,,,,,,per_class,DDoS_HTTP,0.8519218651543793,0.8,0.8251449496490691,1690.0
2,Stable_Minority_Only,Random_Forest,14,,,,,,,,,,per_class,DDoS_ICMP,1.0,0.9995563442768411,0.9997781229199023,2254.0
2,Stable_Minority_Only,Random_Forest,14,,,,,,,,,,per_class,DDoS_TCP,1.0,1.0,1.0,1639.0
2,Stable_Minority_Only,Random_Forest,14,,,,,,,,,,per_class,DDoS_UDP,1.0,1.0,1.0,2320.0
2,Stable_Minority_Only,Random_Forest,14,,,,,,,,,,per_class,Fingerprinting,0.6127659574468085,0.9,0.729113924050633,160.0
2,Stable_Minority_Only,Random_Forest,14,,,,,,,,,,per_class,MITM,1.0,1.0,1.0,64.0
2,Stable_Minority_Only,Random_Forest,14,,,,,,,,,,per_class,Normal,1.0,0.9943430187708923,0.9971634863331614,3889.0
2,Stable_Minority_Only,Random_Forest,14,,,,,,,,,,per_class,Password,0.8688419705694178,0.8498122653316645,0.8592217652641568,1598.0
2,Stable_Minority_Only,Random_Forest,14,,,,,,,,,,per_class,Port_Scanning,0.9573520050922979,0.9330024813895782,0.9450204209864909,1612.0
2,Stable_Minority_Only,Random_Forest,14,,,,,,,,,,per_class,Ransomware,0.9308421639709983,0.9548054919908466,0.9426715617057327,1748.0
2,Stable_Minority_Only,Random_Forest,14,,,,,,,,,,per_class,SQL_injection,0.8628013777267508,0.9109090909090909,0.8862028301886793,1650.0
2,Stable_Minority_Only,Random_Forest,14,,,,,,,,,,per_class,Uploading,0.9127764127764127,0.9044430919050518,0.908590645062672,1643.0
2,Stable_Minority_Only,Random_Forest,14,,,,,,,,,,per_class,Vulnerability_scanner,0.9831355402873204,0.9764267990074442,0.9797696856520385,1612.0
2,Stable_Minority_Only,Random_Forest,14,,,,,,,,,,per_class,XSS,0.8791666666666667,0.9185323383084577,0.8984184914841848,1608.0
2,Stable_Minority_Only,Linear_Logistic_SGD,14,0.3154311649016641,0.3048019853396857,0.26541086412146503,0.34373583597724183,0.3105173239598923,36.07852855300007,0.04372707899983652,0.001740866271193428,6699.0,aggregate,,,,,
2,Stable_Minority_Only,Linear_Logistic_SGD,14,,,,,,,,,,per_class,Backdoor,0.0,0.0,0.0,1631.0
2,Stable_Minority_Only,Linear_Logistic_SGD,14,,,,,,,,,,per_class,DDoS_HTTP,0.08358146942732497,0.7142011834319527,0.14964974273138676,1690.0
2,Stable_Minority_Only,Linear_Logistic_SGD,14,,,,,,,,,,per_class,DDoS_ICMP,0.7494168610463179,0.9977817213842058,0.8559467174119886,2254.0
2,Stable_Minority_Only,Linear_Logistic_SGD,14,,,,,,,,,,per_class,DDoS_TCP,0.5763723150357996,0.5893837705918242,0.5828054298642534,1639.0
2,Stable_Minority_Only,Linear_Logistic_SGD,14,,,,,,,,,,per_class,DDoS_UDP,0.7407407407407407,1.0,0.851063829787234,2320.0
2,Stable_Minority_Only,Linear_Logistic_SGD,14,,,,,,,,,,per_class,Fingerprinting,0.9431818181818182,0.51875,0.6693548387096776,160.0
2,Stable_Minority_Only,Linear_Logistic_SGD,14,,,,,,,,,,per_class,MITM,1.0,1.0,1.0,64.0
2,Stable_Minority_Only,Linear_Logistic_SGD,14,,,,,,,,,,per_class,Normal,0.3955785512699906,0.21625096425816406,0.2796342477140482,3889.0
2,Stable_Minority_Only,Linear_Logistic_SGD,14,,,,,,,,,,per_class,Password,0.0,0.0,0.0,1598.0
2,Stable_Minority_Only,Linear_Logistic_SGD,14,,,,,,,,,,per_class,Port_Scanning,0.378,0.11724565756823821,0.17897727272727273,1612.0
2,Stable_Minority_Only,Linear_Logistic_SGD,14,,,,,,,,,,per_class,Ransomware,0.0,0.0,0.0,1748.0
2,Stable_Minority_Only,Linear_Logistic_SGD,14,,,,,,,,,,per_class,SQL_injection,0.044444444444444446,0.0024242424242424242,0.004597701149425287,1650.0
2,Stable_Minority_Only,Linear_Logistic_SGD,14,,,,,,,,,,per_class,Uploading,0.0,0.0,0.0,1643.0
2,Stable_Minority_Only,Linear_Logistic_SGD,14,,,,,,,,,,per_class,Vulnerability_scanner,0.0,0.0,0.0,1612.0
2,Stable_Minority_Only,Linear_Logistic_SGD,14,,,,,,,,,,per_class,XSS,0.0,0.0,0.0,1608.0
2,CS_SHAP_Union,XGBoost,18,0.9777848554821243,0.9703177186025015,0.9776905731707732,0.9673977115601322,0.975807629172696,38.59767577099956,0.7320159929995498,0.029143084361794323,7132987.0,aggregate,,,,,
2,CS_SHAP_Union,XGBoost,18,,,,,,,,,,per_class,Backdoor,1.0,0.9656652360515021,0.982532751091703,1631.0
2,CS_SHAP_Union,XGBoost,18,,,,,,,,,,per_class,DDoS_HTTP,0.992633517495396,0.9568047337278106,0.9743898764688159,1690.0
2,CS_SHAP_Union,XGBoost,18,,,,,,,,,,per_class,DDoS_ICMP,0.9955575299866726,0.9942324755989352,0.9948945615982242,2254.0
2,CS_SHAP_Union,XGBoost,18,,,,,,,,,,per_class,DDoS_TCP,1.0,1.0,1.0,1639.0
2,CS_SHAP_Union,XGBoost,18,,,,,,,,,,per_class,DDoS_UDP,0.998274374460742,0.9974137931034482,0.9978438982319965,2320.0
2,CS_SHAP_Union,XGBoost,18,,,,,,,,,,per_class,Fingerprinting,0.9366197183098591,0.83125,0.8807947019867549,160.0
2,CS_SHAP_Union,XGBoost,18,,,,,,,,,,per_class,MITM,1.0,1.0,1.0,64.0
2,CS_SHAP_Union,XGBoost,18,,,,,,,,,,per_class,Normal,1.0,1.0,1.0,3889.0
2,CS_SHAP_Union,XGBoost,18,,,,,,,,,,per_class,Password,0.978442280945758,0.8804755944931164,0.9268774703557312,1598.0
2,CS_SHAP_Union,XGBoost,18,,,,,,,,,,per_class,Port_Scanning,0.9306393244873341,0.957196029776675,0.9437308868501528,1612.0
2,CS_SHAP_Union,XGBoost,18,,,,,,,,,,per_class,Ransomware,0.9371139809096013,0.9548054919908466,0.9458770189855483,1748.0
2,CS_SHAP_Union,XGBoost,18,,,,,,,,,,per_class,SQL_injection,0.9249573621375782,0.9860606060606061,0.9545321208565561,1650.0
2,CS_SHAP_Union,XGBoost,18,,,,,,,,,,per_class,Uploading,0.9651711924439197,0.9951308581862447,0.9799220857057236,1643.0
2,CS_SHAP_Union,XGBoost,18,,,,,,,,,,per_class,Vulnerability_scanner,0.9950310559006211,0.9937965260545906,0.9944134078212291,1612.0
2,CS_SHAP_Union,XGBoost,18,,,,,,,,,,per_class,XSS,0.9605026929982047,0.9981343283582089,0.9789569990850869,1608.0
2,CS_SHAP_Union,Random_Forest,18,0.9742813918305597,0.957946761330936,0.9745758197970427,0.9677393826719445,0.9719635448747629,17.979131312999925,0.6541560510004274,0.026043317581034613,173093796.0,aggregate,,,,,
2,CS_SHAP_Union,Random_Forest,18,,,,,,,,,,per_class,Backdoor,1.0,0.9656652360515021,0.982532751091703,1631.0
2,CS_SHAP_Union,Random_Forest,18,,,,,,,,,,per_class,DDoS_HTTP,0.9718056388722256,0.9585798816568047,0.96514745308311,1690.0
2,CS_SHAP_Union,Random_Forest,18,,,,,,,,,,per_class,DDoS_ICMP,0.9995563442768411,0.9995563442768411,0.9995563442768411,2254.0
2,CS_SHAP_Union,Random_Forest,18,,,,,,,,,,per_class,DDoS_TCP,1.0,1.0,1.0,1639.0
2,CS_SHAP_Union,Random_Forest,18,,,,,,,,,,per_class,DDoS_UDP,1.0,0.9995689655172414,0.999784436300927,2320.0
2,CS_SHAP_Union,Random_Forest,18,,,,,,,,,,per_class,Fingerprinting,0.6153846153846154,0.9,0.7309644670050762,160.0
2,CS_SHAP_Union,Random_Forest,18,,,,,,,,,,per_class,MITM,1.0,1.0,1.0,64.0
2,CS_SHAP_Union,Random_Forest,18,,,,,,,,,,per_class,Normal,1.0,1.0,1.0,3889.0
2,CS_SHAP_Union,Random_Forest,18,,,,,,,,,,per_class,Password,0.9376640419947506,0.8942428035043805,0.9154388212684176,1598.0
2,CS_SHAP_Union,Random_Forest,18,,,,,,,,,,per_class,Port_Scanning,0.9628681177976952,0.9330024813895782,0.9477000630119723,1612.0
2,CS_SHAP_Union,Random_Forest,18,,,,,,,,,,per_class,Ransomware,0.9371139809096013,0.9548054919908466,0.9458770189855483,1748.0
2,CS_SHAP_Union,Random_Forest,18,,,,,,,,,,per_class,SQL_injection,0.9309327036599764,0.9557575757575758,0.9431818181818181,1650.0
2,CS_SHAP_Union,Random_Forest,18,,,,,,,,,,per_class,Uploading,0.9689181111775254,0.9866098600121729,0.9776839565741858,1643.0
2,CS_SHAP_Union,Random_Forest,18,,,,,,,,,,per_class,Vulnerability_scanner,0.9894867037724181,0.9925558312655087,0.9910188912976154,1612.0
2,CS_SHAP_Union,Random_Forest,18,,,,,,,,,,per_class,XSS,0.9649446494464945,0.9757462686567164,0.9703153988868275,1608.0
2,CS_SHAP_Union,Linear_Logistic_SGD,18,0.33306791942033603,0.3274491611924055,0.2969781890330714,0.35787453473060366,0.352331821523389,53.90782413600027,0.057625402000667236,0.002294187514956097,8105.0,aggregate,,,,,
2,CS_SHAP_Union,Linear_Logistic_SGD,18,,,,,,,,,,per_class,Backdoor,0.09828393135725429,0.927038626609442,0.1777255362915075,1631.0
2,CS_SHAP_Union,Linear_Logistic_SGD,18,,,,,,,,,,per_class,DDoS_HTTP,0.33125,0.06272189349112427,0.10547263681592041,1690.0
2,CS_SHAP_Union,Linear_Logistic_SGD,18,,,,,,,,,,per_class,DDoS_ICMP,0.7285390346614836,0.9977817213842058,0.8421643886912563,2254.0
2,CS_SHAP_Union,Linear_Logistic_SGD,18,,,,,,,,,,per_class,DDoS_TCP,0.47633136094674555,0.5893837705918242,0.5268611944368694,1639.0
2,CS_SHAP_Union,Linear_Logistic_SGD,18,,,,,,,,,,per_class,DDoS_UDP,0.9995672868887927,0.9956896551724138,0.997624703087886,2320.0
2,CS_SHAP_Union,Linear_Logistic_SGD,18,,,,,,,,,,per_class,Fingerprinting,0.9347826086956522,0.5375,0.6825396825396824,160.0
2,CS_SHAP_Union,Linear_Logistic_SGD,18,,,,,,,,,,per_class,MITM,1.0,0.84375,0.9152542372881356,64.0
2,CS_SHAP_Union,Linear_Logistic_SGD,18,,,,,,,,,,per_class,Normal,0.796149490373726,0.1807662638210337,0.29463537300922044,3889.0
2,CS_SHAP_Union,Linear_Logistic_SGD,18,,,,,,,,,,per_class,Password,0.0,0.0,0.0,1598.0
2,CS_SHAP_Union,Linear_Logistic_SGD,18,,,,,,,,,,per_class,Port_Scanning,0.378,0.11724565756823821,0.17897727272727273,1612.0
2,CS_SHAP_Union,Linear_Logistic_SGD,18,,,,,,,,,,per_class,Ransomware,0.0,0.0,0.0,1748.0
2,CS_SHAP_Union,Linear_Logistic_SGD,18,,,,,,,,,,per_class,SQL_injection,0.044444444444444446,0.0024242424242424242,0.004597701149425287,1650.0
2,CS_SHAP_Union,Linear_Logistic_SGD,18,,,,,,,,,,per_class,Uploading,0.5067750677506775,0.11381618989653074,0.18588469184890655,1643.0
2,CS_SHAP_Union,Linear_Logistic_SGD,18,,,,,,,,,,per_class,Vulnerability_scanner,0.0,0.0,0.0,1612.0
2,CS_SHAP_Union,Linear_Logistic_SGD,18,,,,,,,,,,per_class,XSS,0.0,0.0,0.0,1608.0
2,Mutual_Information_19,XGBoost,19,0.9756350027868461,0.9677584577908716,0.975595579712726,0.963764079770904,0.9735411573977321,38.901106541000445,0.6814120669996555,0.027128436459895513,7442178.0,aggregate,,,,,
2,Mutual_Information_19,XGBoost,19,,,,,,,,,,per_class,Backdoor,1.0,0.9656652360515021,0.982532751091703,1631.0
2,Mutual_Information_19,XGBoost,19,,,,,,,,,,per_class,DDoS_HTTP,0.984251968503937,0.9615384615384616,0.9727626459143969,1690.0
2,Mutual_Information_19,XGBoost,19,,,,,,,,,,per_class,DDoS_ICMP,0.9942350332594235,0.9946761313220941,0.9944555333776891,2254.0
2,Mutual_Information_19,XGBoost,19,,,,,,,,,,per_class,DDoS_TCP,1.0,1.0,1.0,1639.0
2,Mutual_Information_19,XGBoost,19,,,,,,,,,,per_class,DDoS_UDP,0.998274374460742,0.9974137931034482,0.9978438982319965,2320.0
2,Mutual_Information_19,XGBoost,19,,,,,,,,,,per_class,Fingerprinting,0.9420289855072463,0.8125,0.8724832214765101,160.0
2,Mutual_Information_19,XGBoost,19,,,,,,,,,,per_class,MITM,1.0,1.0,1.0,64.0
2,Mutual_Information_19,XGBoost,19,,,,,,,,,,per_class,Normal,1.0,1.0,1.0,3889.0
2,Mutual_Information_19,XGBoost,19,,,,,,,,,,per_class,Password,0.9757785467128027,0.8823529411764706,0.9267170555372988,1598.0
2,Mutual_Information_19,XGBoost,19,,,,,,,,,,per_class,Port_Scanning,1.0,0.8827543424317618,0.9377265238879736,1612.0
2,Mutual_Information_19,XGBoost,19,,,,,,,,,,per_class,Ransomware,0.8670634920634921,1.0,0.9287991498405951,1748.0
2,Mutual_Information_19,XGBoost,19,,,,,,,,,,per_class,SQL_injection,0.9251428571428572,0.9812121212121212,0.9523529411764706,1650.0
2,Mutual_Information_19,XGBoost,19,,,,,,,,,,per_class,Uploading,0.964622641509434,0.995739500912964,0.9799341120095837,1643.0
2,Mutual_Information_19,XGBoost,19,,,,,,,,,,per_class,Vulnerability_scanner,0.9943995021779714,0.9913151364764268,0.9928549238894067,1612.0
2,Mutual_Information_19,XGBoost,19,,,,,,,,,,per_class,XSS,0.9648910411622276,0.9912935323383084,0.9779141104294479,1608.0
2,Mutual_Information_19,Random_Forest,19,0.9689465721793137,0.9379075761954863,0.9736715273584634,0.9685728209113758,0.9664299862752906,19.80947973000002,0.6661491320001005,0.026520787164587167,189523790.0,aggregate,,,,,
2,Mutual_Information_19,Random_Forest,19,,,,,,,,,,per_class,Backdoor,1.0,0.9656652360515021,0.982532751091703,1631.0
2,Mutual_Information_19,Random_Forest,19,,,,,,,,,,per_class,DDoS_HTTP,0.9782739891369946,0.9591715976331361,0.9686286226471468,1690.0
2,Mutual_Information_19,Random_Forest,19,,,,,,,,,,per_class,DDoS_ICMP,0.9995563442768411,0.9995563442768411,0.9995563442768411,2254.0
2,Mutual_Information_19,Random_Forest,19,,,,,,,,,,per_class,DDoS_TCP,1.0,1.0,1.0,1639.0
2,Mutual_Information_19,Random_Forest,19,,,,,,,,,,per_class,DDoS_UDP,1.0,0.9995689655172414,0.999784436300927,2320.0
2,Mutual_Information_19,Random_Forest,19,,,,,,,,,,per_class,Fingerprinting,0.2597402597402597,1.0,0.4123711340206185,160.0
2,Mutual_Information_19,Random_Forest,19,,,,,,,,,,per_class,MITM,1.0,1.0,1.0,64.0
2,Mutual_Information_19,Random_Forest,19,,,,,,,,,,per_class,Normal,1.0,1.0,1.0,3889.0
2,Mutual_Information_19,Random_Forest,19,,,,,,,,,,per_class,Password,0.9740082079343365,0.8911138923654568,0.9307189542483659,1598.0
2,Mutual_Information_19,Random_Forest,19,,,,,,,,,,per_class,Port_Scanning,1.0,0.8827543424317618,0.9377265238879736,1612.0
2,Mutual_Information_19,Random_Forest,19,,,,,,,,,,per_class,Ransomware,1.0,0.879862700228833,0.9360925136944614,1748.0
2,Mutual_Information_19,Random_Forest,19,,,,,,,,,,per_class,SQL_injection,0.9282845668387837,0.9806060606060606,0.9537282640730916,1650.0
2,Mutual_Information_19,Random_Forest,19,,,,,,,,,,per_class,Uploading,0.9691577698695136,0.9945222154595252,0.9816761790327426,1643.0
2,Mutual_Information_19,Random_Forest,19,,,,,,,,,,per_class,Vulnerability_scanner,0.9931549471064095,0.9900744416873449,0.9916123019571296,1612.0
2,Mutual_Information_19,Random_Forest,19,,,,,,,,,,per_class,XSS,0.9629404617253949,0.9856965174129353,0.9741856177012908,1608.0
2,Mutual_Information_19,Linear_Logistic_SGD,19,0.3199299307269687,0.26544994492390606,0.27307394788635925,0.30012448194709956,0.32155737450216415,49.91973782700006,0.06791304600028525,0.002703760092375398,8597.0,aggregate,,,,,
2,Mutual_Information_19,Linear_Logistic_SGD,19,,,,,,,,,,per_class,Backdoor,0.0375,0.005518087063151441,0.00962052378407269,1631.0
2,Mutual_Information_19,Linear_Logistic_SGD,19,,,,,,,,,,per_class,DDoS_HTTP,0.27245508982035926,0.05384615384615385,0.08992094861660078,1690.0
2,Mutual_Information_19,Linear_Logistic_SGD,19,,,,,,,,,,per_class,DDoS_ICMP,0.7525117213663765,0.9968944099378882,0.8576335877862595,2254.0
2,Mutual_Information_19,Linear_Logistic_SGD,19,,,,,,,,,,per_class,DDoS_TCP,0.018518518518518517,0.0012202562538133007,0.0022896393817973667,1639.0
2,Mutual_Information_19,Linear_Logistic_SGD,19,,,,,,,,,,per_class,DDoS_UDP,0.9973969631236442,0.990948275862069,0.9941621621621621,2320.0
2,Mutual_Information_19,Linear_Logistic_SGD,19,,,,,,,,,,per_class,Fingerprinting,0.9444444444444444,0.53125,0.6799999999999999,160.0
2,Mutual_Information_19,Linear_Logistic_SGD,19,,,,,,,,,,per_class,MITM,1.0,0.15625,0.2702702702702703,64.0
2,Mutual_Information_19,Linear_Logistic_SGD,19,,,,,,,,,,per_class,Normal,0.4188701923076923,0.17922345075854976,0.2510354763191068,3889.0
2,Mutual_Information_19,Linear_Logistic_SGD,19,,,,,,,,,,per_class,Password,0.075,0.0018773466833541927,0.0036630036630036626,1598.0
2,Mutual_Information_19,Linear_Logistic_SGD,19,,,,,,,,,,per_class,Port_Scanning,0.37349397590361444,0.5576923076923077,0.44737496889773576,1612.0
2,Mutual_Information_19,Linear_Logistic_SGD,19,,,,,,,,,,per_class,Ransomware,0.0,0.0,0.0,1748.0
2,Mutual_Information_19,Linear_Logistic_SGD,19,,,,,,,,,,per_class,SQL_injection,0.10322403997535766,0.9139393939393939,0.18549726305430841,1650.0
2,Mutual_Information_19,Linear_Logistic_SGD,19,,,,,,,,,,per_class,Uploading,0.5961538461538461,0.11320754716981132,0.19028132992327368,1643.0
2,Mutual_Information_19,Linear_Logistic_SGD,19,,,,,,,,,,per_class,Vulnerability_scanner,0.0,0.0,0.0,1612.0
2,Mutual_Information_19,Linear_Logistic_SGD,19,,,,,,,,,,per_class,XSS,0.0,0.0,0.0,1608.0
2,Random_Forest_Importance_19,XGBoost,19,0.9752368819173501,0.9678637663224763,0.9752099604145459,0.9645123306168615,0.9731057126891104,36.75655719600036,0.6937259650003398,0.027618678437787234,7426491.0,aggregate,,,,,
2,Random_Forest_Importance_19,XGBoost,19,,,,,,,,,,per_class,Backdoor,1.0,0.9656652360515021,0.982532751091703,1631.0
2,Random_Forest_Importance_19,XGBoost,19,,,,,,,,,,per_class,DDoS_HTTP,0.9836165048543689,0.9591715976331361,0.9712402636309168,1690.0
2,Random_Forest_Importance_19,XGBoost,19,,,,,,,,,,per_class,DDoS_ICMP,0.9951154529307282,0.9942324755989352,0.9946737683089215,2254.0
2,Random_Forest_Importance_19,XGBoost,19,,,,,,,,,,per_class,DDoS_TCP,1.0,1.0,1.0,1639.0
2,Random_Forest_Importance_19,XGBoost,19,,,,,,,,,,per_class,DDoS_UDP,0.9982736296935693,0.9969827586206896,0.9976277765796852,2320.0
2,Random_Forest_Importance_19,XGBoost,19,,,,,,,,,,per_class,Fingerprinting,0.9366197183098591,0.83125,0.8807947019867549,160.0
2,Random_Forest_Importance_19,XGBoost,19,,,,,,,,,,per_class,MITM,1.0,1.0,1.0,64.0
2,Random_Forest_Importance_19,XGBoost,19,,,,,,,,,,per_class,Normal,1.0,1.0,1.0,3889.0
2,Random_Forest_Importance_19,XGBoost,19,,,,,,,,,,per_class,Password,0.9723947550034506,0.8817271589486858,0.9248441089596325,1598.0
2,Random_Forest_Importance_19,XGBoost,19,,,,,,,,,,per_class,Port_Scanning,1.0,0.8827543424317618,0.9377265238879736,1612.0
2,Random_Forest_Importance_19,XGBoost,19,,,,,,,,,,per_class,Ransomware,0.8670634920634921,1.0,0.9287991498405951,1748.0
2,Random_Forest_Importance_19,XGBoost,19,,,,,,,,,,per_class,SQL_injection,0.9244851258581236,0.9793939393939394,0.9511477339611536,1650.0
2,Random_Forest_Importance_19,XGBoost,19,,,,,,,,,,per_class,Uploading,0.9645808736717828,0.9945222154595252,0.9793227449805215,1643.0
2,Random_Forest_Importance_19,XGBoost,19,,,,,,,,,,per_class,Vulnerability_scanner,0.9937849596022374,0.9919354838709677,0.9928593604470661,1612.0
2,Random_Forest_Importance_19,XGBoost,19,,,,,,,,,,per_class,XSS,0.9630973986690865,0.9900497512437811,0.9763876111622202,1608.0
2,Random_Forest_Importance_19,Random_Forest,19,0.9685086392228681,0.9374537472322543,0.9732313673802256,0.9681307070732004,0.9659494642783335,19.640820810999685,0.6704178840000168,0.026690735090374108,190333380.0,aggregate,,,,,
2,Random_Forest_Importance_19,Random_Forest,19,,,,,,,,,,per_class,Backdoor,1.0,0.9656652360515021,0.982532751091703,1631.0
2,Random_Forest_Importance_19,Random_Forest,19,,,,,,,,,,per_class,DDoS_HTTP,0.9794313369630974,0.9579881656804734,0.968591085851032,1690.0
2,Random_Forest_Importance_19,Random_Forest,19,,,,,,,,,,per_class,DDoS_ICMP,0.9995563442768411,0.9995563442768411,0.9995563442768411,2254.0
2,Random_Forest_Importance_19,Random_Forest,19,,,,,,,,,,per_class,DDoS_TCP,1.0,1.0,1.0,1639.0
2,Random_Forest_Importance_19,Random_Forest,19,,,,,,,,,,per_class,DDoS_UDP,1.0,0.9995689655172414,0.999784436300927,2320.0
2,Random_Forest_Importance_19,Random_Forest,19,,,,,,,,,,per_class,Fingerprinting,0.2597402597402597,1.0,0.4123711340206185,160.0
2,Random_Forest_Importance_19,Random_Forest,19,,,,,,,,,,per_class,MITM,1.0,1.0,1.0,64.0
2,Random_Forest_Importance_19,Random_Forest,19,,,,,,,,,,per_class,Normal,1.0,1.0,1.0,3889.0
2,Random_Forest_Importance_19,Random_Forest,19,,,,,,,,,,per_class,Password,0.9673691366417403,0.890488110137672,0.9273378950798306,1598.0
2,Random_Forest_Importance_19,Random_Forest,19,,,,,,,,,,per_class,Port_Scanning,1.0,0.8827543424317618,0.9377265238879736,1612.0
2,Random_Forest_Importance_19,Random_Forest,19,,,,,,,,,,per_class,Ransomware,1.0,0.879862700228833,0.9360925136944614,1748.0
2,Random_Forest_Importance_19,Random_Forest,19,,,,,,,,,,per_class,SQL_injection,0.9279123414071511,0.9751515151515151,0.9509456264775413,1650.0
2,Random_Forest_Importance_19,Random_Forest,19,,,,,,,,,,per_class,Uploading,0.968564650059312,0.9939135727328059,0.9810753980174226,1643.0
2,Random_Forest_Importance_19,Random_Forest,19,,,,,,,,,,per_class,Vulnerability_scanner,0.990700557966522,0.9913151364764268,0.9910077519379845,1612.0
2,Random_Forest_Importance_19,Random_Forest,19,,,,,,,,,,per_class,XSS,0.9641119221411192,0.9856965174129353,0.9747847478474784,1608.0
2,Random_Forest_Importance_19,Linear_Logistic_SGD,19,0.31873556811848075,0.2648340629508387,0.27236399983875537,0.29922763318711343,0.32001407136291865,50.7105762809997,0.06534076299976732,0.0026013521378998056,8587.0,aggregate,,,,,
2,Random_Forest_Importance_19,Linear_Logistic_SGD,19,,,,,,,,,,per_class,Backdoor,0.0371900826446281,0.005518087063151441,0.009610250934329953,1631.0
2,Random_Forest_Importance_19,Linear_Logistic_SGD,19,,,,,,,,,,per_class,DDoS_HTTP,0.27245508982035926,0.05384615384615385,0.08992094861660078,1690.0
2,Random_Forest_Importance_19,Linear_Logistic_SGD,19,,,,,,,,,,per_class,DDoS_ICMP,0.7507517540928834,0.9968944099378882,0.8564894225271584,2254.0
2,Random_Forest_Importance_19,Linear_Logistic_SGD,19,,,,,,,,,,per_class,DDoS_TCP,0.018518518518518517,0.0012202562538133007,0.0022896393817973667,1639.0
2,Random_Forest_Importance_19,Linear_Logistic_SGD,19,,,,,,,,,,per_class,DDoS_UDP,0.9995588883987648,0.9767241379310345,0.9880095923261392,2320.0
2,Random_Forest_Importance_19,Linear_Logistic_SGD,19,,,,,,,,,,per_class,Fingerprinting,0.9444444444444444,0.53125,0.6799999999999999,160.0
2,Random_Forest_Importance_19,Linear_Logistic_SGD,19,,,,,,,,,,per_class,MITM,1.0,0.15625,0.2702702702702703,64.0
2,Random_Forest_Importance_19,Linear_Logistic_SGD,19,,,,,,,,,,per_class,Normal,0.41991601679664065,0.17999485728979173,0.251979841612671,3889.0
2,Random_Forest_Importance_19,Linear_Logistic_SGD,19,,,,,,,,,,per_class,Password,0.075,0.0018773466833541927,0.0036630036630036626,1598.0
2,Random_Forest_Importance_19,Linear_Logistic_SGD,19,,,,,,,,,,per_class,Port_Scanning,0.36950267159884914,0.5576923076923077,0.4444993819530284,1612.0
2,Random_Forest_Importance_19,Linear_Logistic_SGD,19,,,,,,,,,,per_class,Ransomware,0.0,0.0,0.0,1748.0
2,Random_Forest_Importance_19,Linear_Logistic_SGD,19,,,,,,,,,,per_class,SQL_injection,0.10322403997535766,0.9139393939393939,0.18549726305430841,1650.0
2,Random_Forest_Importance_19,Linear_Logistic_SGD,19,,,,,,,,,,per_class,Uploading,0.5961538461538461,0.11320754716981132,0.19028132992327368,1643.0
2,Random_Forest_Importance_19,Linear_Logistic_SGD,19,,,,,,,,,,per_class,Vulnerability_scanner,0.0,0.0,0.0,1612.0
2,Random_Forest_Importance_19,Linear_Logistic_SGD,19,,,,,,,,,,per_class,XSS,0.0,0.0,0.0,1608.0
3,Full_42,XGBoost,42,0.9783024126124692,0.9703348900303858,0.9781807829263577,0.9674855349545859,0.976375685366472,46.96609326900034,0.7508988719991976,0.029894851182387036,7251771.0,aggregate,,,,,
3,Full_42,XGBoost,42,,,,,,,,,,per_class,Backdoor,1.0,0.9717964438994482,0.9856965174129353,1631.0
3,Full_42,XGBoost,42,,,,,,,,,,per_class,DDoS_HTTP,0.98421372191864,0.9591715976331361,0.9715313155528917,1690.0
3,Full_42,XGBoost,42,,,,,,,,,,per_class,DDoS_ICMP,0.9986642920747997,0.9951197870452528,0.9968888888888889,2254.0
3,Full_42,XGBoost,42,,,,,,,,,,per_class,DDoS_TCP,1.0,1.0,1.0,1640.0
3,Full_42,XGBoost,42,,,,,,,,,,per_class,DDoS_UDP,1.0,1.0,1.0,2319.0
3,Full_42,XGBoost,42,,,,,,,,,,per_class,Fingerprinting,0.9300699300699301,0.8260869565217391,0.8750000000000001,161.0
3,Full_42,XGBoost,42,,,,,,,,,,per_class,MITM,1.0,1.0,1.0,64.0
3,Full_42,XGBoost,42,,,,,,,,,,per_class,Normal,1.0,1.0,1.0,3888.0
3,Full_42,XGBoost,42,,,,,,,,,,per_class,Password,0.9761570827489481,0.8710888610763454,0.9206349206349206,1598.0
3,Full_42,XGBoost,42,,,,,,,,,,per_class,Port_Scanning,0.9397227245328511,0.9677219118559901,0.9535168195718655,1611.0
3,Full_42,XGBoost,42,,,,,,,,,,per_class,Ransomware,0.9469525959367946,0.959954233409611,0.953409090909091,1748.0
3,Full_42,XGBoost,42,,,,,,,,,,per_class,SQL_injection,0.915406162464986,0.9903030303030304,0.9513828238719069,1650.0
3,Full_42,XGBoost,42,,,,,,,,,,per_class,Uploading,0.9666666666666667,0.9884357881923311,0.9774300331026182,1643.0
3,Full_42,XGBoost,42,,,,,,,,,,per_class,Vulnerability_scanner,0.9919604205318491,0.9944203347799132,0.993188854489164,1613.0
3,Full_42,XGBoost,42,,,,,,,,,,per_class,XSS,0.9647844565877353,0.9881840796019901,0.9763440860215054,1608.0
3,Full_42,Random_Forest,42,0.9763914324388885,0.9597406108630847,0.9766540205946208,0.9691397098971114,0.9742805801561507,20.000552091999452,0.7822448019996955,0.03114279807308287,199631893.0,aggregate,,,,,
3,Full_42,Random_Forest,42,,,,,,,,,,per_class,Backdoor,1.0,0.9717964438994482,0.9856965174129353,1631.0
3,Full_42,Random_Forest,42,,,,,,,,,,per_class,DDoS_HTTP,0.9771771771771772,0.9627218934911242,0.9698956780923995,1690.0
3,Full_42,Random_Forest,42,,,,,,,,,,per_class,DDoS_ICMP,1.0,0.9991126885536823,0.9995561473590767,2254.0
3,Full_42,Random_Forest,42,,,,,,,,,,per_class,DDoS_TCP,1.0,1.0,1.0,1640.0
3,Full_42,Random_Forest,42,,,,,,,,,,per_class,DDoS_UDP,1.0,1.0,1.0,2319.0
3,Full_42,Random_Forest,42,,,,,,,,,,per_class,Fingerprinting,0.6137339055793991,0.8881987577639752,0.7258883248730965,161.0
3,Full_42,Random_Forest,42,,,,,,,,,,per_class,MITM,1.0,1.0,1.0,64.0
3,Full_42,Random_Forest,42,,,,,,,,,,per_class,Normal,1.0,1.0,1.0,3888.0
3,Full_42,Random_Forest,42,,,,,,,,,,per_class,Password,0.9584468664850136,0.8804755944931164,0.9178082191780822,1598.0
3,Full_42,Random_Forest,42,,,,,,,,,,per_class,Port_Scanning,0.9673704414587332,0.9385474860335196,0.9527410207939507,1611.0
3,Full_42,Random_Forest,42,,,,,,,,,,per_class,Ransomware,0.9469525959367946,0.959954233409611,0.953409090909091,1748.0
3,Full_42,Random_Forest,42,,,,,,,,,,per_class,SQL_injection,0.9188107489994283,0.973939393939394,0.9455722271256253,1650.0
3,Full_42,Random_Forest,42,,,,,,,,,,per_class,Uploading,0.970131421744325,0.9884357881923311,0.9791980705456739,1643.0
3,Full_42,Random_Forest,42,,,,,,,,,,per_class,Vulnerability_scanner,0.9919204474829086,0.9894606323620583,0.9906890130353817,1613.0
3,Full_42,Random_Forest,42,,,,,,,,,,per_class,XSS,0.9670128283445327,0.9844527363184079,0.9756548536209554,1608.0
3,Full_42,Linear_Logistic_SGD,42,0.3088621705549805,0.23823640266919538,0.2596646576642393,0.2987168054301957,0.3205021525100268,66.01775885500047,0.08124115999999049,0.003234380125805816,11963.0,aggregate,,,,,
3,Full_42,Linear_Logistic_SGD,42,,,,,,,,,,per_class,Backdoor,0.024489795918367346,0.003678724708767627,0.006396588486140726,1631.0
3,Full_42,Linear_Logistic_SGD,42,,,,,,,,,,per_class,DDoS_HTTP,0.35135135135135137,0.1,0.155688622754491,1690.0
3,Full_42,Linear_Logistic_SGD,42,,,,,,,,,,per_class,DDoS_ICMP,0.6738210399032648,0.9889086069210293,0.8015102481121897,2254.0
3,Full_42,Linear_Logistic_SGD,42,,,,,,,,,,per_class,DDoS_TCP,0.0,0.0,0.0,1640.0
3,Full_42,Linear_Logistic_SGD,42,,,,,,,,,,per_class,DDoS_UDP,0.9991311902693311,0.9918068132815869,0.995455529106254,2319.0
3,Full_42,Linear_Logistic_SGD,42,,,,,,,,,,per_class,Fingerprinting,0.3230769230769231,0.6521739130434783,0.43209876543209885,161.0
3,Full_42,Linear_Logistic_SGD,42,,,,,,,,,,per_class,MITM,1.0,0.15625,0.2702702702702703,64.0
3,Full_42,Linear_Logistic_SGD,42,,,,,,,,,,per_class,Normal,0.7050359712230215,0.15123456790123457,0.24904701397712833,3888.0
3,Full_42,Linear_Logistic_SGD,42,,,,,,,,,,per_class,Password,0.0,0.0,0.0,1598.0
3,Full_42,Linear_Logistic_SGD,42,,,,,,,,,,per_class,Port_Scanning,0.4117647058823529,0.5344506517690876,0.4651539708265802,1611.0
3,Full_42,Linear_Logistic_SGD,42,,,,,,,,,,per_class,Ransomware,1.0,0.013157894736842105,0.025974025974025976,1748.0
3,Full_42,Linear_Logistic_SGD,42,,,,,,,,,,per_class,SQL_injection,0.09517939401803673,0.889090909090909,0.17195100509875166,1650.0
3,Full_42,Linear_Logistic_SGD,42,,,,,,,,,,per_class,Uploading,0.0,0.0,0.0,1643.0
3,Full_42,Linear_Logistic_SGD,42,,,,,,,,,,per_class,Vulnerability_scanner,0.0,0.0,0.0,1613.0
3,Full_42,Linear_Logistic_SGD,42,,,,,,,,,,per_class,XSS,0.0,0.0,0.0,1608.0
3,Natural_Global_20,XGBoost,20,0.9781829763516203,0.9698295708269191,0.9780633782537231,0.9670010082775402,0.9762419205386327,34.86379674799991,0.6898101599999791,0.027462782068635207,7326004.0,aggregate,,,,,
3,Natural_Global_20,XGBoost,20,,,,,,,,,,per_class,Backdoor,1.0,0.9717964438994482,0.9856965174129353,1631.0
3,Natural_Global_20,XGBoost,20,,,,,,,,,,per_class,DDoS_HTTP,0.9836363636363636,0.9603550295857988,0.9718562874251496,1690.0
3,Natural_Global_20,XGBoost,20,,,,,,,,,,per_class,DDoS_ICMP,0.9982190560997328,0.9946761313220941,0.9964444444444445,2254.0
3,Natural_Global_20,XGBoost,20,,,,,,,,,,per_class,DDoS_TCP,1.0,1.0,1.0,1640.0
3,Natural_Global_20,XGBoost,20,,,,,,,,,,per_class,DDoS_UDP,1.0,1.0,1.0,2319.0
3,Natural_Global_20,XGBoost,20,,,,,,,,,,per_class,Fingerprinting,0.9230769230769231,0.8198757763975155,0.868421052631579,161.0
3,Natural_Global_20,XGBoost,20,,,,,,,,,,per_class,MITM,1.0,1.0,1.0,64.0
3,Natural_Global_20,XGBoost,20,,,,,,,,,,per_class,Normal,1.0,1.0,1.0,3888.0
3,Natural_Global_20,XGBoost,20,,,,,,,,,,per_class,Password,0.973463687150838,0.8723404255319149,0.9201320132013201,1598.0
3,Natural_Global_20,XGBoost,20,,,,,,,,,,per_class,Port_Scanning,0.9397227245328511,0.9677219118559901,0.9535168195718655,1611.0
3,Natural_Global_20,XGBoost,20,,,,,,,,,,per_class,Ransomware,0.9469525959367946,0.959954233409611,0.953409090909091,1748.0
3,Natural_Global_20,XGBoost,20,,,,,,,,,,per_class,SQL_injection,0.9162450815064643,0.9878787878787879,0.9507144940215807,1650.0
3,Natural_Global_20,XGBoost,20,,,,,,,,,,per_class,Uploading,0.9666666666666667,0.9884357881923311,0.9774300331026182,1643.0
3,Natural_Global_20,XGBoost,20,,,,,,,,,,per_class,Vulnerability_scanner,0.9925788497217068,0.9950402975821451,0.9938080495356038,1613.0
3,Natural_Global_20,XGBoost,20,,,,,,,,,,per_class,XSS,0.9653284671532847,0.9869402985074627,0.9760147601476015,1608.0
3,Natural_Global_20,Random_Forest,20,0.9768691774822836,0.9602310055440282,0.9771323392906319,0.9696353205511343,0.974802562824993,19.47206231600012,0.6708222300003399,0.026706832948496694,187341671.0,aggregate,,,,,
3,Natural_Global_20,Random_Forest,20,,,,,,,,,,per_class,Backdoor,1.0,0.9717964438994482,0.9856965174129353,1631.0
3,Natural_Global_20,Random_Forest,20,,,,,,,,,,per_class,DDoS_HTTP,0.9806996381182147,0.9621301775147929,0.971326164874552,1690.0
3,Natural_Global_20,Random_Forest,20,,,,,,,,,,per_class,DDoS_ICMP,1.0,0.9991126885536823,0.9995561473590767,2254.0
3,Natural_Global_20,Random_Forest,20,,,,,,,,,,per_class,DDoS_TCP,1.0,1.0,1.0,1640.0
3,Natural_Global_20,Random_Forest,20,,,,,,,,,,per_class,DDoS_UDP,1.0,1.0,1.0,2319.0
3,Natural_Global_20,Random_Forest,20,,,,,,,,,,per_class,Fingerprinting,0.6137339055793991,0.8881987577639752,0.7258883248730965,161.0
3,Natural_Global_20,Random_Forest,20,,,,,,,,,,per_class,MITM,1.0,1.0,1.0,64.0
3,Natural_Global_20,Random_Forest,20,,,,,,,,,,per_class,Normal,1.0,1.0,1.0,3888.0
3,Natural_Global_20,Random_Forest,20,,,,,,,,,,per_class,Password,0.9611451942740287,0.8823529411764706,0.9200652528548124,1598.0
3,Natural_Global_20,Random_Forest,20,,,,,,,,,,per_class,Port_Scanning,0.9673704414587332,0.9385474860335196,0.9527410207939507,1611.0
3,Natural_Global_20,Random_Forest,20,,,,,,,,,,per_class,Ransomware,0.9469525959367946,0.959954233409611,0.953409090909091,1748.0
3,Natural_Global_20,Random_Forest,20,,,,,,,,,,per_class,SQL_injection,0.92,0.9757575757575757,0.9470588235294117,1650.0
3,Natural_Global_20,Random_Forest,20,,,,,,,,,,per_class,Uploading,0.9707287933094385,0.9890444309190505,0.9798010250226108,1643.0
3,Natural_Global_20,Random_Forest,20,,,,,,,,,,per_class,Vulnerability_scanner,0.9919454770755886,0.9925604463732176,0.9922528664394173,1613.0
3,Natural_Global_20,Random_Forest,20,,,,,,,,,,per_class,XSS,0.9664429530201343,0.9850746268656716,0.975669849091469,1608.0
3,Natural_Global_20,Linear_Logistic_SGD,20,0.31582928577116015,0.2496944228981281,0.27110270924121266,0.300554904402737,0.3291861186470174,50.796314416000314,0.06489521700041223,0.002583614021833436,8589.0,aggregate,,,,,
3,Natural_Global_20,Linear_Logistic_SGD,20,,,,,,,,,,per_class,Backdoor,0.024489795918367346,0.003678724708767627,0.006396588486140726,1631.0
3,Natural_Global_20,Linear_Logistic_SGD,20,,,,,,,,,,per_class,DDoS_HTTP,0.3525773195876289,0.10118343195266272,0.15724137931034482,1690.0
3,Natural_Global_20,Linear_Logistic_SGD,20,,,,,,,,,,per_class,DDoS_ICMP,0.7177341486964918,0.9893522626441881,0.8319343406080956,2254.0
3,Natural_Global_20,Linear_Logistic_SGD,20,,,,,,,,,,per_class,DDoS_TCP,0.0,0.0,0.0,1640.0
3,Natural_Global_20,Linear_Logistic_SGD,20,,,,,,,,,,per_class,DDoS_UDP,0.997398091934085,0.9918068132815869,0.9945945945945945,2319.0
3,Natural_Global_20,Linear_Logistic_SGD,20,,,,,,,,,,per_class,Fingerprinting,0.4298245614035088,0.6086956521739131,0.5038560411311055,161.0
3,Natural_Global_20,Linear_Logistic_SGD,20,,,,,,,,,,per_class,MITM,1.0,0.15625,0.2702702702702703,64.0
3,Natural_Global_20,Linear_Logistic_SGD,20,,,,,,,,,,per_class,Normal,0.7399577167019028,0.1800411522633745,0.2896152254861399,3888.0
3,Natural_Global_20,Linear_Logistic_SGD,20,,,,,,,,,,per_class,Password,0.0,0.0,0.0,1598.0
3,Natural_Global_20,Linear_Logistic_SGD,20,,,,,,,,,,per_class,Port_Scanning,0.40535714285714286,0.563625077591558,0.471565827057907,1611.0
3,Natural_Global_20,Linear_Logistic_SGD,20,,,,,,,,,,per_class,Ransomware,0.9772727272727273,0.02459954233409611,0.04799107142857143,1748.0
3,Natural_Global_20,Linear_Logistic_SGD,20,,,,,,,,,,per_class,SQL_injection,0.09517939401803673,0.889090909090909,0.17195100509875166,1650.0
3,Natural_Global_20,Linear_Logistic_SGD,20,,,,,,,,,,per_class,Uploading,0.0,0.0,0.0,1643.0
3,Natural_Global_20,Linear_Logistic_SGD,20,,,,,,,,,,per_class,Vulnerability_scanner,0.0,0.0,0.0,1613.0
3,Natural_Global_20,Linear_Logistic_SGD,20,,,,,,,,,,per_class,XSS,0.0,0.0,0.0,1608.0
3,Class_Balanced_15,XGBoost,15,0.97722748626483,0.9690282618816375,0.9771570644718974,0.9658287572727816,0.9752766898880902,31.108539821000704,0.6762818290007999,0.026924190978612945,7112821.0,aggregate,,,,,
3,Class_Balanced_15,XGBoost,15,,,,,,,,,,per_class,Backdoor,1.0,0.9717964438994482,0.9856965174129353,1631.0
3,Class_Balanced_15,XGBoost,15,,,,,,,,,,per_class,DDoS_HTTP,0.9920634920634921,0.9615384615384616,0.9765625,1690.0
3,Class_Balanced_15,XGBoost,15,,,,,,,,,,per_class,DDoS_ICMP,0.9960017769880053,0.9946761313220941,0.9953385127635961,2254.0
3,Class_Balanced_15,XGBoost,15,,,,,,,,,,per_class,DDoS_TCP,1.0,1.0,1.0,1640.0
3,Class_Balanced_15,XGBoost,15,,,,,,,,,,per_class,DDoS_UDP,1.0,0.9978438982319966,0.9989207856680337,2319.0
3,Class_Balanced_15,XGBoost,15,,,,,,,,,,per_class,Fingerprinting,0.9230769230769231,0.8198757763975155,0.868421052631579,161.0
3,Class_Balanced_15,XGBoost,15,,,,,,,,,,per_class,MITM,1.0,1.0,1.0,64.0
3,Class_Balanced_15,XGBoost,15,,,,,,,,,,per_class,Normal,1.0,1.0,1.0,3888.0
3,Class_Balanced_15,XGBoost,15,,,,,,,,,,per_class,Password,0.9823321554770318,0.869837296620776,0.9226684367739794,1598.0
3,Class_Balanced_15,XGBoost,15,,,,,,,,,,per_class,Port_Scanning,1.0,0.8969584109248914,0.9456806282722513,1611.0
3,Class_Balanced_15,XGBoost,15,,,,,,,,,,per_class,Ransomware,0.8801611278952669,1.0,0.93626138189609,1748.0
3,Class_Balanced_15,XGBoost,15,,,,,,,,,,per_class,SQL_injection,0.9144295302013423,0.990909090909091,0.9511343804537522,1650.0
3,Class_Balanced_15,XGBoost,15,,,,,,,,,,per_class,Uploading,0.966824644549763,0.9933049300060864,0.9798859201441009,1643.0
3,Class_Balanced_15,XGBoost,15,,,,,,,,,,per_class,Vulnerability_scanner,0.9956521739130435,0.9938003719776813,0.9947254111076637,1613.0
3,Class_Balanced_15,XGBoost,15,,,,,,,,,,per_class,XSS,0.9639206253758268,0.9968905472636815,0.9801284011005809,1608.0
3,Class_Balanced_15,Random_Forest,15,0.9686678875706665,0.9388428028837661,0.9726052595897361,0.9682236525153094,0.96604635056292,17.189874906000114,0.6570982990006087,0.02616045461424511,168630463.0,aggregate,,,,,
3,Class_Balanced_15,Random_Forest,15,,,,,,,,,,per_class,Backdoor,1.0,0.9717964438994482,0.9856965174129353,1631.0
3,Class_Balanced_15,Random_Forest,15,,,,,,,,,,per_class,DDoS_HTTP,0.9685273159144893,0.9650887573964497,0.966804979253112,1690.0
3,Class_Balanced_15,Random_Forest,15,,,,,,,,,,per_class,DDoS_ICMP,1.0,0.9991126885536823,0.9995561473590767,2254.0
3,Class_Balanced_15,Random_Forest,15,,,,,,,,,,per_class,DDoS_TCP,1.0,1.0,1.0,1640.0
3,Class_Balanced_15,Random_Forest,15,,,,,,,,,,per_class,DDoS_UDP,1.0,1.0,1.0,2319.0
3,Class_Balanced_15,Random_Forest,15,,,,,,,,,,per_class,Fingerprinting,0.2875,1.0,0.44660194174757273,161.0
3,Class_Balanced_15,Random_Forest,15,,,,,,,,,,per_class,MITM,1.0,1.0,1.0,64.0
3,Class_Balanced_15,Random_Forest,15,,,,,,,,,,per_class,Normal,1.0,1.0,1.0,3888.0
3,Class_Balanced_15,Random_Forest,15,,,,,,,,,,per_class,Password,0.9356533158240316,0.8917396745932415,0.9131688561358539,1598.0
3,Class_Balanced_15,Random_Forest,15,,,,,,,,,,per_class,Port_Scanning,1.0,0.8969584109248914,0.9456806282722513,1611.0
3,Class_Balanced_15,Random_Forest,15,,,,,,,,,,per_class,Ransomware,1.0,0.8941647597254004,0.9441256418000604,1748.0
3,Class_Balanced_15,Random_Forest,15,,,,,,,,,,per_class,SQL_injection,0.9272727272727272,0.9581818181818181,0.9424739195230999,1650.0
3,Class_Balanced_15,Random_Forest,15,,,,,,,,,,per_class,Uploading,0.9699338544798557,0.9817407181984176,0.9758015728977616,1643.0
3,Class_Balanced_15,Random_Forest,15,,,,,,,,,,per_class,Vulnerability_scanner,0.9907292954264524,0.9938003719776813,0.9922624574435159,1613.0
3,Class_Balanced_15,Random_Forest,15,,,,,,,,,,per_class,XSS,0.9701678060907396,0.970771144278607,0.9704693814112528,1608.0
3,Class_Balanced_15,Linear_Logistic_SGD,15,0.32916633489927544,0.29473503892889386,0.2948763103982841,0.3530681714122645,0.3448319640587525,43.47713836299954,0.05390687099952629,0.002146145035413898,7487.0,aggregate,,,,,
3,Class_Balanced_15,Linear_Logistic_SGD,15,,,,,,,,,,per_class,Backdoor,0.0,0.0,0.0,1631.0
3,Class_Balanced_15,Linear_Logistic_SGD,15,,,,,,,,,,per_class,DDoS_HTTP,0.36007827788649704,0.10887573964497041,0.1671967287596547,1690.0
3,Class_Balanced_15,Linear_Logistic_SGD,15,,,,,,,,,,per_class,DDoS_ICMP,0.8579213701829506,0.9778172138420586,0.9139539705577441,2254.0
3,Class_Balanced_15,Linear_Logistic_SGD,15,,,,,,,,,,per_class,DDoS_TCP,0.5316107751511819,0.5896341463414634,0.5591211332755132,1640.0
3,Class_Balanced_15,Linear_Logistic_SGD,15,,,,,,,,,,per_class,DDoS_UDP,0.9974059662775616,0.9948253557567918,0.9961139896373058,2319.0
3,Class_Balanced_15,Linear_Logistic_SGD,15,,,,,,,,,,per_class,Fingerprinting,0.19006849315068494,0.6894409937888198,0.2979865771812081,161.0
3,Class_Balanced_15,Linear_Logistic_SGD,15,,,,,,,,,,per_class,MITM,1.0,0.734375,0.8468468468468469,64.0
3,Class_Balanced_15,Linear_Logistic_SGD,15,,,,,,,,,,per_class,Normal,0.5650069156293223,0.2101337448559671,0.3063367079115111,3888.0
3,Class_Balanced_15,Linear_Logistic_SGD,15,,,,,,,,,,per_class,Password,0.0,0.0,0.0,1598.0
3,Class_Balanced_15,Linear_Logistic_SGD,15,,,,,,,,,,per_class,Port_Scanning,0.3721973094170404,0.10304158907510863,0.16140009722897422,1611.0
3,Class_Balanced_15,Linear_Logistic_SGD,15,,,,,,,,,,per_class,Ransomware,0.0,0.0,0.0,1748.0
3,Class_Balanced_15,Linear_Logistic_SGD,15,,,,,,,,,,per_class,SQL_injection,0.09526596436467681,0.8878787878787879,0.1720695325346488,1650.0
3,Class_Balanced_15,Linear_Logistic_SGD,15,,,,,,,,,,per_class,Uploading,0.0,0.0,0.0,1643.0
3,Class_Balanced_15,Linear_Logistic_SGD,15,,,,,,,,,,per_class,Vulnerability_scanner,0.0,0.0,0.0,1613.0
3,Class_Balanced_15,Linear_Logistic_SGD,15,,,,,,,,,,per_class,XSS,0.0,0.0,0.0,1608.0
3,Stable_Balanced_Core,XGBoost,15,0.9772672983517796,0.9690700927376455,0.9771976516632558,0.9658689891718084,0.9753209992022626,32.05782585899942,0.7229385419996106,0.028781692093304032,7099617.0,aggregate,,,,,
3,Stable_Balanced_Core,XGBoost,15,,,,,,,,,,per_class,Backdoor,1.0,0.9717964438994482,0.9856965174129353,1631.0
3,Stable_Balanced_Core,XGBoost,15,,,,,,,,,,per_class,DDoS_HTTP,0.9920634920634921,0.9615384615384616,0.9765625,1690.0
3,Stable_Balanced_Core,XGBoost,15,,,,,,,,,,per_class,DDoS_ICMP,0.9960017769880053,0.9946761313220941,0.9953385127635961,2254.0
3,Stable_Balanced_Core,XGBoost,15,,,,,,,,,,per_class,DDoS_TCP,1.0,1.0,1.0,1640.0
3,Stable_Balanced_Core,XGBoost,15,,,,,,,,,,per_class,DDoS_UDP,1.0,0.9978438982319966,0.9989207856680337,2319.0
3,Stable_Balanced_Core,XGBoost,15,,,,,,,,,,per_class,Fingerprinting,0.9230769230769231,0.8198757763975155,0.868421052631579,161.0
3,Stable_Balanced_Core,XGBoost,15,,,,,,,,,,per_class,MITM,1.0,1.0,1.0,64.0
3,Stable_Balanced_Core,XGBoost,15,,,,,,,,,,per_class,Normal,1.0,1.0,1.0,3888.0
3,Stable_Balanced_Core,XGBoost,15,,,,,,,,,,per_class,Password,0.983026874115983,0.869837296620776,0.9229747675962816,1598.0
3,Stable_Balanced_Core,XGBoost,15,,,,,,,,,,per_class,Port_Scanning,1.0,0.8969584109248914,0.9456806282722513,1611.0
3,Stable_Balanced_Core,XGBoost,15,,,,,,,,,,per_class,Ransomware,0.8801611278952669,1.0,0.93626138189609,1748.0
3,Stable_Balanced_Core,XGBoost,15,,,,,,,,,,per_class,SQL_injection,0.9140145170295924,0.9921212121212121,0.9514675966288869,1650.0
3,Stable_Balanced_Core,XGBoost,15,,,,,,,,,,per_class,Uploading,0.9673784104389087,0.992696287279367,0.9798738359867828,1643.0
3,Stable_Balanced_Core,XGBoost,15,,,,,,,,,,per_class,Vulnerability_scanner,0.9956521739130435,0.9938003719776813,0.9947254111076637,1613.0
3,Stable_Balanced_Core,XGBoost,15,,,,,,,,,,per_class,XSS,0.9639206253758268,0.9968905472636815,0.9801284011005809,1608.0
3,Stable_Balanced_Core,Random_Forest,15,0.9683892029620192,0.9385535028705089,0.9723247781791847,0.9679370520495134,0.9657422433708504,17.58690280599967,0.6571059280004192,0.026160758340648908,167753279.0,aggregate,,,,,
3,Stable_Balanced_Core,Random_Forest,15,,,,,,,,,,per_class,Backdoor,1.0,0.9717964438994482,0.9856965174129353,1631.0
3,Stable_Balanced_Core,Random_Forest,15,,,,,,,,,,per_class,DDoS_HTTP,0.9685273159144893,0.9650887573964497,0.966804979253112,1690.0
3,Stable_Balanced_Core,Random_Forest,15,,,,,,,,,,per_class,DDoS_ICMP,1.0,0.9991126885536823,0.9995561473590767,2254.0
3,Stable_Balanced_Core,Random_Forest,15,,,,,,,,,,per_class,DDoS_TCP,1.0,1.0,1.0,1640.0
3,Stable_Balanced_Core,Random_Forest,15,,,,,,,,,,per_class,DDoS_UDP,1.0,1.0,1.0,2319.0
3,Stable_Balanced_Core,Random_Forest,15,,,,,,,,,,per_class,Fingerprinting,0.2875,1.0,0.44660194174757273,161.0
3,Stable_Balanced_Core,Random_Forest,15,,,,,,,,,,per_class,MITM,1.0,1.0,1.0,64.0
3,Stable_Balanced_Core,Random_Forest,15,,,,,,,,,,per_class,Normal,1.0,1.0,1.0,3888.0
3,Stable_Balanced_Core,Random_Forest,15,,,,,,,,,,per_class,Password,0.9330708661417323,0.8898623279098874,0.9109545163356824,1598.0
3,Stable_Balanced_Core,Random_Forest,15,,,,,,,,,,per_class,Port_Scanning,1.0,0.8969584109248914,0.9456806282722513,1611.0
3,Stable_Balanced_Core,Random_Forest,15,,,,,,,,,,per_class,Ransomware,1.0,0.8941647597254004,0.9441256418000604,1748.0
3,Stable_Balanced_Core,Random_Forest,15,,,,,,,,,,per_class,SQL_injection,0.9259694477085781,0.9551515151515152,0.9403341288782816,1650.0
3,Stable_Balanced_Core,Random_Forest,15,,,,,,,,,,per_class,Uploading,0.9693693693693693,0.9823493609251369,0.9758162031438935,1643.0
3,Stable_Balanced_Core,Random_Forest,15,,,,,,,,,,per_class,Vulnerability_scanner,0.9907292954264524,0.9938003719776813,0.9922624574435159,1613.0
3,Stable_Balanced_Core,Random_Forest,15,,,,,,,,,,per_class,XSS,0.9701678060907396,0.970771144278607,0.9704693814112528,1608.0
3,Stable_Balanced_Core,Linear_Logistic_SGD,15,0.32916633489927544,0.2950917657647614,0.29533273244249764,0.3530681714122645,0.3447994355758332,46.79916372699972,0.05640261999997165,0.0022455060116240004,7487.0,aggregate,,,,,
3,Stable_Balanced_Core,Linear_Logistic_SGD,15,,,,,,,,,,per_class,Backdoor,0.0,0.0,0.0,1631.0
3,Stable_Balanced_Core,Linear_Logistic_SGD,15,,,,,,,,,,per_class,DDoS_HTTP,0.36007827788649704,0.10887573964497041,0.1671967287596547,1690.0
3,Stable_Balanced_Core,Linear_Logistic_SGD,15,,,,,,,,,,per_class,DDoS_ICMP,0.8656716417910447,0.9778172138420586,0.9183333333333332,2254.0
3,Stable_Balanced_Core,Linear_Logistic_SGD,15,,,,,,,,,,per_class,DDoS_TCP,0.5333701047986762,0.5896341463414634,0.560092673037938,1640.0
3,Stable_Balanced_Core,Linear_Logistic_SGD,15,,,,,,,,,,per_class,DDoS_UDP,0.9974059662775616,0.9948253557567918,0.9961139896373058,2319.0
3,Stable_Balanced_Core,Linear_Logistic_SGD,15,,,,,,,,,,per_class,Fingerprinting,0.19006849315068494,0.6894409937888198,0.2979865771812081,161.0
3,Stable_Balanced_Core,Linear_Logistic_SGD,15,,,,,,,,,,per_class,MITM,1.0,0.734375,0.8468468468468469,64.0
3,Stable_Balanced_Core,Linear_Logistic_SGD,15,,,,,,,,,,per_class,Normal,0.5650069156293223,0.2101337448559671,0.3063367079115111,3888.0
3,Stable_Balanced_Core,Linear_Logistic_SGD,15,,,,,,,,,,per_class,Password,0.0,0.0,0.0,1598.0
3,Stable_Balanced_Core,Linear_Logistic_SGD,15,,,,,,,,,,per_class,Port_Scanning,0.3721973094170404,0.10304158907510863,0.16140009722897422,1611.0
3,Stable_Balanced_Core,Linear_Logistic_SGD,15,,,,,,,,,,per_class,Ransomware,0.0,0.0,0.0,1748.0
3,Stable_Balanced_Core,Linear_Logistic_SGD,15,,,,,,,,,,per_class,SQL_injection,0.09526596436467681,0.8878787878787879,0.1720695325346488,1650.0
3,Stable_Balanced_Core,Linear_Logistic_SGD,15,,,,,,,,,,per_class,Uploading,0.0,0.0,0.0,1643.0
3,Stable_Balanced_Core,Linear_Logistic_SGD,15,,,,,,,,,,per_class,Vulnerability_scanner,0.0,0.0,0.0,1613.0
3,Stable_Balanced_Core,Linear_Logistic_SGD,15,,,,,,,,,,per_class,XSS,0.0,0.0,0.0,1608.0
3,Stable_Minority_Only,XGBoost,14,0.950394139660801,0.9425814195868034,0.9504209638365925,0.9398450720975579,0.9459951192442534,33.97753994499999,0.8151100680006493,0.032451232900734504,8186366.0,aggregate,,,,,
3,Stable_Minority_Only,XGBoost,14,,,,,,,,,,per_class,Backdoor,1.0,0.9717964438994482,0.9856965174129353,1631.0
3,Stable_Minority_Only,XGBoost,14,,,,,,,,,,per_class,DDoS_HTTP,0.8027057497181511,0.842603550295858,0.8221709006928406,1690.0
3,Stable_Minority_Only,XGBoost,14,,,,,,,,,,per_class,DDoS_ICMP,0.9986577181208054,0.9902395740905058,0.9944308309200266,2254.0
3,Stable_Minority_Only,XGBoost,14,,,,,,,,,,per_class,DDoS_TCP,1.0,1.0,1.0,1640.0
3,Stable_Minority_Only,XGBoost,14,,,,,,,,,,per_class,DDoS_UDP,0.9952708512467756,0.9982751185855973,0.9967707212055975,2319.0
3,Stable_Minority_Only,XGBoost,14,,,,,,,,,,per_class,Fingerprinting,0.9300699300699301,0.8260869565217391,0.8750000000000001,161.0
3,Stable_Minority_Only,XGBoost,14,,,,,,,,,,per_class,MITM,1.0,1.0,1.0,64.0
3,Stable_Minority_Only,XGBoost,14,,,,,,,,,,per_class,Normal,1.0,0.9945987654320988,0.9972920696324952,3888.0
3,Stable_Minority_Only,XGBoost,14,,,,,,,,,,per_class,Password,0.9404591104734576,0.8204005006257822,0.8763368983957219,1598.0
3,Stable_Minority_Only,XGBoost,14,,,,,,,,,,per_class,Port_Scanning,0.9357743097238895,0.9677219118559901,0.9514800122062862,1611.0
3,Stable_Minority_Only,XGBoost,14,,,,,,,,,,per_class,Ransomware,0.9374301675977653,0.959954233409611,0.9485585076314301,1748.0
3,Stable_Minority_Only,XGBoost,14,,,,,,,,,,per_class,SQL_injection,0.8814277071990321,0.883030303030303,0.8822282773236452,1650.0
3,Stable_Minority_Only,XGBoost,14,,,,,,,,,,per_class,Uploading,0.9491413474240423,0.8746195982958004,0.9103579347481787,1643.0
3,Stable_Minority_Only,XGBoost,14,,,,,,,,,,per_class,Vulnerability_scanner,0.9844139650872819,0.9789212647241166,0.9816599316133043,1613.0
3,Stable_Minority_Only,XGBoost,14,,,,,,,,,,per_class,XSS,0.8539989264626946,0.9894278606965174,0.916738692019591,1608.0
3,Stable_Minority_Only,Random_Forest,14,0.9406003662711999,0.9236126766555504,0.9410293097854258,0.9332509537285795,0.9352222603540772,17.73123681299967,0.7472199309995631,0.029748384863427145,371385912.0,aggregate,,,,,
3,Stable_Minority_Only,Random_Forest,14,,,,,,,,,,per_class,Backdoor,1.0,0.9717964438994482,0.9856965174129353,1631.0
3,Stable_Minority_Only,Random_Forest,14,,,,,,,,,,per_class,DDoS_HTTP,0.8072360616844603,0.8053254437869822,0.8062796208530806,1690.0
3,Stable_Minority_Only,Random_Forest,14,,,,,,,,,,per_class,DDoS_ICMP,1.0,0.9991126885536823,0.9995561473590767,2254.0
3,Stable_Minority_Only,Random_Forest,14,,,,,,,,,,per_class,DDoS_TCP,1.0,1.0,1.0,1640.0
3,Stable_Minority_Only,Random_Forest,14,,,,,,,,,,per_class,DDoS_UDP,1.0,1.0,1.0,2319.0
3,Stable_Minority_Only,Random_Forest,14,,,,,,,,,,per_class,Fingerprinting,0.6111111111111112,0.8881987577639752,0.7240506329113924,161.0
3,Stable_Minority_Only,Random_Forest,14,,,,,,,,,,per_class,MITM,1.0,1.0,1.0,64.0
3,Stable_Minority_Only,Random_Forest,14,,,,,,,,,,per_class,Normal,1.0,0.9945987654320988,0.9972920696324952,3888.0
3,Stable_Minority_Only,Random_Forest,14,,,,,,,,,,per_class,Password,0.8284313725490197,0.8460575719649562,0.8371517027863777,1598.0
3,Stable_Minority_Only,Random_Forest,14,,,,,,,,,,per_class,Port_Scanning,0.9636711281070746,0.9385474860335196,0.950943396226415,1611.0
3,Stable_Minority_Only,Random_Forest,14,,,,,,,,,,per_class,Ransomware,0.9395296752519597,0.959954233409611,0.9496321448783248,1748.0
3,Stable_Minority_Only,Random_Forest,14,,,,,,,,,,per_class,SQL_injection,0.8720292504570384,0.8672727272727273,0.869644484958979,1650.0
3,Stable_Minority_Only,Random_Forest,14,,,,,,,,,,per_class,Uploading,0.8817401960784313,0.8758368837492392,0.8787786259541983,1643.0
3,Stable_Minority_Only,Random_Forest,14,,,,,,,,,,per_class,Vulnerability_scanner,0.9837601499063086,0.9764414135151891,0.9800871188550093,1613.0
3,Stable_Minority_Only,Random_Forest,14,,,,,,,,,,per_class,XSS,0.8745341614906832,0.8756218905472637,0.875077688004972,1608.0
3,Stable_Minority_Only,Linear_Logistic_SGD,14,0.23162672187276057,0.25513174674824207,0.213065266249252,0.28986878994106047,0.17684543134571937,42.29809060499974,0.039194791999761946,0.0015604264670659267,6583.0,aggregate,,,,,
3,Stable_Minority_Only,Linear_Logistic_SGD,14,,,,,,,,,,per_class,Backdoor,0.1284814323607427,0.4751686082158185,0.20227065118099957,1631.0
3,Stable_Minority_Only,Linear_Logistic_SGD,14,,,,,,,,,,per_class,DDoS_HTTP,0.0924075924075924,0.21893491124260356,0.12996136283807516,1690.0
3,Stable_Minority_Only,Linear_Logistic_SGD,14,,,,,,,,,,per_class,DDoS_ICMP,0.9770384254920338,0.9250221827861579,0.9503190519598905,2254.0
3,Stable_Minority_Only,Linear_Logistic_SGD,14,,,,,,,,,,per_class,DDoS_TCP,0.00425531914893617,0.0006097560975609756,0.0010666666666666667,1640.0
3,Stable_Minority_Only,Linear_Logistic_SGD,14,,,,,,,,,,per_class,DDoS_UDP,0.9760956175298805,0.10564898663216904,0.1906614785992218,2319.0
3,Stable_Minority_Only,Linear_Logistic_SGD,14,,,,,,,,,,per_class,Fingerprinting,0.7927927927927928,0.546583850931677,0.6470588235294118,161.0
3,Stable_Minority_Only,Linear_Logistic_SGD,14,,,,,,,,,,per_class,MITM,0.6019417475728155,0.96875,0.7425149700598802,64.0
3,Stable_Minority_Only,Linear_Logistic_SGD,14,,,,,,,,,,per_class,Normal,0.2846186621218577,0.17181069958847736,0.21427425821972734,3888.0
3,Stable_Minority_Only,Linear_Logistic_SGD,14,,,,,,,,,,per_class,Password,0.0,0.0,0.0,1598.0
3,Stable_Minority_Only,Linear_Logistic_SGD,14,,,,,,,,,,per_class,Port_Scanning,0.2951471758154336,0.4605834885164494,0.3597575757575757,1611.0
3,Stable_Minority_Only,Linear_Logistic_SGD,14,,,,,,,,,,per_class,Ransomware,0.4166666666666667,0.10583524027459955,0.16879562043795623,1748.0
3,Stable_Minority_Only,Linear_Logistic_SGD,14,,,,,,,,,,per_class,SQL_injection,0.05118694362017804,0.08363636363636363,0.06350667280257707,1650.0
3,Stable_Minority_Only,Linear_Logistic_SGD,14,,,,,,,,,,per_class,Uploading,0.0,0.0,0.0,1643.0
3,Stable_Minority_Only,Linear_Logistic_SGD,14,,,,,,,,,,per_class,Vulnerability_scanner,0.0,0.0,0.0,1613.0
3,Stable_Minority_Only,Linear_Logistic_SGD,14,,,,,,,,,,per_class,XSS,0.10807628914527902,0.28544776119402987,0.15678906917164817,1608.0
3,CS_SHAP_Union,XGBoost,20,0.9790190301775619,0.9709559275564855,0.9788966032908719,0.9682906849037772,0.9771641831160294,35.20066442000007,0.6839863850000256,0.027230925431962164,7147529.0,aggregate,,,,,
3,CS_SHAP_Union,XGBoost,20,,,,,,,,,,per_class,Backdoor,1.0,0.9717964438994482,0.9856965174129353,1631.0
3,CS_SHAP_Union,XGBoost,20,,,,,,,,,,per_class,DDoS_HTTP,0.9920634920634921,0.9615384615384616,0.9765625,1690.0
3,CS_SHAP_Union,XGBoost,20,,,,,,,,,,per_class,DDoS_ICMP,0.9964444444444445,0.9946761313220941,0.9955595026642985,2254.0
3,CS_SHAP_Union,XGBoost,20,,,,,,,,,,per_class,DDoS_TCP,1.0,1.0,1.0,1640.0
3,CS_SHAP_Union,XGBoost,20,,,,,,,,,,per_class,DDoS_UDP,1.0,0.9978438982319966,0.9989207856680337,2319.0
3,CS_SHAP_Union,XGBoost,20,,,,,,,,,,per_class,Fingerprinting,0.9236111111111112,0.8260869565217391,0.8721311475409835,161.0
3,CS_SHAP_Union,XGBoost,20,,,,,,,,,,per_class,MITM,1.0,1.0,1.0,64.0
3,CS_SHAP_Union,XGBoost,20,,,,,,,,,,per_class,Normal,1.0,1.0,1.0,3888.0
3,CS_SHAP_Union,XGBoost,20,,,,,,,,,,per_class,Password,0.9823321554770318,0.869837296620776,0.9226684367739794,1598.0
3,CS_SHAP_Union,XGBoost,20,,,,,,,,,,per_class,Port_Scanning,0.9397227245328511,0.9677219118559901,0.9535168195718655,1611.0
3,CS_SHAP_Union,XGBoost,20,,,,,,,,,,per_class,Ransomware,0.9469525959367946,0.959954233409611,0.953409090909091,1748.0
3,CS_SHAP_Union,XGBoost,20,,,,,,,,,,per_class,SQL_injection,0.9144295302013423,0.990909090909091,0.9511343804537522,1650.0
3,CS_SHAP_Union,XGBoost,20,,,,,,,,,,per_class,Uploading,0.966824644549763,0.9933049300060864,0.9798859201441009,1643.0
3,CS_SHAP_Union,XGBoost,20,,,,,,,,,,per_class,Vulnerability_scanner,0.9956521739130435,0.9938003719776813,0.9947254111076637,1613.0
3,CS_SHAP_Union,XGBoost,20,,,,,,,,,,per_class,XSS,0.9639206253758268,0.9968905472636815,0.9801284011005809,1608.0
3,CS_SHAP_Union,Random_Forest,20,0.9750378214826021,0.9583871105656356,0.9753339974724918,0.9677648612322968,0.9727870703149301,18.872563054999773,0.7585782530004508,0.03020058336652802,167670125.0,aggregate,,,,,
3,CS_SHAP_Union,Random_Forest,20,,,,,,,,,,per_class,Backdoor,1.0,0.9717964438994482,0.9856965174129353,1631.0
3,CS_SHAP_Union,Random_Forest,20,,,,,,,,,,per_class,DDoS_HTTP,0.9679525222551929,0.9650887573964497,0.9665185185185187,1690.0
3,CS_SHAP_Union,Random_Forest,20,,,,,,,,,,per_class,DDoS_ICMP,1.0,0.9991126885536823,0.9995561473590767,2254.0
3,CS_SHAP_Union,Random_Forest,20,,,,,,,,,,per_class,DDoS_TCP,1.0,1.0,1.0,1640.0
3,CS_SHAP_Union,Random_Forest,20,,,,,,,,,,per_class,DDoS_UDP,1.0,1.0,1.0,2319.0
3,CS_SHAP_Union,Random_Forest,20,,,,,,,,,,per_class,Fingerprinting,0.6137339055793991,0.8881987577639752,0.7258883248730965,161.0
3,CS_SHAP_Union,Random_Forest,20,,,,,,,,,,per_class,MITM,1.0,1.0,1.0,64.0
3,CS_SHAP_Union,Random_Forest,20,,,,,,,,,,per_class,Normal,1.0,1.0,1.0,3888.0
3,CS_SHAP_Union,Random_Forest,20,,,,,,,,,,per_class,Password,0.9343401181877873,0.890488110137672,0.911887215636014,1598.0
3,CS_SHAP_Union,Random_Forest,20,,,,,,,,,,per_class,Port_Scanning,0.9673704414587332,0.9385474860335196,0.9527410207939507,1611.0
3,CS_SHAP_Union,Random_Forest,20,,,,,,,,,,per_class,Ransomware,0.9469525959367946,0.959954233409611,0.953409090909091,1748.0
3,CS_SHAP_Union,Random_Forest,20,,,,,,,,,,per_class,SQL_injection,0.9266001174398121,0.9563636363636364,0.9412466447957054,1650.0
3,CS_SHAP_Union,Random_Forest,20,,,,,,,,,,per_class,Uploading,0.9693693693693693,0.9823493609251369,0.9758162031438935,1643.0
3,CS_SHAP_Union,Random_Forest,20,,,,,,,,,,per_class,Vulnerability_scanner,0.9913366336633663,0.9931804091754495,0.9922576649117374,1613.0
3,CS_SHAP_Union,Random_Forest,20,,,,,,,,,,per_class,XSS,0.9701863354037267,0.9713930348258707,0.9707893101305158,1608.0
3,CS_SHAP_Union,Linear_Logistic_SGD,20,0.3219603471613982,0.2854787316572978,0.28017429266490446,0.35064493818434106,0.3382445522249444,47.55586214499999,0.05783352799971908,0.0023024734453268208,8323.0,aggregate,,,,,
3,CS_SHAP_Union,Linear_Logistic_SGD,20,,,,,,,,,,per_class,Backdoor,0.0,0.0,0.0,1631.0
3,CS_SHAP_Union,Linear_Logistic_SGD,20,,,,,,,,,,per_class,DDoS_HTTP,0.36007827788649704,0.10887573964497041,0.1671967287596547,1690.0
3,CS_SHAP_Union,Linear_Logistic_SGD,20,,,,,,,,,,per_class,DDoS_ICMP,0.687892095357591,0.9729370008873115,0.8059536934950388,2254.0
3,CS_SHAP_Union,Linear_Logistic_SGD,20,,,,,,,,,,per_class,DDoS_TCP,0.5342541436464089,0.5896341463414634,0.5605797101449275,1640.0
3,CS_SHAP_Union,Linear_Logistic_SGD,20,,,,,,,,,,per_class,DDoS_UDP,0.9991345737775854,0.9956877964639931,0.9974082073434126,2319.0
3,CS_SHAP_Union,Linear_Logistic_SGD,20,,,,,,,,,,per_class,Fingerprinting,0.18927973199329984,0.7018633540372671,0.2981530343007916,161.0
3,CS_SHAP_Union,Linear_Logistic_SGD,20,,,,,,,,,,per_class,MITM,1.0,0.734375,0.8468468468468469,64.0
3,CS_SHAP_Union,Linear_Logistic_SGD,20,,,,,,,,,,per_class,Normal,0.7746987951807229,0.165380658436214,0.2725731242051717,3888.0
3,CS_SHAP_Union,Linear_Logistic_SGD,20,,,,,,,,,,per_class,Password,0.0,0.0,0.0,1598.0
3,CS_SHAP_Union,Linear_Logistic_SGD,20,,,,,,,,,,per_class,Port_Scanning,0.3721973094170404,0.10304158907510863,0.16140009722897422,1611.0
3,CS_SHAP_Union,Linear_Logistic_SGD,20,,,,,,,,,,per_class,Ransomware,0.0,0.0,0.0,1748.0
3,CS_SHAP_Union,Linear_Logistic_SGD,20,,,,,,,,,,per_class,SQL_injection,0.09526596436467681,0.8878787878787879,0.1720695325346488,1650.0
3,CS_SHAP_Union,Linear_Logistic_SGD,20,,,,,,,,,,per_class,Uploading,0.0,0.0,0.0,1643.0
3,CS_SHAP_Union,Linear_Logistic_SGD,20,,,,,,,,,,per_class,Vulnerability_scanner,0.0,0.0,0.0,1613.0
3,CS_SHAP_Union,Linear_Logistic_SGD,20,,,,,,,,,,per_class,XSS,0.0,0.0,0.0,1608.0
3,Mutual_Information_19,XGBoost,19,0.9760729357432917,0.9678520327423263,0.9760066149441637,0.9646531352073088,0.9740074663054668,38.44579329899989,0.6968586900002265,0.027743398757871907,7460967.0,aggregate,,,,,
3,Mutual_Information_19,XGBoost,19,,,,,,,,,,per_class,Backdoor,1.0,0.9717964438994482,0.9856965174129353,1631.0
3,Mutual_Information_19,XGBoost,19,,,,,,,,,,per_class,DDoS_HTTP,0.985392574558734,0.9579881656804734,0.9714971497149715,1690.0
3,Mutual_Information_19,XGBoost,19,,,,,,,,,,per_class,DDoS_ICMP,0.9960017769880053,0.9946761313220941,0.9953385127635961,2254.0
3,Mutual_Information_19,XGBoost,19,,,,,,,,,,per_class,DDoS_TCP,1.0,1.0,1.0,1640.0
3,Mutual_Information_19,XGBoost,19,,,,,,,,,,per_class,DDoS_UDP,1.0,0.9978438982319966,0.9989207856680337,2319.0
3,Mutual_Information_19,XGBoost,19,,,,,,,,,,per_class,Fingerprinting,0.9230769230769231,0.8198757763975155,0.868421052631579,161.0
3,Mutual_Information_19,XGBoost,19,,,,,,,,,,per_class,MITM,1.0,1.0,1.0,64.0
3,Mutual_Information_19,XGBoost,19,,,,,,,,,,per_class,Normal,1.0,1.0,1.0,3888.0
3,Mutual_Information_19,XGBoost,19,,,,,,,,,,per_class,Password,0.9720865317515701,0.8717146433041302,0.9191685912240185,1598.0
3,Mutual_Information_19,XGBoost,19,,,,,,,,,,per_class,Port_Scanning,1.0,0.8969584109248914,0.9456806282722513,1611.0
3,Mutual_Information_19,XGBoost,19,,,,,,,,,,per_class,Ransomware,0.8801611278952669,1.0,0.93626138189609,1748.0
3,Mutual_Information_19,XGBoost,19,,,,,,,,,,per_class,SQL_injection,0.9157303370786517,0.9878787878787879,0.9504373177842567,1650.0
3,Mutual_Information_19,XGBoost,19,,,,,,,,,,per_class,Uploading,0.966626936829559,0.9872185027388922,0.9768142125865703,1643.0
3,Mutual_Information_19,XGBoost,19,,,,,,,,,,per_class,Vulnerability_scanner,0.9907407407407407,0.9950402975821451,0.9928858645221156,1613.0
3,Mutual_Information_19,XGBoost,19,,,,,,,,,,per_class,XSS,0.9648058252427184,0.9888059701492538,0.9766584766584766,1608.0
3,Mutual_Information_19,Random_Forest,19,0.9700214985269527,0.9401973390280693,0.973926967587674,0.9696064475288867,0.9675374386020433,19.973677769999995,0.9945168360000025,0.03959379074767109,187509085.0,aggregate,,,,,
3,Mutual_Information_19,Random_Forest,19,,,,,,,,,,per_class,Backdoor,1.0,0.9717964438994482,0.9856965174129353,1631.0
3,Mutual_Information_19,Random_Forest,19,,,,,,,,,,per_class,DDoS_HTTP,0.9800965018094089,0.9615384615384616,0.9707287933094385,1690.0
3,Mutual_Information_19,Random_Forest,19,,,,,,,,,,per_class,DDoS_ICMP,1.0,0.9991126885536823,0.9995561473590767,2254.0
3,Mutual_Information_19,Random_Forest,19,,,,,,,,,,per_class,DDoS_TCP,1.0,1.0,1.0,1640.0
3,Mutual_Information_19,Random_Forest,19,,,,,,,,,,per_class,DDoS_UDP,1.0,1.0,1.0,2319.0
3,Mutual_Information_19,Random_Forest,19,,,,,,,,,,per_class,Fingerprinting,0.2875,1.0,0.44660194174757273,161.0
3,Mutual_Information_19,Random_Forest,19,,,,,,,,,,per_class,MITM,1.0,1.0,1.0,64.0
3,Mutual_Information_19,Random_Forest,19,,,,,,,,,,per_class,Normal,1.0,1.0,1.0,3888.0
3,Mutual_Information_19,Random_Forest,19,,,,,,,,,,per_class,Password,0.9572301425661914,0.8823529411764706,0.9182676652556171,1598.0
3,Mutual_Information_19,Random_Forest,19,,,,,,,,,,per_class,Port_Scanning,1.0,0.8969584109248914,0.9456806282722513,1611.0
3,Mutual_Information_19,Random_Forest,19,,,,,,,,,,per_class,Ransomware,1.0,0.8941647597254004,0.9441256418000604,1748.0
3,Mutual_Information_19,Random_Forest,19,,,,,,,,,,per_class,SQL_injection,0.9198626216370922,0.973939393939394,0.9461289372976155,1650.0
3,Mutual_Information_19,Random_Forest,19,,,,,,,,,,per_class,Uploading,0.9706762417713943,0.9872185027388922,0.9788774894387446,1643.0
3,Mutual_Information_19,Random_Forest,19,,,,,,,,,,per_class,Vulnerability_scanner,0.9907120743034056,0.9919404835709857,0.9913258983890954,1613.0
3,Mutual_Information_19,Random_Forest,19,,,,,,,,,,per_class,XSS,0.967032967032967,0.9850746268656716,0.9759704251386322,1608.0
3,Mutual_Information_19,Linear_Logistic_SGD,19,0.310096345250418,0.24341905951536755,0.2603750245749542,0.2975321076000634,0.3220844419036899,54.27237417000015,0.07054744600009144,0.002808641054227703,8467.0,aggregate,,,,,
3,Mutual_Information_19,Linear_Logistic_SGD,19,,,,,,,,,,per_class,Backdoor,0.024489795918367346,0.003678724708767627,0.006396588486140726,1631.0
3,Mutual_Information_19,Linear_Logistic_SGD,19,,,,,,,,,,per_class,DDoS_HTTP,0.35135135135135137,0.1,0.155688622754491,1690.0
3,Mutual_Information_19,Linear_Logistic_SGD,19,,,,,,,,,,per_class,DDoS_ICMP,0.6728041050407486,0.9889086069210293,0.8007903718340219,2254.0
3,Mutual_Information_19,Linear_Logistic_SGD,19,,,,,,,,,,per_class,DDoS_TCP,0.0,0.0,0.0,1640.0
3,Mutual_Information_19,Linear_Logistic_SGD,19,,,,,,,,,,per_class,DDoS_UDP,0.9973947025618758,0.9905131522207848,0.9939420164430982,2319.0
3,Mutual_Information_19,Linear_Logistic_SGD,19,,,,,,,,,,per_class,Fingerprinting,0.4279475982532751,0.6086956521739131,0.5025641025641027,161.0
3,Mutual_Information_19,Linear_Logistic_SGD,19,,,,,,,,,,per_class,MITM,1.0,0.15625,0.2702702702702703,64.0
3,Mutual_Information_19,Linear_Logistic_SGD,19,,,,,,,,,,per_class,Normal,0.7036144578313253,0.15020576131687244,0.24756252649427724,3888.0
3,Mutual_Information_19,Linear_Logistic_SGD,19,,,,,,,,,,per_class,Password,0.0,0.0,0.0,1598.0
3,Mutual_Information_19,Linear_Logistic_SGD,19,,,,,,,,,,per_class,Port_Scanning,0.41556064073226545,0.563625077591558,0.47839831401475236,1611.0
3,Mutual_Information_19,Linear_Logistic_SGD,19,,,,,,,,,,per_class,Ransomware,1.0,0.012013729977116704,0.02374222724703222,1748.0
3,Mutual_Information_19,Linear_Logistic_SGD,19,,,,,,,,,,per_class,SQL_injection,0.09516704508595523,0.889090909090909,0.1719308526223264,1650.0
3,Mutual_Information_19,Linear_Logistic_SGD,19,,,,,,,,,,per_class,Uploading,0.0,0.0,0.0,1643.0
3,Mutual_Information_19,Linear_Logistic_SGD,19,,,,,,,,,,per_class,Vulnerability_scanner,0.0,0.0,0.0,1613.0
3,Mutual_Information_19,Linear_Logistic_SGD,19,,,,,,,,,,per_class,XSS,0.0,0.0,0.0,1608.0
3,Random_Forest_Importance_19,XGBoost,19,0.97623218409109,0.9680109837915101,0.9761647704070564,0.9648092646101899,0.9741830284459765,36.8524621509996,0.7394905749997633,0.029440663070298724,7486954.0,aggregate,,,,,
3,Random_Forest_Importance_19,XGBoost,19,,,,,,,,,,per_class,Backdoor,1.0,0.9717964438994482,0.9856965174129353,1631.0
3,Random_Forest_Importance_19,XGBoost,19,,,,,,,,,,per_class,DDoS_HTTP,0.9866261398176291,0.9603550295857988,0.9733133433283359,1690.0
3,Random_Forest_Importance_19,XGBoost,19,,,,,,,,,,per_class,DDoS_ICMP,0.9960017769880053,0.9946761313220941,0.9953385127635961,2254.0
3,Random_Forest_Importance_19,XGBoost,19,,,,,,,,,,per_class,DDoS_TCP,1.0,1.0,1.0,1640.0
3,Random_Forest_Importance_19,XGBoost,19,,,,,,,,,,per_class,DDoS_UDP,1.0,0.9978438982319966,0.9989207856680337,2319.0
3,Random_Forest_Importance_19,XGBoost,19,,,,,,,,,,per_class,Fingerprinting,0.9230769230769231,0.8198757763975155,0.868421052631579,161.0
3,Random_Forest_Importance_19,XGBoost,19,,,,,,,,,,per_class,MITM,1.0,1.0,1.0,64.0
3,Random_Forest_Importance_19,XGBoost,19,,,,,,,,,,per_class,Normal,1.0,1.0,1.0,3888.0
3,Random_Forest_Importance_19,XGBoost,19,,,,,,,,,,per_class,Password,0.9727081875437369,0.869837296620776,0.918401057152296,1598.0
3,Random_Forest_Importance_19,XGBoost,19,,,,,,,,,,per_class,Port_Scanning,1.0,0.8969584109248914,0.9456806282722513,1611.0
3,Random_Forest_Importance_19,XGBoost,19,,,,,,,,,,per_class,Ransomware,0.8801611278952669,1.0,0.93626138189609,1748.0
3,Random_Forest_Importance_19,XGBoost,19,,,,,,,,,,per_class,SQL_injection,0.9141895681435782,0.9878787878787879,0.9496067579376638,1650.0
3,Random_Forest_Importance_19,XGBoost,19,,,,,,,,,,per_class,Uploading,0.9666468135795117,0.9878271454656117,0.9771222155328115,1643.0
3,Random_Forest_Importance_19,XGBoost,19,,,,,,,,,,per_class,Vulnerability_scanner,0.9931930693069307,0.9950402975821451,0.9941158253329205,1613.0
3,Random_Forest_Importance_19,XGBoost,19,,,,,,,,,,per_class,XSS,0.9648484848484848,0.9900497512437811,0.9772866789441376,1608.0
3,Random_Forest_Importance_19,Random_Forest,19,0.9703798073094991,0.9405646962368901,0.9742850353208522,0.9699707135207981,0.9679294013302621,19.18674921099955,0.7734735610001735,0.030793596663754023,185158072.0,aggregate,,,,,
3,Random_Forest_Importance_19,Random_Forest,19,,,,,,,,,,per_class,Backdoor,1.0,0.9717964438994482,0.9856965174129353,1631.0
3,Random_Forest_Importance_19,Random_Forest,19,,,,,,,,,,per_class,DDoS_HTTP,0.9807112718505123,0.9627218934911242,0.9716333233801134,1690.0
3,Random_Forest_Importance_19,Random_Forest,19,,,,,,,,,,per_class,DDoS_ICMP,1.0,0.9991126885536823,0.9995561473590767,2254.0
3,Random_Forest_Importance_19,Random_Forest,19,,,,,,,,,,per_class,DDoS_TCP,1.0,1.0,1.0,1640.0
3,Random_Forest_Importance_19,Random_Forest,19,,,,,,,,,,per_class,DDoS_UDP,1.0,1.0,1.0,2319.0
3,Random_Forest_Importance_19,Random_Forest,19,,,,,,,,,,per_class,Fingerprinting,0.2875,1.0,0.44660194174757273,161.0
3,Random_Forest_Importance_19,Random_Forest,19,,,,,,,,,,per_class,MITM,1.0,1.0,1.0,64.0
3,Random_Forest_Importance_19,Random_Forest,19,,,,,,,,,,per_class,Normal,1.0,1.0,1.0,3888.0
3,Random_Forest_Importance_19,Random_Forest,19,,,,,,,,,,per_class,Password,0.9605173587474473,0.8829787234042553,0.9201173785458103,1598.0
3,Random_Forest_Importance_19,Random_Forest,19,,,,,,,,,,per_class,Port_Scanning,1.0,0.8969584109248914,0.9456806282722513,1611.0
3,Random_Forest_Importance_19,Random_Forest,19,,,,,,,,,,per_class,Ransomware,1.0,0.8941647597254004,0.9441256418000604,1748.0
3,Random_Forest_Importance_19,Random_Forest,19,,,,,,,,,,per_class,SQL_injection,0.9205714285714286,0.9763636363636363,0.9476470588235295,1650.0
3,Random_Forest_Importance_19,Random_Forest,19,,,,,,,,,,per_class,Uploading,0.9706937799043063,0.9878271454656117,0.9791855203619909,1643.0
3,Random_Forest_Importance_19,Random_Forest,19,,,,,,,,,,per_class,Vulnerability_scanner,0.9919404835709857,0.9919404835709857,0.9919404835709857,1613.0
3,Random_Forest_Importance_19,Random_Forest,19,,,,,,,,,,per_class,XSS,0.9670530811470409,0.9856965174129353,0.9762858022790268,1608.0
3,Random_Forest_Importance_19,Linear_Logistic_SGD,19,0.3102555935982164,0.24357542058454,0.26068429205850213,0.29760069470568756,0.3222826493194877,51.410601330000645,0.07314615799987223,0.0029121012023199393,8462.0,aggregate,,,,,
3,Random_Forest_Importance_19,Linear_Logistic_SGD,19,,,,,,,,,,per_class,Backdoor,0.024489795918367346,0.003678724708767627,0.006396588486140726,1631.0
3,Random_Forest_Importance_19,Linear_Logistic_SGD,19,,,,,,,,,,per_class,DDoS_HTTP,0.35135135135135137,0.1,0.155688622754491,1690.0
3,Random_Forest_Importance_19,Linear_Logistic_SGD,19,,,,,,,,,,per_class,DDoS_ICMP,0.6728041050407486,0.9889086069210293,0.8007903718340219,2254.0
3,Random_Forest_Importance_19,Linear_Logistic_SGD,19,,,,,,,,,,per_class,DDoS_TCP,0.0,0.0,0.0,1640.0
3,Random_Forest_Importance_19,Linear_Logistic_SGD,19,,,,,,,,,,per_class,DDoS_UDP,0.9991300565463245,0.9905131522207848,0.9948029449978345,2319.0
3,Random_Forest_Importance_19,Linear_Logistic_SGD,19,,,,,,,,,,per_class,Fingerprinting,0.4279475982532751,0.6086956521739131,0.5025641025641027,161.0
3,Random_Forest_Importance_19,Linear_Logistic_SGD,19,,,,,,,,,,per_class,MITM,1.0,0.15625,0.2702702702702703,64.0
3,Random_Forest_Importance_19,Linear_Logistic_SGD,19,,,,,,,,,,per_class,Normal,0.7050359712230215,0.15123456790123457,0.24904701397712833,3888.0
3,Random_Forest_Importance_19,Linear_Logistic_SGD,19,,,,,,,,,,per_class,Password,0.0,0.0,0.0,1598.0
3,Random_Forest_Importance_19,Linear_Logistic_SGD,19,,,,,,,,,,per_class,Port_Scanning,0.41556064073226545,0.563625077591558,0.47839831401475236,1611.0
3,Random_Forest_Importance_19,Linear_Logistic_SGD,19,,,,,,,,,,per_class,Ransomware,1.0,0.012013729977116704,0.02374222724703222,1748.0
3,Random_Forest_Importance_19,Linear_Logistic_SGD,19,,,,,,,,,,per_class,SQL_injection,0.09516704508595523,0.889090909090909,0.1719308526223264,1650.0
3,Random_Forest_Importance_19,Linear_Logistic_SGD,19,,,,,,,,,,per_class,Uploading,0.0,0.0,0.0,1643.0
3,Random_Forest_Importance_19,Linear_Logistic_SGD,19,,,,,,,,,,per_class,Vulnerability_scanner,0.0,0.0,0.0,1613.0
3,Random_Forest_Importance_19,Linear_Logistic_SGD,19,,,,,,,,,,per_class,XSS,0.0,0.0,0.0,1608.0
4,Full_42,XGBoost,42,0.9767090018712425,0.9681783626492758,0.976605950150226,0.9669626236592362,0.9746355400663869,45.775111017999734,0.7112595430007786,0.02831785416255041,7276031.0,aggregate,,,,,
4,Full_42,XGBoost,42,,,,,,,,,,per_class,Backdoor,1.0,0.9650521152667075,0.9822152886115445,1631.0
4,Full_42,XGBoost,42,,,,,,,,,,per_class,DDoS_HTTP,0.9824984912492456,0.9633136094674556,0.9728114729608603,1690.0
4,Full_42,XGBoost,42,,,,,,,,,,per_class,DDoS_ICMP,0.998661311914324,0.9924611973392461,0.9955516014234875,2255.0
4,Full_42,XGBoost,42,,,,,,,,,,per_class,DDoS_TCP,1.0,1.0,1.0,1640.0
4,Full_42,XGBoost,42,,,,,,,,,,per_class,DDoS_UDP,1.0,1.0,1.0,2319.0
4,Full_42,XGBoost,42,,,,,,,,,,per_class,Fingerprinting,0.8881578947368421,0.84375,0.8653846153846154,160.0
4,Full_42,XGBoost,42,,,,,,,,,,per_class,MITM,1.0,1.0,1.0,64.0
4,Full_42,XGBoost,42,,,,,,,,,,per_class,Normal,1.0,1.0,1.0,3888.0
4,Full_42,XGBoost,42,,,,,,,,,,per_class,Password,0.9719495091164095,0.867334167709637,0.9166666666666666,1598.0
4,Full_42,XGBoost,42,,,,,,,,,,per_class,Port_Scanning,0.9342184671092335,0.9608938547486033,0.9473684210526315,1611.0
4,Full_42,XGBoost,42,,,,,,,,,,per_class,Ransomware,0.9404828747894441,0.9582379862700229,0.9492774156984981,1748.0
4,Full_42,XGBoost,42,,,,,,,,,,per_class,SQL_injection,0.9183673469387755,0.9818181818181818,0.9490333919156415,1650.0
4,Full_42,XGBoost,42,,,,,,,,,,per_class,Uploading,0.9588477366255144,0.992696287279367,0.9754784688995215,1643.0
4,Full_42,XGBoost,42,,,,,,,,,,per_class,Vulnerability_scanner,0.9943890274314214,0.989454094292804,0.9919154228855721,1612.0
4,Full_42,XGBoost,42,,,,,,,,,,per_class,XSS,0.9648271679805943,0.9894278606965174,0.9769726742400984,1608.0
4,Full_42,Random_Forest,42,0.9757136600708683,0.9571606971071984,0.9761044690904125,0.9687421433416401,0.9735550082652203,20.451411435999034,0.784691898001256,0.031241465859826255,200016977.0,aggregate,,,,,
4,Full_42,Random_Forest,42,,,,,,,,,,per_class,Backdoor,1.0,0.9650521152667075,0.9822152886115445,1631.0
4,Full_42,Random_Forest,42,,,,,,,,,,per_class,DDoS_HTTP,0.9796040791841631,0.9662721893491124,0.9728924635090855,1690.0
4,Full_42,Random_Forest,42,,,,,,,,,,per_class,DDoS_ICMP,1.0,0.9995565410199556,0.9997782213351075,2255.0
4,Full_42,Random_Forest,42,,,,,,,,,,per_class,DDoS_TCP,1.0,1.0,1.0,1640.0
4,Full_42,Random_Forest,42,,,,,,,,,,per_class,DDoS_UDP,1.0,1.0,1.0,2319.0
4,Full_42,Random_Forest,42,,,,,,,,,,per_class,Fingerprinting,0.5652173913043478,0.89375,0.6924939467312349,160.0
4,Full_42,Random_Forest,42,,,,,,,,,,per_class,MITM,1.0,1.0,1.0,64.0
4,Full_42,Random_Forest,42,,,,,,,,,,per_class,Normal,1.0,1.0,1.0,3888.0
4,Full_42,Random_Forest,42,,,,,,,,,,per_class,Password,0.9689011748445059,0.8773466833541927,0.9208538587848932,1598.0
4,Full_42,Random_Forest,42,,,,,,,,,,per_class,Port_Scanning,0.9656513285806869,0.9248913718187461,0.9448319594166138,1611.0
4,Full_42,Random_Forest,42,,,,,,,,,,per_class,Ransomware,0.9404828747894441,0.9582379862700229,0.9492774156984981,1748.0
4,Full_42,Random_Forest,42,,,,,,,,,,per_class,SQL_injection,0.9253731343283582,0.9769696969696969,0.9504716981132075,1650.0
4,Full_42,Random_Forest,42,,,,,,,,,,per_class,Uploading,0.9600470035252644,0.9945222154595252,0.9769805680119581,1643.0
4,Full_42,Random_Forest,42,,,,,,,,,,per_class,Vulnerability_scanner,0.9962453066332916,0.9875930521091811,0.9919003115264797,1612.0
4,Full_42,Random_Forest,42,,,,,,,,,,per_class,XSS,0.964741641337386,0.9869402985074627,0.9757147248693513,1608.0
4,Full_42,Linear_Logistic_SGD,42,0.2583907313771549,0.2256789737038639,0.2747604161567447,0.25496206118010056,0.32174577112299957,64.4646668559999,0.08204808899972704,0.0032666357048901956,11959.0,aggregate,,,,,
4,Full_42,Linear_Logistic_SGD,42,,,,,,,,,,per_class,Backdoor,0.029661016949152543,0.004291845493562232,0.007498660953401178,1631.0
4,Full_42,Linear_Logistic_SGD,42,,,,,,,,,,per_class,DDoS_HTTP,0.3086053412462908,0.06153846153846154,0.10261470152935372,1690.0
4,Full_42,Linear_Logistic_SGD,42,,,,,,,,,,per_class,DDoS_ICMP,0.96484375,0.985809312638581,0.9752138626891862,2255.0
4,Full_42,Linear_Logistic_SGD,42,,,,,,,,,,per_class,DDoS_TCP,0.5747058823529412,0.5957317073170731,0.5850299401197605,1640.0
4,Full_42,Linear_Logistic_SGD,42,,,,,,,,,,per_class,DDoS_UDP,0.9982616253802694,0.9905131522207848,0.9943722943722944,2319.0
4,Full_42,Linear_Logistic_SGD,42,,,,,,,,,,per_class,Fingerprinting,0.007283582089552239,0.7625,0.014429331756357185,160.0
4,Full_42,Linear_Logistic_SGD,42,,,,,,,,,,per_class,MITM,1.0,0.171875,0.29333333333333333,64.0
4,Full_42,Linear_Logistic_SGD,42,,,,,,,,,,per_class,Normal,0.7056694813027744,0.15046296296296297,0.2480390078439686,3888.0
4,Full_42,Linear_Logistic_SGD,42,,,,,,,,,,per_class,Password,0.19047619047619047,0.0050062578222778474,0.00975609756097561,1598.0
4,Full_42,Linear_Logistic_SGD,42,,,,,,,,,,per_class,Port_Scanning,0.3442622950819672,0.09124767225325885,0.14425907752698722,1611.0
4,Full_42,Linear_Logistic_SGD,42,,,,,,,,,,per_class,Ransomware,0.0,0.0,0.0,1748.0
4,Full_42,Linear_Logistic_SGD,42,,,,,,,,,,per_class,SQL_injection,0.21428571428571427,0.005454545454545455,0.010638297872340425,1650.0
4,Full_42,Linear_Logistic_SGD,42,,,,,,,,,,per_class,Uploading,0.0,0.0,0.0,1643.0
4,Full_42,Linear_Logistic_SGD,42,,,,,,,,,,per_class,Vulnerability_scanner,0.0,0.0,0.0,1612.0
4,Full_42,Linear_Logistic_SGD,42,,,,,,,,,,per_class,XSS,0.0,0.0,0.0,1608.0
4,Natural_Global_20,XGBoost,20,0.9764303061671378,0.9681134377039583,0.976332922354403,0.9670541808890589,0.97432969434912,35.05653240799984,0.6940253579996352,0.02763169797346957,7358192.0,aggregate,,,,,
4,Natural_Global_20,XGBoost,20,,,,,,,,,,per_class,Backdoor,1.0,0.9650521152667075,0.9822152886115445,1631.0
4,Natural_Global_20,XGBoost,20,,,,,,,,,,per_class,DDoS_HTTP,0.9795180722891567,0.9621301775147929,0.9707462686567164,1690.0
4,Natural_Global_20,XGBoost,20,,,,,,,,,,per_class,DDoS_ICMP,0.9991071428571429,0.9924611973392461,0.9957730812013348,2255.0
4,Natural_Global_20,XGBoost,20,,,,,,,,,,per_class,DDoS_TCP,1.0,1.0,1.0,1640.0
4,Natural_Global_20,XGBoost,20,,,,,,,,,,per_class,DDoS_UDP,1.0,1.0,1.0,2319.0
4,Natural_Global_20,XGBoost,20,,,,,,,,,,per_class,Fingerprinting,0.8888888888888888,0.85,0.8690095846645367,160.0
4,Natural_Global_20,XGBoost,20,,,,,,,,,,per_class,MITM,1.0,1.0,1.0,64.0
4,Natural_Global_20,XGBoost,20,,,,,,,,,,per_class,Normal,1.0,1.0,1.0,3888.0
4,Natural_Global_20,XGBoost,20,,,,,,,,,,per_class,Password,0.9706088173547935,0.8679599499374218,0.916418896597291,1598.0
4,Natural_Global_20,XGBoost,20,,,,,,,,,,per_class,Port_Scanning,0.9342184671092335,0.9608938547486033,0.9473684210526315,1611.0
4,Natural_Global_20,XGBoost,20,,,,,,,,,,per_class,Ransomware,0.9404828747894441,0.9582379862700229,0.9492774156984981,1748.0
4,Natural_Global_20,XGBoost,20,,,,,,,,,,per_class,SQL_injection,0.9182282793867121,0.98,0.9481090589270009,1650.0
4,Natural_Global_20,XGBoost,20,,,,,,,,,,per_class,Uploading,0.9594356261022927,0.9933049300060864,0.9760765550239233,1643.0
4,Natural_Global_20,XGBoost,20,,,,,,,,,,per_class,Vulnerability_scanner,0.9937694704049844,0.989454094292804,0.9916070873484614,1612.0
4,Natural_Global_20,XGBoost,20,,,,,,,,,,per_class,XSS,0.9641337386018237,0.986318407960199,0.9750999077774362,1608.0
4,Natural_Global_20,Random_Forest,20,0.9756738463988534,0.9571196021669272,0.9760658463482786,0.9687015296914563,0.9735101829977457,20.05642491599974,0.6622851520005497,0.0263680038221344,186652451.0,aggregate,,,,,
4,Natural_Global_20,Random_Forest,20,,,,,,,,,,per_class,Backdoor,1.0,0.9650521152667075,0.9822152886115445,1631.0
4,Natural_Global_20,Random_Forest,20,,,,,,,,,,per_class,DDoS_HTTP,0.9802039592081584,0.9668639053254438,0.9734882335418528,1690.0
4,Natural_Global_20,Random_Forest,20,,,,,,,,,,per_class,DDoS_ICMP,1.0,0.9995565410199556,0.9997782213351075,2255.0
4,Natural_Global_20,Random_Forest,20,,,,,,,,,,per_class,DDoS_TCP,1.0,1.0,1.0,1640.0
4,Natural_Global_20,Random_Forest,20,,,,,,,,,,per_class,DDoS_UDP,1.0,1.0,1.0,2319.0
4,Natural_Global_20,Random_Forest,20,,,,,,,,,,per_class,Fingerprinting,0.5652173913043478,0.89375,0.6924939467312349,160.0
4,Natural_Global_20,Random_Forest,20,,,,,,,,,,per_class,MITM,1.0,1.0,1.0,64.0
4,Natural_Global_20,Random_Forest,20,,,,,,,,,,per_class,Normal,1.0,1.0,1.0,3888.0
4,Natural_Global_20,Random_Forest,20,,,,,,,,,,per_class,Password,0.9668965517241379,0.8773466833541927,0.9199475065616798,1598.0
4,Natural_Global_20,Random_Forest,20,,,,,,,,,,per_class,Port_Scanning,0.9656513285806869,0.9248913718187461,0.9448319594166138,1611.0
4,Natural_Global_20,Random_Forest,20,,,,,,,,,,per_class,Ransomware,0.9404828747894441,0.9582379862700229,0.9492774156984981,1748.0
4,Natural_Global_20,Random_Forest,20,,,,,,,,,,per_class,SQL_injection,0.924712643678161,0.9751515151515151,0.9492625368731564,1650.0
4,Natural_Global_20,Random_Forest,20,,,,,,,,,,per_class,Uploading,0.9606114050558495,0.9945222154595252,0.9772727272727274,1643.0
4,Natural_Global_20,Random_Forest,20,,,,,,,,,,per_class,Vulnerability_scanner,0.9962523422860712,0.989454094292804,0.9928415810768751,1612.0
4,Natural_Global_20,Random_Forest,20,,,,,,,,,,per_class,XSS,0.9652862362971986,0.9856965174129353,0.9753846153846154,1608.0
4,Natural_Global_20,Linear_Logistic_SGD,20,0.22156308476330772,0.17266499141721964,0.21579990927989484,0.2155762004674295,0.26757275927781315,48.893149180001274,0.06884769399948709,0.002741079507882593,8585.0,aggregate,,,,,
4,Natural_Global_20,Linear_Logistic_SGD,20,,,,,,,,,,per_class,Backdoor,0.029661016949152543,0.004291845493562232,0.007498660953401178,1631.0
4,Natural_Global_20,Linear_Logistic_SGD,20,,,,,,,,,,per_class,DDoS_HTTP,0.3063063063063063,0.06035502958579882,0.10084033613445378,1690.0
4,Natural_Global_20,Linear_Logistic_SGD,20,,,,,,,,,,per_class,DDoS_ICMP,0.9797802197802198,0.9884700665188471,0.9841059602649006,2255.0
4,Natural_Global_20,Linear_Logistic_SGD,20,,,,,,,,,,per_class,DDoS_TCP,0.0,0.0,0.0,1640.0
4,Natural_Global_20,Linear_Logistic_SGD,20,,,,,,,,,,per_class,DDoS_UDP,0.5819609830250824,0.9905131522207848,0.7331631024577084,2319.0
4,Natural_Global_20,Linear_Logistic_SGD,20,,,,,,,,,,per_class,Fingerprinting,0.007033363390441839,0.73125,0.013932718070854421,160.0
4,Natural_Global_20,Linear_Logistic_SGD,20,,,,,,,,,,per_class,MITM,1.0,0.171875,0.29333333333333333,64.0
4,Natural_Global_20,Linear_Logistic_SGD,20,,,,,,,,,,per_class,Normal,0.7038834951456311,0.14917695473251028,0.2461799660441426,3888.0
4,Natural_Global_20,Linear_Logistic_SGD,20,,,,,,,,,,per_class,Password,0.1951219512195122,0.0050062578222778474,0.009762050030506408,1598.0
4,Natural_Global_20,Linear_Logistic_SGD,20,,,,,,,,,,per_class,Port_Scanning,0.3789279112754159,0.12725015518311608,0.19052044609665428,1611.0
4,Natural_Global_20,Linear_Logistic_SGD,20,,,,,,,,,,per_class,Ransomware,0.0,0.0,0.0,1748.0
4,Natural_Global_20,Linear_Logistic_SGD,20,,,,,,,,,,per_class,SQL_injection,0.21428571428571427,0.005454545454545455,0.010638297872340425,1650.0
4,Natural_Global_20,Linear_Logistic_SGD,20,,,,,,,,,,per_class,Uploading,0.0,0.0,0.0,1643.0
4,Natural_Global_20,Linear_Logistic_SGD,20,,,,,,,,,,per_class,Vulnerability_scanner,0.0,0.0,0.0,1612.0
4,Natural_Global_20,Linear_Logistic_SGD,20,,,,,,,,,,per_class,XSS,0.0,0.0,0.0,1608.0
4,Class_Balanced_15,XGBoost,15,0.9741609268622845,0.9660071458637592,0.9741282720324234,0.9645059400635455,0.9719572078356478,31.16422496499945,0.6657770879992313,0.026507030616683174,7094325.0,aggregate,,,,,
4,Class_Balanced_15,XGBoost,15,,,,,,,,,,per_class,Backdoor,1.0,0.9650521152667075,0.9822152886115445,1631.0
4,Class_Balanced_15,XGBoost,15,,,,,,,,,,per_class,DDoS_HTTP,0.9849033816425121,0.9650887573964497,0.9748953974895398,1690.0
4,Class_Balanced_15,XGBoost,15,,,,,,,,,,per_class,DDoS_ICMP,0.99776885319054,0.9915742793791574,0.9946619217081851,2255.0
4,Class_Balanced_15,XGBoost,15,,,,,,,,,,per_class,DDoS_TCP,1.0,1.0,1.0,1640.0
4,Class_Balanced_15,XGBoost,15,,,,,,,,,,per_class,DDoS_UDP,0.999137187230371,0.9987063389391979,0.9989217166271297,2319.0
4,Class_Balanced_15,XGBoost,15,,,,,,,,,,per_class,Fingerprinting,0.8888888888888888,0.85,0.8690095846645367,160.0
4,Class_Balanced_15,XGBoost,15,,,,,,,,,,per_class,MITM,1.0,1.0,1.0,64.0
4,Class_Balanced_15,XGBoost,15,,,,,,,,,,per_class,Normal,1.0,1.0,1.0,3888.0
4,Class_Balanced_15,XGBoost,15,,,,,,,,,,per_class,Password,0.9739803094233473,0.8667083854818524,0.9172185430463576,1598.0
4,Class_Balanced_15,XGBoost,15,,,,,,,,,,per_class,Port_Scanning,1.0,0.8727498448168839,0.9320517069937024,1611.0
4,Class_Balanced_15,XGBoost,15,,,,,,,,,,per_class,Ransomware,0.860236220472441,1.0,0.9248677248677248,1748.0
4,Class_Balanced_15,XGBoost,15,,,,,,,,,,per_class,SQL_injection,0.917420814479638,0.983030303030303,0.9490930368636629,1650.0
4,Class_Balanced_15,XGBoost,15,,,,,,,,,,per_class,Uploading,0.9594356261022927,0.9933049300060864,0.9760765550239233,1643.0
4,Class_Balanced_15,XGBoost,15,,,,,,,,,,per_class,Vulnerability_scanner,0.9981191222570532,0.9875930521091811,0.9928281883380107,1612.0
4,Class_Balanced_15,XGBoost,15,,,,,,,,,,per_class,XSS,0.9632308619650392,0.9937810945273632,0.9782675237220693,1608.0
4,Class_Balanced_15,Random_Forest,15,0.965640801051081,0.9342568792065613,0.9705780279030832,0.9651316217058565,0.9628254099503222,18.962664721999317,0.6567847110000002,0.02614901106820083,168071835.0,aggregate,,,,,
4,Class_Balanced_15,Random_Forest,15,,,,,,,,,,per_class,Backdoor,1.0,0.9650521152667075,0.9822152886115445,1631.0
4,Class_Balanced_15,Random_Forest,15,,,,,,,,,,per_class,DDoS_HTTP,0.9657615112160567,0.9680473372781065,0.966903073286052,1690.0
4,Class_Balanced_15,Random_Forest,15,,,,,,,,,,per_class,DDoS_ICMP,1.0,0.9995565410199556,0.9997782213351075,2255.0
4,Class_Balanced_15,Random_Forest,15,,,,,,,,,,per_class,DDoS_TCP,1.0,1.0,1.0,1640.0
4,Class_Balanced_15,Random_Forest,15,,,,,,,,,,per_class,DDoS_UDP,1.0,1.0,1.0,2319.0
4,Class_Balanced_15,Random_Forest,15,,,,,,,,,,per_class,Fingerprinting,0.25396825396825395,1.0,0.4050632911392405,160.0
4,Class_Balanced_15,Random_Forest,15,,,,,,,,,,per_class,MITM,1.0,1.0,1.0,64.0
4,Class_Balanced_15,Random_Forest,15,,,,,,,,,,per_class,Normal,1.0,1.0,1.0,3888.0
4,Class_Balanced_15,Random_Forest,15,,,,,,,,,,per_class,Password,0.9373350923482849,0.8892365456821026,0.9126525369299936,1598.0
4,Class_Balanced_15,Random_Forest,15,,,,,,,,,,per_class,Port_Scanning,1.0,0.8727498448168839,0.9320517069937024,1611.0
4,Class_Balanced_15,Random_Forest,15,,,,,,,,,,per_class,Ransomware,1.0,0.881578947368421,0.9370629370629371,1748.0
4,Class_Balanced_15,Random_Forest,15,,,,,,,,,,per_class,SQL_injection,0.9308919078558772,0.9551515151515152,0.9428656895004487,1650.0
4,Class_Balanced_15,Random_Forest,15,,,,,,,,,,per_class,Uploading,0.9631391200951248,0.9860012172854534,0.9744360902255639,1643.0
4,Class_Balanced_15,Random_Forest,15,,,,,,,,,,per_class,Vulnerability_scanner,0.9925419515226849,0.9906947890818859,0.9916175100900342,1612.0
4,Class_Balanced_15,Random_Forest,15,,,,,,,,,,per_class,XSS,0.9695084007467331,0.9689054726368159,0.9692068429237948,1608.0
4,Class_Balanced_15,Linear_Logistic_SGD,15,0.21993072421069396,0.21115681154261748,0.21285718382438326,0.26692508461641756,0.27535961445614504,44.49576800899922,0.054752401998484856,0.0021798941751994608,7483.0,aggregate,,,,,
4,Class_Balanced_15,Linear_Logistic_SGD,15,,,,,,,,,,per_class,Backdoor,0.0,0.0,0.0,1631.0
4,Class_Balanced_15,Linear_Logistic_SGD,15,,,,,,,,,,per_class,DDoS_HTTP,0.25396825396825395,0.05680473372781065,0.09284332688588008,1690.0
4,Class_Balanced_15,Linear_Logistic_SGD,15,,,,,,,,,,per_class,DDoS_ICMP,0.9981701738334858,0.9676274944567628,0.982661562711101,2255.0
4,Class_Balanced_15,Linear_Logistic_SGD,15,,,,,,,,,,per_class,DDoS_TCP,0.0,0.0,0.0,1640.0
4,Class_Balanced_15,Linear_Logistic_SGD,15,,,,,,,,,,per_class,DDoS_UDP,0.5707931801334322,0.9961190168175937,0.7257304429783223,2319.0
4,Class_Balanced_15,Linear_Logistic_SGD,15,,,,,,,,,,per_class,Fingerprinting,0.007690066996795805,0.825,0.015238095238095238,160.0
4,Class_Balanced_15,Linear_Logistic_SGD,15,,,,,,,,,,per_class,MITM,0.95,0.890625,0.9193548387096774,64.0
4,Class_Balanced_15,Linear_Logistic_SGD,15,,,,,,,,,,per_class,Normal,0.7602256699576869,0.13863168724279834,0.23450076136610834,3888.0
4,Class_Balanced_15,Linear_Logistic_SGD,15,,,,,,,,,,per_class,Password,0.0,0.0,0.0,1598.0
4,Class_Balanced_15,Linear_Logistic_SGD,15,,,,,,,,,,per_class,Port_Scanning,0.4035433070866142,0.12725015518311608,0.19348749410099106,1611.0
4,Class_Balanced_15,Linear_Logistic_SGD,15,,,,,,,,,,per_class,Ransomware,0.0,0.0,0.0,1748.0
4,Class_Balanced_15,Linear_Logistic_SGD,15,,,,,,,,,,per_class,SQL_injection,0.06382978723404255,0.0018181818181818182,0.0035356511490866236,1650.0
4,Class_Balanced_15,Linear_Logistic_SGD,15,,,,,,,,,,per_class,Uploading,0.0,0.0,0.0,1643.0
4,Class_Balanced_15,Linear_Logistic_SGD,15,,,,,,,,,,per_class,Vulnerability_scanner,0.0,0.0,0.0,1612.0
4,Class_Balanced_15,Linear_Logistic_SGD,15,,,,,,,,,,per_class,XSS,0.0,0.0,0.0,1608.0
4,Stable_Balanced_Core,XGBoost,14,0.9740016721742246,0.9656299232293936,0.9739639977842659,0.9639764979416507,0.9717828723969892,30.940490431001308,0.6495189550005307,0.02585973464189715,7103991.0,aggregate,,,,,
4,Stable_Balanced_Core,XGBoost,14,,,,,,,,,,per_class,Backdoor,1.0,0.9650521152667075,0.9822152886115445,1631.0
4,Stable_Balanced_Core,XGBoost,14,,,,,,,,,,per_class,DDoS_HTTP,0.9848484848484849,0.9615384615384616,0.9730538922155688,1690.0
4,Stable_Balanced_Core,XGBoost,14,,,,,,,,,,per_class,DDoS_ICMP,0.9973238180196253,0.9915742793791574,0.9944407382699578,2255.0
4,Stable_Balanced_Core,XGBoost,14,,,,,,,,,,per_class,DDoS_TCP,1.0,1.0,1.0,1640.0
4,Stable_Balanced_Core,XGBoost,14,,,,,,,,,,per_class,DDoS_UDP,0.999137187230371,0.9987063389391979,0.9989217166271297,2319.0
4,Stable_Balanced_Core,XGBoost,14,,,,,,,,,,per_class,Fingerprinting,0.8881578947368421,0.84375,0.8653846153846154,160.0
4,Stable_Balanced_Core,XGBoost,14,,,,,,,,,,per_class,MITM,1.0,1.0,1.0,64.0
4,Stable_Balanced_Core,XGBoost,14,,,,,,,,,,per_class,Normal,1.0,1.0,1.0,3888.0
4,Stable_Balanced_Core,XGBoost,14,,,,,,,,,,per_class,Password,0.9747013352073085,0.8679599499374218,0.9182389937106918,1598.0
4,Stable_Balanced_Core,XGBoost,14,,,,,,,,,,per_class,Port_Scanning,1.0,0.8727498448168839,0.9320517069937024,1611.0
4,Stable_Balanced_Core,XGBoost,14,,,,,,,,,,per_class,Ransomware,0.860236220472441,1.0,0.9248677248677248,1748.0
4,Stable_Balanced_Core,XGBoost,14,,,,,,,,,,per_class,SQL_injection,0.9184597961494904,0.983030303030303,0.9496487119437939,1650.0
4,Stable_Balanced_Core,XGBoost,14,,,,,,,,,,per_class,Uploading,0.9594594594594594,0.9939135727328059,0.9763826606875934,1643.0
4,Stable_Balanced_Core,XGBoost,14,,,,,,,,,,per_class,Vulnerability_scanner,0.9943820224719101,0.9882133995037221,0.9912881144990667,1612.0
4,Stable_Balanced_Core,XGBoost,14,,,,,,,,,,per_class,XSS,0.9632086851628469,0.9931592039800995,0.9779546846295163,1608.0
4,Stable_Balanced_Core,Random_Forest,14,0.965640801051081,0.9342594411827537,0.9705797096598088,0.9651333680673834,0.9628248169790544,18.085776488000192,0.7644368290002603,0.030435037185980025,167149137.0,aggregate,,,,,
4,Stable_Balanced_Core,Random_Forest,14,,,,,,,,,,per_class,Backdoor,1.0,0.9650521152667075,0.9822152886115445,1631.0
4,Stable_Balanced_Core,Random_Forest,14,,,,,,,,,,per_class,DDoS_HTTP,0.9651917404129794,0.9680473372781065,0.9666174298375185,1690.0
4,Stable_Balanced_Core,Random_Forest,14,,,,,,,,,,per_class,DDoS_ICMP,1.0,0.9995565410199556,0.9997782213351075,2255.0
4,Stable_Balanced_Core,Random_Forest,14,,,,,,,,,,per_class,DDoS_TCP,1.0,1.0,1.0,1640.0
4,Stable_Balanced_Core,Random_Forest,14,,,,,,,,,,per_class,DDoS_UDP,1.0,1.0,1.0,2319.0
4,Stable_Balanced_Core,Random_Forest,14,,,,,,,,,,per_class,Fingerprinting,0.25396825396825395,1.0,0.4050632911392405,160.0
4,Stable_Balanced_Core,Random_Forest,14,,,,,,,,,,per_class,MITM,1.0,1.0,1.0,64.0
4,Stable_Balanced_Core,Random_Forest,14,,,,,,,,,,per_class,Normal,1.0,1.0,1.0,3888.0
4,Stable_Balanced_Core,Random_Forest,14,,,,,,,,,,per_class,Password,0.9368005266622779,0.890488110137672,0.9130574270131537,1598.0
4,Stable_Balanced_Core,Random_Forest,14,,,,,,,,,,per_class,Port_Scanning,1.0,0.8727498448168839,0.9320517069937024,1611.0
4,Stable_Balanced_Core,Random_Forest,14,,,,,,,,,,per_class,Ransomware,1.0,0.881578947368421,0.9370629370629371,1748.0
4,Stable_Balanced_Core,Random_Forest,14,,,,,,,,,,per_class,SQL_injection,0.9319123741859088,0.953939393939394,0.9427972446840371,1650.0
4,Stable_Balanced_Core,Random_Forest,14,,,,,,,,,,per_class,Uploading,0.9631610219845514,0.9866098600121729,0.9747444377630787,1643.0
4,Stable_Balanced_Core,Random_Forest,14,,,,,,,,,,per_class,Vulnerability_scanner,0.9925419515226849,0.9906947890818859,0.9916175100900342,1612.0
4,Stable_Balanced_Core,Random_Forest,14,,,,,,,,,,per_class,XSS,0.9694894146948941,0.9682835820895522,0.968886123210952,1608.0
4,Stable_Balanced_Core,Linear_Logistic_SGD,14,0.21977146952263407,0.211054307776676,0.2126191769115471,0.26685649751079343,0.27514258020985705,48.01454272800038,0.054060753998783184,0.0021523571285895285,7309.0,aggregate,,,,,
4,Stable_Balanced_Core,Linear_Logistic_SGD,14,,,,,,,,,,per_class,Backdoor,0.0,0.0,0.0,1631.0
4,Stable_Balanced_Core,Linear_Logistic_SGD,14,,,,,,,,,,per_class,DDoS_HTTP,0.25396825396825395,0.05680473372781065,0.09284332688588008,1690.0
4,Stable_Balanced_Core,Linear_Logistic_SGD,14,,,,,,,,,,per_class,DDoS_ICMP,0.9981701738334858,0.9676274944567628,0.982661562711101,2255.0
4,Stable_Balanced_Core,Linear_Logistic_SGD,14,,,,,,,,,,per_class,DDoS_TCP,0.0,0.0,0.0,1640.0
4,Stable_Balanced_Core,Linear_Logistic_SGD,14,,,,,,,,,,per_class,DDoS_UDP,0.5707931801334322,0.9961190168175937,0.7257304429783223,2319.0
4,Stable_Balanced_Core,Linear_Logistic_SGD,14,,,,,,,,,,per_class,Fingerprinting,0.007690066996795805,0.825,0.015238095238095238,160.0
4,Stable_Balanced_Core,Linear_Logistic_SGD,14,,,,,,,,,,per_class,MITM,0.95,0.890625,0.9193548387096774,64.0
4,Stable_Balanced_Core,Linear_Logistic_SGD,14,,,,,,,,,,per_class,Normal,0.7588652482269503,0.1376028806584362,0.2329632048769867,3888.0
4,Stable_Balanced_Core,Linear_Logistic_SGD,14,,,,,,,,,,per_class,Password,0.0,0.0,0.0,1598.0
4,Stable_Balanced_Core,Linear_Logistic_SGD,14,,,,,,,,,,per_class,Port_Scanning,0.4035433070866142,0.12725015518311608,0.19348749410099106,1611.0
4,Stable_Balanced_Core,Linear_Logistic_SGD,14,,,,,,,,,,per_class,Ransomware,0.0,0.0,0.0,1748.0
4,Stable_Balanced_Core,Linear_Logistic_SGD,14,,,,,,,,,,per_class,SQL_injection,0.06382978723404255,0.0018181818181818182,0.0035356511490866236,1650.0
4,Stable_Balanced_Core,Linear_Logistic_SGD,14,,,,,,,,,,per_class,Uploading,0.0,0.0,0.0,1643.0
4,Stable_Balanced_Core,Linear_Logistic_SGD,14,,,,,,,,,,per_class,Vulnerability_scanner,0.0,0.0,0.0,1612.0
4,Stable_Balanced_Core,Linear_Logistic_SGD,14,,,,,,,,,,per_class,XSS,0.0,0.0,0.0,1608.0
4,Stable_Minority_Only,XGBoost,13,0.9017000437950392,0.8884351227596923,0.898653785825229,0.8907095850848157,0.8936282047946019,32.959869437001544,0.8072373329996481,0.032139082414287055,10097981.0,aggregate,,,,,
4,Stable_Minority_Only,XGBoost,13,,,,,,,,,,per_class,Backdoor,1.0,0.9650521152667075,0.9822152886115445,1631.0
4,Stable_Minority_Only,XGBoost,13,,,,,,,,,,per_class,DDoS_HTTP,0.7640733712839974,0.714792899408284,0.7386120452461021,1690.0
4,Stable_Minority_Only,XGBoost,13,,,,,,,,,,per_class,DDoS_ICMP,0.9986577181208054,0.98980044345898,0.9942093541202672,2255.0
4,Stable_Minority_Only,XGBoost,13,,,,,,,,,,per_class,DDoS_TCP,0.9980569948186528,0.9396341463414634,0.967964824120603,1640.0
4,Stable_Minority_Only,XGBoost,13,,,,,,,,,,per_class,DDoS_UDP,0.9978448275862069,0.9982751185855973,0.9980599267083422,2319.0
4,Stable_Minority_Only,XGBoost,13,,,,,,,,,,per_class,Fingerprinting,0.8823529411764706,0.84375,0.8626198083067093,160.0
4,Stable_Minority_Only,XGBoost,13,,,,,,,,,,per_class,MITM,1.0,1.0,1.0,64.0
4,Stable_Minority_Only,XGBoost,13,,,,,,,,,,per_class,Normal,1.0,0.9956275720164609,0.9978089960046398,3888.0
4,Stable_Minority_Only,XGBoost,13,,,,,,,,,,per_class,Password,0.8255179934569248,0.4737171464330413,0.6019880715705764,1598.0
4,Stable_Minority_Only,XGBoost,13,,,,,,,,,,per_class,Port_Scanning,0.8773424190800682,0.9590316573556797,0.9163701067615658,1611.0
4,Stable_Minority_Only,XGBoost,13,,,,,,,,,,per_class,Ransomware,0.9336677814938684,0.9582379862700229,0.9457933370976849,1748.0
4,Stable_Minority_Only,XGBoost,13,,,,,,,,,,per_class,SQL_injection,0.7195945945945946,0.9036363636363637,0.8011821601289629,1650.0
4,Stable_Minority_Only,XGBoost,13,,,,,,,,,,per_class,Uploading,0.8472222222222222,0.7054169202678028,0.7698439056791763,1643.0
4,Stable_Minority_Only,XGBoost,13,,,,,,,,,,per_class,Vulnerability_scanner,0.9265060240963855,0.9540942928039702,0.9400977995110025,1612.0
4,Stable_Minority_Only,XGBoost,13,,,,,,,,,,per_class,XSS,0.7004085338175216,0.9595771144278606,0.8097612175282078,1608.0
4,Stable_Minority_Only,Random_Forest,13,0.8975196082334673,0.8759643517737222,0.8967426333055062,0.8891600547131907,0.8884219428151887,22.31793817200014,0.9448911889994633,0.03761958788865961,813811846.0,aggregate,,,,,
4,Stable_Minority_Only,Random_Forest,13,,,,,,,,,,per_class,Backdoor,1.0,0.9650521152667075,0.9822152886115445,1631.0
4,Stable_Minority_Only,Random_Forest,13,,,,,,,,,,per_class,DDoS_HTTP,0.7697241821680565,0.7100591715976331,0.7386888273314867,1690.0
4,Stable_Minority_Only,Random_Forest,13,,,,,,,,,,per_class,DDoS_ICMP,1.0,0.9991130820399113,0.9995563442768413,2255.0
4,Stable_Minority_Only,Random_Forest,13,,,,,,,,,,per_class,DDoS_TCP,0.9916879795396419,0.9457317073170731,0.9681647940074907,1640.0
4,Stable_Minority_Only,Random_Forest,13,,,,,,,,,,per_class,DDoS_UDP,0.9995687796463993,0.9995687796463993,0.9995687796463993,2319.0
4,Stable_Minority_Only,Random_Forest,13,,,,,,,,,,per_class,Fingerprinting,0.562992125984252,0.89375,0.6908212560386473,160.0
4,Stable_Minority_Only,Random_Forest,13,,,,,,,,,,per_class,MITM,1.0,1.0,1.0,64.0
4,Stable_Minority_Only,Random_Forest,13,,,,,,,,,,per_class,Normal,1.0,0.9956275720164609,0.9978089960046398,3888.0
4,Stable_Minority_Only,Random_Forest,13,,,,,,,,,,per_class,Password,0.6754047802621435,0.5481852315394243,0.6051813471502591,1598.0
4,Stable_Minority_Only,Random_Forest,13,,,,,,,,,,per_class,Port_Scanning,0.9083640836408364,0.9168218497827436,0.9125733704046958,1611.0
4,Stable_Minority_Only,Random_Forest,13,,,,,,,,,,per_class,Ransomware,0.9352317141261864,0.9582379862700229,0.9465950833568805,1748.0
4,Stable_Minority_Only,Random_Forest,13,,,,,,,,,,per_class,SQL_injection,0.7308510638297873,0.8327272727272728,0.778470254957507,1650.0
4,Stable_Minority_Only,Random_Forest,13,,,,,,,,,,per_class,Uploading,0.8024453024453024,0.7589774802191114,0.7801063497028464,1643.0
4,Stable_Minority_Only,Random_Forest,13,,,,,,,,,,per_class,Vulnerability_scanner,0.9315151515151515,0.9534739454094293,0.9423666462293072,1612.0
4,Stable_Minority_Only,Random_Forest,13,,,,,,,,,,per_class,XSS,0.7431488447071467,0.8600746268656716,0.7973479388872874,1608.0
4,Stable_Minority_Only,Linear_Logistic_SGD,13,0.25687781184058606,0.19820772991381333,0.15609711967057993,0.23481898242372315,0.193577687611122,43.38224648299911,0.03843795099965064,0.0015303559740275764,6413.0,aggregate,,,,,
4,Stable_Minority_Only,Linear_Logistic_SGD,13,,,,,,,,,,per_class,Backdoor,0.0,0.0,0.0,1631.0
4,Stable_Minority_Only,Linear_Logistic_SGD,13,,,,,,,,,,per_class,DDoS_HTTP,0.0,0.0,0.0,1690.0
4,Stable_Minority_Only,Linear_Logistic_SGD,13,,,,,,,,,,per_class,DDoS_ICMP,0.707662588538313,0.9747228381374723,0.8199962693527327,2255.0
4,Stable_Minority_Only,Linear_Logistic_SGD,13,,,,,,,,,,per_class,DDoS_TCP,0.0,0.0,0.0,1640.0
4,Stable_Minority_Only,Linear_Logistic_SGD,13,,,,,,,,,,per_class,DDoS_UDP,0.3146551724137931,0.0944372574385511,0.14527363184079603,2319.0
4,Stable_Minority_Only,Linear_Logistic_SGD,13,,,,,,,,,,per_class,Fingerprinting,0.635593220338983,0.46875,0.539568345323741,160.0
4,Stable_Minority_Only,Linear_Logistic_SGD,13,,,,,,,,,,per_class,MITM,1.0,0.90625,0.9508196721311475,64.0
4,Stable_Minority_Only,Linear_Logistic_SGD,13,,,,,,,,,,per_class,Normal,0.2004445890262416,0.9508744855967078,0.33109439369514604,3888.0
4,Stable_Minority_Only,Linear_Logistic_SGD,13,,,,,,,,,,per_class,Password,0.0,0.0,0.0,1598.0
4,Stable_Minority_Only,Linear_Logistic_SGD,13,,,,,,,,,,per_class,Port_Scanning,0.34804753820033957,0.12725015518311608,0.18636363636363637,1611.0
4,Stable_Minority_Only,Linear_Logistic_SGD,13,,,,,,,,,,per_class,Ransomware,0.0,0.0,0.0,1748.0
4,Stable_Minority_Only,Linear_Logistic_SGD,13,,,,,,,,,,per_class,SQL_injection,0.0,0.0,0.0,1650.0
4,Stable_Minority_Only,Linear_Logistic_SGD,13,,,,,,,,,,per_class,Uploading,0.0,0.0,0.0,1643.0
4,Stable_Minority_Only,Linear_Logistic_SGD,13,,,,,,,,,,per_class,Vulnerability_scanner,0.0,0.0,0.0,1612.0
4,Stable_Minority_Only,Linear_Logistic_SGD,13,,,,,,,,,,per_class,XSS,0.0,0.0,0.0,1608.0
4,CS_SHAP_Union,XGBoost,18,0.9765895608551977,0.9681150105511921,0.9764860940825918,0.9669079711687992,0.9745063408148898,38.13014376300089,0.7708845990000555,0.030691746585979833,7212084.0,aggregate,,,,,
4,CS_SHAP_Union,XGBoost,18,,,,,,,,,,per_class,Backdoor,1.0,0.9650521152667075,0.9822152886115445,1631.0
4,CS_SHAP_Union,XGBoost,18,,,,,,,,,,per_class,DDoS_HTTP,0.9848392965433597,0.9609467455621302,0.9727463312368974,1690.0
4,CS_SHAP_Union,XGBoost,18,,,,,,,,,,per_class,DDoS_ICMP,0.9973238180196253,0.9915742793791574,0.9944407382699578,2255.0
4,CS_SHAP_Union,XGBoost,18,,,,,,,,,,per_class,DDoS_TCP,1.0,1.0,1.0,1640.0
4,CS_SHAP_Union,XGBoost,18,,,,,,,,,,per_class,DDoS_UDP,0.999137187230371,0.9987063389391979,0.9989217166271297,2319.0
4,CS_SHAP_Union,XGBoost,18,,,,,,,,,,per_class,Fingerprinting,0.8881578947368421,0.84375,0.8653846153846154,160.0
4,CS_SHAP_Union,XGBoost,18,,,,,,,,,,per_class,MITM,1.0,1.0,1.0,64.0
4,CS_SHAP_Union,XGBoost,18,,,,,,,,,,per_class,Normal,1.0,1.0,1.0,3888.0
4,CS_SHAP_Union,XGBoost,18,,,,,,,,,,per_class,Password,0.9726507713884993,0.8679599499374218,0.9173280423280423,1598.0
4,CS_SHAP_Union,XGBoost,18,,,,,,,,,,per_class,Port_Scanning,0.9342184671092335,0.9608938547486033,0.9473684210526315,1611.0
4,CS_SHAP_Union,XGBoost,18,,,,,,,,,,per_class,Ransomware,0.9404828747894441,0.9582379862700229,0.9492774156984981,1748.0
4,CS_SHAP_Union,XGBoost,18,,,,,,,,,,per_class,SQL_injection,0.918321043675553,0.9812121212121212,0.9487254614708468,1650.0
4,CS_SHAP_Union,XGBoost,18,,,,,,,,,,per_class,Uploading,0.9594594594594594,0.9939135727328059,0.9763826606875934,1643.0
4,CS_SHAP_Union,XGBoost,18,,,,,,,,,,per_class,Vulnerability_scanner,0.9937616968184654,0.9882133995037221,0.9909797822706066,1612.0
4,CS_SHAP_Union,XGBoost,18,,,,,,,,,,per_class,XSS,0.9632086851628469,0.9931592039800995,0.9779546846295163,1608.0
4,CS_SHAP_Union,Random_Forest,18,0.97348409443803,0.9549250389887002,0.973923040981727,0.9664761782954119,0.9710990374477465,20.761941972001296,0.7590341770010127,0.03021993777127096,170027660.0,aggregate,,,,,
4,CS_SHAP_Union,Random_Forest,18,,,,,,,,,,per_class,Backdoor,1.0,0.9650521152667075,0.9822152886115445,1631.0
4,CS_SHAP_Union,Random_Forest,18,,,,,,,,,,per_class,DDoS_HTTP,0.9657615112160567,0.9680473372781065,0.966903073286052,1690.0
4,CS_SHAP_Union,Random_Forest,18,,,,,,,,,,per_class,DDoS_ICMP,1.0,0.9995565410199556,0.9997782213351075,2255.0
4,CS_SHAP_Union,Random_Forest,18,,,,,,,,,,per_class,DDoS_TCP,1.0,1.0,1.0,1640.0
4,CS_SHAP_Union,Random_Forest,18,,,,,,,,,,per_class,DDoS_UDP,1.0,1.0,1.0,2319.0
4,CS_SHAP_Union,Random_Forest,18,,,,,,,,,,per_class,Fingerprinting,0.5652173913043478,0.89375,0.6924939467312349,160.0
4,CS_SHAP_Union,Random_Forest,18,,,,,,,,,,per_class,MITM,1.0,1.0,1.0,64.0
4,CS_SHAP_Union,Random_Forest,18,,,,,,,,,,per_class,Normal,1.0,1.0,1.0,3888.0
4,CS_SHAP_Union,Random_Forest,18,,,,,,,,,,per_class,Password,0.9337270341207349,0.890488110137672,0.911595131326073,1598.0
4,CS_SHAP_Union,Random_Forest,18,,,,,,,,,,per_class,Port_Scanning,0.9656513285806869,0.9248913718187461,0.9448319594166138,1611.0
4,CS_SHAP_Union,Random_Forest,18,,,,,,,,,,per_class,Ransomware,0.9404828747894441,0.9582379862700229,0.9492774156984981,1748.0
4,CS_SHAP_Union,Random_Forest,18,,,,,,,,,,per_class,SQL_injection,0.9317102137767221,0.9509090909090909,0.9412117576484704,1650.0
4,CS_SHAP_Union,Random_Forest,18,,,,,,,,,,per_class,Uploading,0.9631610219845514,0.9866098600121729,0.9747444377630787,1643.0
4,CS_SHAP_Union,Random_Forest,18,,,,,,,,,,per_class,Vulnerability_scanner,0.9925419515226849,0.9906947890818859,0.9916175100900342,1612.0
4,CS_SHAP_Union,Random_Forest,18,,,,,,,,,,per_class,XSS,0.9695084007467331,0.9689054726368159,0.9692068429237948,1608.0
4,CS_SHAP_Union,Linear_Logistic_SGD,18,0.22196122148345743,0.21344169631212115,0.21399348037080332,0.26840964265423367,0.2782102958555209,72.60151278100057,0.06303894099983154,0.002509811721138334,7971.0,aggregate,,,,,
4,CS_SHAP_Union,Linear_Logistic_SGD,18,,,,,,,,,,per_class,Backdoor,0.0,0.0,0.0,1631.0
4,CS_SHAP_Union,Linear_Logistic_SGD,18,,,,,,,,,,per_class,DDoS_HTTP,0.25396825396825395,0.05680473372781065,0.09284332688588008,1690.0
4,CS_SHAP_Union,Linear_Logistic_SGD,18,,,,,,,,,,per_class,DDoS_ICMP,0.995985727029438,0.9902439024390244,0.9931065154547476,2255.0
4,CS_SHAP_Union,Linear_Logistic_SGD,18,,,,,,,,,,per_class,DDoS_TCP,0.0,0.0,0.0,1640.0
4,CS_SHAP_Union,Linear_Logistic_SGD,18,,,,,,,,,,per_class,DDoS_UDP,0.5712871287128712,0.9952565761103924,0.7259002987891179,2319.0
4,CS_SHAP_Union,Linear_Logistic_SGD,18,,,,,,,,,,per_class,Fingerprinting,0.007693652736492394,0.825,0.015245134838597909,160.0
4,CS_SHAP_Union,Linear_Logistic_SGD,18,,,,,,,,,,per_class,MITM,1.0,0.890625,0.9421487603305785,64.0
4,CS_SHAP_Union,Linear_Logistic_SGD,18,,,,,,,,,,per_class,Normal,0.7609001406469761,0.13914609053497942,0.23526853663839967,3888.0
4,CS_SHAP_Union,Linear_Logistic_SGD,18,,,,,,,,,,per_class,Password,0.0,0.0,0.0,1598.0
4,CS_SHAP_Union,Linear_Logistic_SGD,18,,,,,,,,,,per_class,Port_Scanning,0.4035433070866142,0.12725015518311608,0.19348749410099106,1611.0
4,CS_SHAP_Union,Linear_Logistic_SGD,18,,,,,,,,,,per_class,Ransomware,0.0,0.0,0.0,1748.0
4,CS_SHAP_Union,Linear_Logistic_SGD,18,,,,,,,,,,per_class,SQL_injection,0.6,0.0018181818181818182,0.0036253776435045317,1650.0
4,CS_SHAP_Union,Linear_Logistic_SGD,18,,,,,,,,,,per_class,Uploading,0.0,0.0,0.0,1643.0
4,CS_SHAP_Union,Linear_Logistic_SGD,18,,,,,,,,,,per_class,Vulnerability_scanner,0.0,0.0,0.0,1612.0
4,CS_SHAP_Union,Linear_Logistic_SGD,18,,,,,,,,,,per_class,XSS,0.0,0.0,0.0,1608.0
4,Mutual_Information_19,XGBoost,19,0.973523908110045,0.9653548862433757,0.9734889892996159,0.9638557075920843,0.9712582864936045,71.847921012999,1.0115708410012303,0.04027434968353029,7478922.0,aggregate,,,,,
4,Mutual_Information_19,XGBoost,19,,,,,,,,,,per_class,Backdoor,1.0,0.9650521152667075,0.9822152886115445,1631.0
4,Mutual_Information_19,XGBoost,19,,,,,,,,,,per_class,DDoS_HTTP,0.9807112718505123,0.9627218934911242,0.9716333233801134,1690.0
4,Mutual_Information_19,XGBoost,19,,,,,,,,,,per_class,DDoS_ICMP,0.99776885319054,0.9915742793791574,0.9946619217081851,2255.0
4,Mutual_Information_19,XGBoost,19,,,,,,,,,,per_class,DDoS_TCP,1.0,1.0,1.0,1640.0
4,Mutual_Information_19,XGBoost,19,,,,,,,,,,per_class,DDoS_UDP,0.999137187230371,0.9987063389391979,0.9989217166271297,2319.0
4,Mutual_Information_19,XGBoost,19,,,,,,,,,,per_class,Fingerprinting,0.8888888888888888,0.85,0.8690095846645367,160.0
4,Mutual_Information_19,XGBoost,19,,,,,,,,,,per_class,MITM,1.0,1.0,1.0,64.0
4,Mutual_Information_19,XGBoost,19,,,,,,,,,,per_class,Normal,1.0,1.0,1.0,3888.0
4,Mutual_Information_19,XGBoost,19,,,,,,,,,,per_class,Password,0.9705676243868255,0.8667083854818524,0.915702479338843,1598.0
4,Mutual_Information_19,XGBoost,19,,,,,,,,,,per_class,Port_Scanning,1.0,0.8727498448168839,0.9320517069937024,1611.0
4,Mutual_Information_19,XGBoost,19,,,,,,,,,,per_class,Ransomware,0.860236220472441,1.0,0.9248677248677248,1748.0
4,Mutual_Information_19,XGBoost,19,,,,,,,,,,per_class,SQL_injection,0.9171866137266024,0.98,0.9475534720187518,1650.0
4,Mutual_Information_19,XGBoost,19,,,,,,,,,,per_class,Uploading,0.9594356261022927,0.9933049300060864,0.9760765550239233,1643.0
4,Mutual_Information_19,XGBoost,19,,,,,,,,,,per_class,Vulnerability_scanner,0.9931464174454828,0.988833746898263,0.9909853901150139,1612.0
4,Mutual_Information_19,XGBoost,19,,,,,,,,,,per_class,XSS,0.965370595382746,0.9881840796019901,0.9766441303011678,1608.0
4,Mutual_Information_19,Random_Forest,19,0.9678305530119042,0.9364534734340608,0.972722865937025,0.9673588223402765,0.9652350218290695,34.81010791600056,0.8798153719999391,0.03502868065453434,187754425.0,aggregate,,,,,
4,Mutual_Information_19,Random_Forest,19,,,,,,,,,,per_class,Backdoor,1.0,0.9650521152667075,0.9822152886115445,1631.0
4,Mutual_Information_19,Random_Forest,19,,,,,,,,,,per_class,DDoS_HTTP,0.9802039592081584,0.9668639053254438,0.9734882335418528,1690.0
4,Mutual_Information_19,Random_Forest,19,,,,,,,,,,per_class,DDoS_ICMP,1.0,0.9995565410199556,0.9997782213351075,2255.0
4,Mutual_Information_19,Random_Forest,19,,,,,,,,,,per_class,DDoS_TCP,1.0,1.0,1.0,1640.0
4,Mutual_Information_19,Random_Forest,19,,,,,,,,,,per_class,DDoS_UDP,1.0,1.0,1.0,2319.0
4,Mutual_Information_19,Random_Forest,19,,,,,,,,,,per_class,Fingerprinting,0.25396825396825395,1.0,0.4050632911392405,160.0
4,Mutual_Information_19,Random_Forest,19,,,,,,,,,,per_class,MITM,1.0,1.0,1.0,64.0
4,Mutual_Information_19,Random_Forest,19,,,,,,,,,,per_class,Normal,1.0,1.0,1.0,3888.0
4,Mutual_Information_19,Random_Forest,19,,,,,,,,,,per_class,Password,0.970242214532872,0.8773466833541927,0.9214590864278672,1598.0
4,Mutual_Information_19,Random_Forest,19,,,,,,,,,,per_class,Port_Scanning,1.0,0.8727498448168839,0.9320517069937024,1611.0
4,Mutual_Information_19,Random_Forest,19,,,,,,,,,,per_class,Ransomware,1.0,0.881578947368421,0.9370629370629371,1748.0
4,Mutual_Information_19,Random_Forest,19,,,,,,,,,,per_class,SQL_injection,0.9254587155963303,0.9781818181818182,0.9510901591043016,1650.0
4,Mutual_Information_19,Random_Forest,19,,,,,,,,,,per_class,Uploading,0.9600470035252644,0.9945222154595252,0.9769805680119581,1643.0
4,Mutual_Information_19,Random_Forest,19,,,,,,,,,,per_class,Vulnerability_scanner,0.99625,0.988833746898263,0.9925280199252802,1612.0
4,Mutual_Information_19,Random_Forest,19,,,,,,,,,,per_class,XSS,0.9646987218502739,0.9856965174129353,0.975084589357121,1608.0
4,Mutual_Information_19,Linear_Logistic_SGD,19,0.2605406696659633,0.22857718051438605,0.27741159063404697,0.25537135899384145,0.32254231728598093,67.55350156699933,0.12759373799963214,0.005079975235881361,8463.0,aggregate,,,,,
4,Mutual_Information_19,Linear_Logistic_SGD,19,,,,,,,,,,per_class,Backdoor,0.029661016949152543,0.004291845493562232,0.007498660953401178,1631.0
4,Mutual_Information_19,Linear_Logistic_SGD,19,,,,,,,,,,per_class,DDoS_HTTP,0.3086053412462908,0.06153846153846154,0.10261470152935372,1690.0
4,Mutual_Information_19,Linear_Logistic_SGD,19,,,,,,,,,,per_class,DDoS_ICMP,0.9649502379922111,0.9889135254988913,0.9767849321068769,2255.0
4,Mutual_Information_19,Linear_Logistic_SGD,19,,,,,,,,,,per_class,DDoS_TCP,0.5733568075117371,0.5957317073170731,0.5843301435406699,1640.0
4,Mutual_Information_19,Linear_Logistic_SGD,19,,,,,,,,,,per_class,DDoS_UDP,0.9960954446854664,0.9900819318671842,0.9930795847750866,2319.0
4,Mutual_Information_19,Linear_Logistic_SGD,19,,,,,,,,,,per_class,Fingerprinting,0.007036747458952306,0.73125,0.01393935783642104,160.0
4,Mutual_Information_19,Linear_Logistic_SGD,19,,,,,,,,,,per_class,MITM,1.0,0.171875,0.29333333333333333,64.0
4,Mutual_Information_19,Linear_Logistic_SGD,19,,,,,,,,,,per_class,Normal,0.7038834951456311,0.14917695473251028,0.2461799660441426,3888.0
4,Mutual_Information_19,Linear_Logistic_SGD,19,,,,,,,,,,per_class,Password,0.17777777777777778,0.0050062578222778474,0.009738283627510651,1598.0
4,Mutual_Information_19,Linear_Logistic_SGD,19,,,,,,,,,,per_class,Port_Scanning,0.3789279112754159,0.12725015518311608,0.19052044609665428,1611.0
4,Mutual_Information_19,Linear_Logistic_SGD,19,,,,,,,,,,per_class,Ransomware,0.0,0.0,0.0,1748.0
4,Mutual_Information_19,Linear_Logistic_SGD,19,,,,,,,,,,per_class,SQL_injection,0.21428571428571427,0.005454545454545455,0.010638297872340425,1650.0
4,Mutual_Information_19,Linear_Logistic_SGD,19,,,,,,,,,,per_class,Uploading,0.0,0.0,0.0,1643.0
4,Mutual_Information_19,Linear_Logistic_SGD,19,,,,,,,,,,per_class,Vulnerability_scanner,0.0,0.0,0.0,1612.0
4,Mutual_Information_19,Linear_Logistic_SGD,19,,,,,,,,,,per_class,XSS,0.0,0.0,0.0,1608.0
4,Random_Forest_Importance_19,XGBoost,19,0.9737229764701198,0.9653475407736916,0.9736890918890848,0.9636914211213493,0.9714734939611631,69.64419312699829,1.2452308290012297,0.04957721180878408,7402716.0,aggregate,,,,,
4,Random_Forest_Importance_19,XGBoost,19,,,,,,,,,,per_class,Backdoor,1.0,0.9650521152667075,0.9822152886115445,1631.0
4,Random_Forest_Importance_19,XGBoost,19,,,,,,,,,,per_class,DDoS_HTTP,0.9830713422007256,0.9621301775147929,0.972488038277512,1690.0
4,Random_Forest_Importance_19,XGBoost,19,,,,,,,,,,per_class,DDoS_ICMP,0.9973238180196253,0.9915742793791574,0.9944407382699578,2255.0
4,Random_Forest_Importance_19,XGBoost,19,,,,,,,,,,per_class,DDoS_TCP,1.0,1.0,1.0,1640.0
4,Random_Forest_Importance_19,XGBoost,19,,,,,,,,,,per_class,DDoS_UDP,0.999137187230371,0.9987063389391979,0.9989217166271297,2319.0
4,Random_Forest_Importance_19,XGBoost,19,,,,,,,,,,per_class,Fingerprinting,0.8881578947368421,0.84375,0.8653846153846154,160.0
4,Random_Forest_Importance_19,XGBoost,19,,,,,,,,,,per_class,MITM,1.0,1.0,1.0,64.0
4,Random_Forest_Importance_19,XGBoost,19,,,,,,,,,,per_class,Normal,1.0,1.0,1.0,3888.0
4,Random_Forest_Importance_19,XGBoost,19,,,,,,,,,,per_class,Password,0.9699720670391061,0.8692115143929913,0.9168316831683169,1598.0
4,Random_Forest_Importance_19,XGBoost,19,,,,,,,,,,per_class,Port_Scanning,1.0,0.8727498448168839,0.9320517069937024,1611.0
4,Random_Forest_Importance_19,XGBoost,19,,,,,,,,,,per_class,Ransomware,0.860236220472441,1.0,0.9248677248677248,1748.0
4,Random_Forest_Importance_19,XGBoost,19,,,,,,,,,,per_class,SQL_injection,0.9192723138146675,0.98,0.9486652977412732,1650.0
4,Random_Forest_Importance_19,XGBoost,19,,,,,,,,,,per_class,Uploading,0.9594117647058824,0.992696287279367,0.9757702662279389,1643.0
4,Random_Forest_Importance_19,XGBoost,19,,,,,,,,,,per_class,Vulnerability_scanner,0.9925419515226849,0.9906947890818859,0.9916175100900342,1612.0
4,Random_Forest_Importance_19,XGBoost,19,,,,,,,,,,per_class,XSS,0.9653916211293261,0.9888059701492538,0.9769585253456221,1608.0
4,Random_Forest_Importance_19,Random_Forest,19,0.9676712983238444,0.9362886616696359,0.9725620285287685,0.9671998118031548,0.9650607831723572,33.247890065998945,1.348463267000625,0.05368727423659772,187693171.0,aggregate,,,,,
4,Random_Forest_Importance_19,Random_Forest,19,,,,,,,,,,per_class,Backdoor,1.0,0.9650521152667075,0.9822152886115445,1631.0
4,Random_Forest_Importance_19,Random_Forest,19,,,,,,,,,,per_class,DDoS_HTTP,0.9807692307692307,0.9656804733727811,0.9731663685152058,1690.0
4,Random_Forest_Importance_19,Random_Forest,19,,,,,,,,,,per_class,DDoS_ICMP,1.0,0.9995565410199556,0.9997782213351075,2255.0
4,Random_Forest_Importance_19,Random_Forest,19,,,,,,,,,,per_class,DDoS_TCP,1.0,1.0,1.0,1640.0
4,Random_Forest_Importance_19,Random_Forest,19,,,,,,,,,,per_class,DDoS_UDP,1.0,1.0,1.0,2319.0
4,Random_Forest_Importance_19,Random_Forest,19,,,,,,,,,,per_class,Fingerprinting,0.25396825396825395,1.0,0.4050632911392405,160.0
4,Random_Forest_Importance_19,Random_Forest,19,,,,,,,,,,per_class,MITM,1.0,1.0,1.0,64.0
4,Random_Forest_Importance_19,Random_Forest,19,,,,,,,,,,per_class,Normal,1.0,1.0,1.0,3888.0
4,Random_Forest_Importance_19,Random_Forest,19,,,,,,,,,,per_class,Password,0.9682100898410505,0.876720901126408,0.9201970443349753,1598.0
4,Random_Forest_Importance_19,Random_Forest,19,,,,,,,,,,per_class,Port_Scanning,1.0,0.8727498448168839,0.9320517069937024,1611.0
4,Random_Forest_Importance_19,Random_Forest,19,,,,,,,,,,per_class,Ransomware,1.0,0.881578947368421,0.9370629370629371,1748.0
4,Random_Forest_Importance_19,Random_Forest,19,,,,,,,,,,per_class,SQL_injection,0.9247990815154994,0.9763636363636363,0.949882075471698,1650.0
4,Random_Forest_Importance_19,Random_Forest,19,,,,,,,,,,per_class,Uploading,0.9600470035252644,0.9945222154595252,0.9769805680119581,1643.0
4,Random_Forest_Importance_19,Random_Forest,19,,,,,,,,,,per_class,Vulnerability_scanner,0.9956304619225967,0.989454094292804,0.9925326695706285,1612.0
4,Random_Forest_Importance_19,Random_Forest,19,,,,,,,,,,per_class,XSS,0.9647201946472019,0.986318407960199,0.97539975399754,1608.0
4,Random_Forest_Importance_19,Linear_Logistic_SGD,19,0.2218417804674125,0.1724436118329432,0.21558370611744748,0.21574164572140012,0.2678120509721938,64.17233451299944,0.07135860699963814,0.002841048174528731,8457.0,aggregate,,,,,
4,Random_Forest_Importance_19,Linear_Logistic_SGD,19,,,,,,,,,,per_class,Backdoor,0.029661016949152543,0.004291845493562232,0.007498660953401178,1631.0
4,Random_Forest_Importance_19,Linear_Logistic_SGD,19,,,,,,,,,,per_class,DDoS_HTTP,0.3086053412462908,0.06153846153846154,0.10261470152935372,1690.0
4,Random_Forest_Importance_19,Linear_Logistic_SGD,19,,,,,,,,,,per_class,DDoS_ICMP,0.9649502379922111,0.9889135254988913,0.9767849321068769,2255.0
4,Random_Forest_Importance_19,Linear_Logistic_SGD,19,,,,,,,,,,per_class,DDoS_TCP,0.0,0.0,0.0,1640.0
4,Random_Forest_Importance_19,Linear_Logistic_SGD,19,,,,,,,,,,per_class,DDoS_UDP,0.5825932504440497,0.9900819318671842,0.7335463258785943,2319.0
4,Random_Forest_Importance_19,Linear_Logistic_SGD,19,,,,,,,,,,per_class,Fingerprinting,0.0070371706964994585,0.73125,0.013940188252114858,160.0
4,Random_Forest_Importance_19,Linear_Logistic_SGD,19,,,,,,,,,,per_class,MITM,1.0,0.171875,0.29333333333333333,64.0
4,Random_Forest_Importance_19,Linear_Logistic_SGD,19,,,,,,,,,,per_class,Normal,0.7056694813027744,0.15046296296296297,0.2480390078439686,3888.0
4,Random_Forest_Importance_19,Linear_Logistic_SGD,19,,,,,,,,,,per_class,Password,0.17777777777777778,0.0050062578222778474,0.009738283627510651,1598.0
4,Random_Forest_Importance_19,Linear_Logistic_SGD,19,,,,,,,,,,per_class,Port_Scanning,0.3789279112754159,0.12725015518311608,0.19052044609665428,1611.0
4,Random_Forest_Importance_19,Linear_Logistic_SGD,19,,,,,,,,,,per_class,Ransomware,0.0,0.0,0.0,1748.0
4,Random_Forest_Importance_19,Linear_Logistic_SGD,19,,,,,,,,,,per_class,SQL_injection,0.21428571428571427,0.005454545454545455,0.010638297872340425,1650.0
4,Random_Forest_Importance_19,Linear_Logistic_SGD,19,,,,,,,,,,per_class,Uploading,0.0,0.0,0.0,1643.0
4,Random_Forest_Importance_19,Linear_Logistic_SGD,19,,,,,,,,,,per_class,Vulnerability_scanner,0.0,0.0,0.0,1612.0
4,Random_Forest_Importance_19,Linear_Logistic_SGD,19,,,,,,,,,,per_class,XSS,0.0,0.0,0.0,1608.0
5,Full_42,XGBoost,42,0.9780626667197516,0.9693244449443257,0.9780052494841922,0.9672958329384395,0.9761071636006593,45.180838914999185,0.7287642899991624,0.02901478241824909,7239348.0,aggregate,,,,,
5,Full_42,XGBoost,42,,,,,,,,,,per_class,Backdoor,1.0,0.9632352941176471,0.9812734082397003,1632.0
5,Full_42,XGBoost,42,,,,,,,,,,per_class,DDoS_HTTP,0.9806646525679759,0.9609236234458259,0.9706937799043062,1689.0
5,Full_42,XGBoost,42,,,,,,,,,,per_class,DDoS_ICMP,0.9982174688057041,0.9933481152993349,0.9957768392976216,2255.0
5,Full_42,XGBoost,42,,,,,,,,,,per_class,DDoS_TCP,1.0,1.0,1.0,1639.0
5,Full_42,XGBoost,42,,,,,,,,,,per_class,DDoS_UDP,1.0,1.0,1.0,2320.0
5,Full_42,XGBoost,42,,,,,,,,,,per_class,Fingerprinting,0.8979591836734694,0.825,0.8599348534201955,160.0
5,Full_42,XGBoost,42,,,,,,,,,,per_class,MITM,1.0,1.0,1.0,64.0
5,Full_42,XGBoost,42,,,,,,,,,,per_class,Normal,1.0,1.0,1.0,3888.0
5,Full_42,XGBoost,42,,,,,,,,,,per_class,Password,0.9820565907522429,0.8899312070043778,0.933727034120735,1599.0
5,Full_42,XGBoost,42,,,,,,,,,,per_class,Port_Scanning,0.9251781472684085,0.9671011793916822,0.9456752655538694,1611.0
5,Full_42,XGBoost,42,,,,,,,,,,per_class,Ransomware,0.9408754974417283,0.9467963386727689,0.9438266324493869,1748.0
5,Full_42,XGBoost,42,,,,,,,,,,per_class,SQL_injection,0.9272313814667424,0.989084293511219,0.9571596244131455,1649.0
5,Full_42,XGBoost,42,,,,,,,,,,per_class,Uploading,0.9714795008912656,0.9951308581862447,0.9831629585087192,1643.0
5,Full_42,XGBoost,42,,,,,,,,,,per_class,Vulnerability_scanner,0.9974937343358395,0.9875930521091811,0.9925187032418953,1612.0
5,Full_42,XGBoost,42,,,,,,,,,,per_class,XSS,0.9613992762364294,0.9912935323383084,0.9761175750153093,1608.0
5,Full_42,Random_Forest,42,0.9754349643667636,0.9565798690603177,0.9758573825629958,0.9670369616815986,0.9732308932900399,21.251832198999182,0.7990839449994382,0.03181446609863591,199076328.0,aggregate,,,,,
5,Full_42,Random_Forest,42,,,,,,,,,,per_class,Backdoor,1.0,0.9632352941176471,0.9812734082397003,1632.0
5,Full_42,Random_Forest,42,,,,,,,,,,per_class,DDoS_HTTP,0.9702734839476813,0.9662522202486679,0.9682586769504598,1689.0
5,Full_42,Random_Forest,42,,,,,,,,,,per_class,DDoS_ICMP,1.0,1.0,1.0,2255.0
5,Full_42,Random_Forest,42,,,,,,,,,,per_class,DDoS_TCP,1.0,1.0,1.0,1639.0
5,Full_42,Random_Forest,42,,,,,,,,,,per_class,DDoS_UDP,1.0,1.0,1.0,2320.0
5,Full_42,Random_Forest,42,,,,,,,,,,per_class,Fingerprinting,0.5673469387755102,0.86875,0.6864197530864198,160.0
5,Full_42,Random_Forest,42,,,,,,,,,,per_class,MITM,1.0,1.0,1.0,64.0
5,Full_42,Random_Forest,42,,,,,,,,,,per_class,Normal,1.0,1.0,1.0,3888.0
5,Full_42,Random_Forest,42,,,,,,,,,,per_class,Password,0.9552438209752839,0.8943089430894309,0.9237726098191215,1599.0
5,Full_42,Random_Forest,42,,,,,,,,,,per_class,Port_Scanning,0.9606349206349206,0.9391682184978274,0.9497802887633395,1611.0
5,Full_42,Random_Forest,42,,,,,,,,,,per_class,Ransomware,0.9408754974417283,0.9467963386727689,0.9438266324493869,1748.0
5,Full_42,Random_Forest,42,,,,,,,,,,per_class,SQL_injection,0.9285299244625218,0.9690721649484536,0.9483679525222551,1649.0
5,Full_42,Random_Forest,42,,,,,,,,,,per_class,Uploading,0.972504482964734,0.9902617163724894,0.9813027744270205,1643.0
5,Full_42,Random_Forest,42,,,,,,,,,,per_class,Vulnerability_scanner,0.9993678887484198,0.9807692307692307,0.9899812147777082,1612.0
5,Full_42,Random_Forest,42,,,,,,,,,,per_class,XSS,0.964741641337386,0.9869402985074627,0.9757147248693513,1608.0
5,Full_42,Linear_Logistic_SGD,42,0.3121790022693793,0.2618143424255935,0.2834635216741649,0.2997571158953511,0.3279854676696741,55.66286304700043,0.08217531199989025,0.0032717009196914543,11614.0,aggregate,,,,,
5,Full_42,Linear_Logistic_SGD,42,,,,,,,,,,per_class,Backdoor,0.04132231404958678,0.006127450980392157,0.010672358591248666,1632.0
5,Full_42,Linear_Logistic_SGD,42,,,,,,,,,,per_class,DDoS_HTTP,0.2857142857142857,0.0615748963883955,0.10131514856307841,1689.0
5,Full_42,Linear_Logistic_SGD,42,,,,,,,,,,per_class,DDoS_ICMP,0.9724890829694323,0.9875831485587583,0.9799779977997799,2255.0
5,Full_42,Linear_Logistic_SGD,42,,,,,,,,,,per_class,DDoS_TCP,0.5023771790808241,0.5802318486882245,0.5385050962627408,1639.0
5,Full_42,Linear_Logistic_SGD,42,,,,,,,,,,per_class,DDoS_UDP,0.9991315675206253,0.9918103448275862,0.9954574951330305,2320.0
5,Full_42,Linear_Logistic_SGD,42,,,,,,,,,,per_class,Fingerprinting,0.3661417322834646,0.58125,0.44927536231884063,160.0
5,Full_42,Linear_Logistic_SGD,42,,,,,,,,,,per_class,MITM,1.0,0.1875,0.3157894736842105,64.0
5,Full_42,Linear_Logistic_SGD,42,,,,,,,,,,per_class,Normal,0.7285180572851806,0.15046296296296297,0.24941377105094859,3888.0
5,Full_42,Linear_Logistic_SGD,42,,,,,,,,,,per_class,Password,0.0,0.0,0.0,1599.0
5,Full_42,Linear_Logistic_SGD,42,,,,,,,,,,per_class,Port_Scanning,0.22434782608695653,0.08007448789571694,0.11802378774016466,1611.0
5,Full_42,Linear_Logistic_SGD,42,,,,,,,,,,per_class,Ransomware,0.0,0.0,0.0,1748.0
5,Full_42,Linear_Logistic_SGD,42,,,,,,,,,,per_class,SQL_injection,0.08,0.002425712553062462,0.004708652148322542,1649.0
5,Full_42,Linear_Logistic_SGD,42,,,,,,,,,,per_class,Uploading,0.09060850766198258,0.8673158855751674,0.16407599309153714,1643.0
5,Full_42,Linear_Logistic_SGD,42,,,,,,,,,,per_class,Vulnerability_scanner,0.0,0.0,0.0,1612.0
5,Full_42,Linear_Logistic_SGD,42,,,,,,,,,,per_class,XSS,0.0,0.0,0.0,1608.0
5,Natural_Global_20,XGBoost,20,0.9781024803917665,0.9695859089358879,0.9780526412355435,0.9677142458681703,0.9761462707310312,33.70156555600079,0.7071349420002662,0.02815363865112339,7320460.0,aggregate,,,,,
5,Natural_Global_20,XGBoost,20,,,,,,,,,,per_class,Backdoor,1.0,0.9632352941176471,0.9812734082397003,1632.0
5,Natural_Global_20,XGBoost,20,,,,,,,,,,per_class,DDoS_HTTP,0.982487922705314,0.9632918886915335,0.9727952167414051,1689.0
5,Natural_Global_20,XGBoost,20,,,,,,,,,,per_class,DDoS_ICMP,0.9986625055728935,0.9933481152993349,0.9959982214317474,2255.0
5,Natural_Global_20,XGBoost,20,,,,,,,,,,per_class,DDoS_TCP,1.0,1.0,1.0,1639.0
5,Natural_Global_20,XGBoost,20,,,,,,,,,,per_class,DDoS_UDP,1.0,1.0,1.0,2320.0
5,Natural_Global_20,XGBoost,20,,,,,,,,,,per_class,Fingerprinting,0.8986486486486487,0.83125,0.8636363636363638,160.0
5,Natural_Global_20,XGBoost,20,,,,,,,,,,per_class,MITM,1.0,1.0,1.0,64.0
5,Natural_Global_20,XGBoost,20,,,,,,,,,,per_class,Normal,1.0,1.0,1.0,3888.0
5,Natural_Global_20,XGBoost,20,,,,,,,,,,per_class,Password,0.976027397260274,0.8911819887429644,0.9316770186335404,1599.0
5,Natural_Global_20,XGBoost,20,,,,,,,,,,per_class,Port_Scanning,0.9251781472684085,0.9671011793916822,0.9456752655538694,1611.0
5,Natural_Global_20,XGBoost,20,,,,,,,,,,per_class,Ransomware,0.9408754974417283,0.9467963386727689,0.9438266324493869,1748.0
5,Natural_Global_20,XGBoost,20,,,,,,,,,,per_class,SQL_injection,0.9279588336192109,0.9842328684050939,0.9552678045909357,1649.0
5,Natural_Global_20,XGBoost,20,,,,,,,,,,per_class,Uploading,0.9714625445897741,0.9945222154595252,0.9828571428571429,1643.0
5,Natural_Global_20,XGBoost,20,,,,,,,,,,per_class,Vulnerability_scanner,0.9981179422835633,0.9869727047146402,0.9925140361821584,1612.0
5,Natural_Global_20,XGBoost,20,,,,,,,,,,per_class,XSS,0.9632308619650392,0.9937810945273632,0.9782675237220693,1608.0
5,Natural_Global_20,Random_Forest,20,0.9757136600708683,0.9568590570925927,0.9761317117644746,0.967324560278358,0.9735354245324164,19.811788914999852,0.7661561090008036,0.030503488036023554,185192960.0,aggregate,,,,,
5,Natural_Global_20,Random_Forest,20,,,,,,,,,,per_class,Backdoor,1.0,0.9632352941176471,0.9812734082397003,1632.0
5,Natural_Global_20,Random_Forest,20,,,,,,,,,,per_class,DDoS_HTTP,0.9737470167064439,0.9662522202486679,0.9699851411589896,1689.0
5,Natural_Global_20,Random_Forest,20,,,,,,,,,,per_class,DDoS_ICMP,1.0,1.0,1.0,2255.0
5,Natural_Global_20,Random_Forest,20,,,,,,,,,,per_class,DDoS_TCP,1.0,1.0,1.0,1639.0
5,Natural_Global_20,Random_Forest,20,,,,,,,,,,per_class,DDoS_UDP,1.0,1.0,1.0,2320.0
5,Natural_Global_20,Random_Forest,20,,,,,,,,,,per_class,Fingerprinting,0.5673469387755102,0.86875,0.6864197530864198,160.0
5,Natural_Global_20,Random_Forest,20,,,,,,,,,,per_class,MITM,1.0,1.0,1.0,64.0
5,Natural_Global_20,Random_Forest,20,,,,,,,,,,per_class,Normal,1.0,1.0,1.0,3888.0
5,Natural_Global_20,Random_Forest,20,,,,,,,,,,per_class,Password,0.9564926372155288,0.8936835522201376,0.9240219851277077,1599.0
5,Natural_Global_20,Random_Forest,20,,,,,,,,,,per_class,Port_Scanning,0.9606349206349206,0.9391682184978274,0.9497802887633395,1611.0
5,Natural_Global_20,Random_Forest,20,,,,,,,,,,per_class,Ransomware,0.9408754974417283,0.9467963386727689,0.9438266324493869,1748.0
5,Natural_Global_20,Random_Forest,20,,,,,,,,,,per_class,SQL_injection,0.9285299244625218,0.9690721649484536,0.9483679525222551,1649.0
5,Natural_Global_20,Random_Forest,20,,,,,,,,,,per_class,Uploading,0.9719570405727923,0.9914790018259282,0.9816209701717384,1643.0
5,Natural_Global_20,Random_Forest,20,,,,,,,,,,per_class,Vulnerability_scanner,0.9993702770780857,0.9844913151364765,0.9918750000000001,1612.0
5,Natural_Global_20,Random_Forest,20,,,,,,,,,,per_class,XSS,0.964741641337386,0.9869402985074627,0.9757147248693513,1608.0
5,Natural_Global_20,Linear_Logistic_SGD,20,0.3117808655492296,0.27553642634522413,0.2867180674606736,0.30142292960136935,0.32446344729430415,41.55863304000013,0.06282292600008077,0.0025012113707879435,8246.0,aggregate,,,,,
5,Natural_Global_20,Linear_Logistic_SGD,20,,,,,,,,,,per_class,Backdoor,0.04132231404958678,0.006127450980392157,0.010672358591248666,1632.0
5,Natural_Global_20,Linear_Logistic_SGD,20,,,,,,,,,,per_class,DDoS_HTTP,0.2857142857142857,0.0615748963883955,0.10131514856307841,1689.0
5,Natural_Global_20,Linear_Logistic_SGD,20,,,,,,,,,,per_class,DDoS_ICMP,0.9707933740191804,0.9875831485587583,0.9791162892943505,2255.0
5,Natural_Global_20,Linear_Logistic_SGD,20,,,,,,,,,,per_class,DDoS_TCP,0.4963465553235908,0.5802318486882245,0.5350210970464134,1639.0
5,Natural_Global_20,Linear_Logistic_SGD,20,,,,,,,,,,per_class,DDoS_UDP,0.9973992197659298,0.9918103448275862,0.9945969310568402,2320.0
5,Natural_Global_20,Linear_Logistic_SGD,20,,,,,,,,,,per_class,Fingerprinting,0.6375838926174496,0.59375,0.6148867313915858,160.0
5,Natural_Global_20,Linear_Logistic_SGD,20,,,,,,,,,,per_class,MITM,1.0,0.1875,0.3157894736842105,64.0
5,Natural_Global_20,Linear_Logistic_SGD,20,,,,,,,,,,per_class,Normal,0.7271589486858573,0.14943415637860083,0.24791977810966506,3888.0
5,Natural_Global_20,Linear_Logistic_SGD,20,,,,,,,,,,per_class,Password,0.0,0.0,0.0,1599.0
5,Natural_Global_20,Linear_Logistic_SGD,20,,,,,,,,,,per_class,Port_Scanning,0.25327510917030566,0.10800744878957169,0.1514360313315927,1611.0
5,Natural_Global_20,Linear_Logistic_SGD,20,,,,,,,,,,per_class,Ransomware,0.0038809831824062097,0.0017162471395881006,0.002380007933359778,1748.0
5,Natural_Global_20,Linear_Logistic_SGD,20,,,,,,,,,,per_class,SQL_injection,0.08,0.002425712553062462,0.004708652148322542,1649.0
5,Natural_Global_20,Linear_Logistic_SGD,20,,,,,,,,,,per_class,Uploading,0.16279069767441862,0.00852099817407182,0.016194331983805668,1643.0
5,Natural_Global_20,Linear_Logistic_SGD,20,,,,,,,,,,per_class,Vulnerability_scanner,0.0,0.0,0.0,1612.0
5,Natural_Global_20,Linear_Logistic_SGD,20,,,,,,,,,,per_class,XSS,0.08778749595076125,0.8426616915422885,0.15900956404388897,1608.0
5,Class_Balanced_15,XGBoost,15,0.9766691881992277,0.9678908627629773,0.9766674989907602,0.9652876369023791,0.9746661716906704,29.827187840999613,0.6471920709991537,0.025767092845449445,7059274.0,aggregate,,,,,
5,Class_Balanced_15,XGBoost,15,,,,,,,,,,per_class,Backdoor,1.0,0.9632352941176471,0.9812734082397003,1632.0
5,Class_Balanced_15,XGBoost,15,,,,,,,,,,per_class,DDoS_HTTP,0.9878048780487805,0.9591474245115453,0.9732652448182638,1689.0
5,Class_Balanced_15,XGBoost,15,,,,,,,,,,per_class,DDoS_ICMP,0.9955476402493322,0.9915742793791574,0.9935569873361476,2255.0
5,Class_Balanced_15,XGBoost,15,,,,,,,,,,per_class,DDoS_TCP,1.0,1.0,1.0,1639.0
5,Class_Balanced_15,XGBoost,15,,,,,,,,,,per_class,DDoS_UDP,0.9982751185855973,0.9978448275862069,0.9980599267083422,2320.0
5,Class_Balanced_15,XGBoost,15,,,,,,,,,,per_class,Fingerprinting,0.8972602739726028,0.81875,0.8562091503267975,160.0
5,Class_Balanced_15,XGBoost,15,,,,,,,,,,per_class,MITM,1.0,1.0,1.0,64.0
5,Class_Balanced_15,XGBoost,15,,,,,,,,,,per_class,Normal,1.0,1.0,1.0,3888.0
5,Class_Balanced_15,XGBoost,15,,,,,,,,,,per_class,Password,0.9813278008298755,0.8874296435272045,0.9320197044334976,1599.0
5,Class_Balanced_15,XGBoost,15,,,,,,,,,,per_class,Port_Scanning,1.0,0.8919925512104283,0.9429133858267716,1611.0
5,Class_Balanced_15,XGBoost,15,,,,,,,,,,per_class,Ransomware,0.8713858424725822,1.0,0.9312733084709642,1748.0
5,Class_Balanced_15,XGBoost,15,,,,,,,,,,per_class,SQL_injection,0.9255258669698693,0.9872650090964221,0.9553990610328639,1649.0
5,Class_Balanced_15,XGBoost,15,,,,,,,,,,per_class,Uploading,0.9709371293001187,0.9963481436396835,0.9834785220787022,1643.0
5,Class_Balanced_15,XGBoost,15,,,,,,,,,,per_class,Vulnerability_scanner,0.9993722536095417,0.9875930521091811,0.9934477379095163,1612.0
5,Class_Balanced_15,XGBoost,15,,,,,,,,,,per_class,XSS,0.9576372315035799,0.9981343283582089,0.9774665042630937,1608.0
5,Class_Balanced_15,Random_Forest,15,0.9686268264522037,0.9381412390420804,0.973005458424233,0.9681820029882002,0.9660285285029782,17.320520211000257,0.6591680149995227,0.026243899151949784,169155492.0,aggregate,,,,,
5,Class_Balanced_15,Random_Forest,15,,,,,,,,,,per_class,Backdoor,1.0,0.9632352941176471,0.9812734082397003,1632.0
5,Class_Balanced_15,Random_Forest,15,,,,,,,,,,per_class,DDoS_HTTP,0.9663120567375887,0.9680284191829485,0.9671694764862467,1689.0
5,Class_Balanced_15,Random_Forest,15,,,,,,,,,,per_class,DDoS_ICMP,1.0,1.0,1.0,2255.0
5,Class_Balanced_15,Random_Forest,15,,,,,,,,,,per_class,DDoS_TCP,1.0,1.0,1.0,1639.0
5,Class_Balanced_15,Random_Forest,15,,,,,,,,,,per_class,DDoS_UDP,1.0,1.0,1.0,2320.0
5,Class_Balanced_15,Random_Forest,15,,,,,,,,,,per_class,Fingerprinting,0.272572402044293,1.0,0.428380187416332,160.0
5,Class_Balanced_15,Random_Forest,15,,,,,,,,,,per_class,MITM,1.0,1.0,1.0,64.0
5,Class_Balanced_15,Random_Forest,15,,,,,,,,,,per_class,Normal,1.0,1.0,1.0,3888.0
5,Class_Balanced_15,Random_Forest,15,,,,,,,,,,per_class,Password,0.9412148922273024,0.9011882426516573,0.9207667731629393,1599.0
5,Class_Balanced_15,Random_Forest,15,,,,,,,,,,per_class,Port_Scanning,1.0,0.8919925512104283,0.9429133858267716,1611.0
5,Class_Balanced_15,Random_Forest,15,,,,,,,,,,per_class,Ransomware,1.0,0.8895881006864989,0.9415682712685437,1748.0
5,Class_Balanced_15,Random_Forest,15,,,,,,,,,,per_class,SQL_injection,0.9319648093841643,0.9636143117040631,0.9475253428741801,1649.0
5,Class_Balanced_15,Random_Forest,15,,,,,,,,,,per_class,Uploading,0.9746223564954682,0.9817407181984176,0.9781685870224378,1643.0
5,Class_Balanced_15,Random_Forest,15,,,,,,,,,,per_class,Vulnerability_scanner,0.9981167608286252,0.9863523573200993,0.9921996879875196,1612.0
5,Class_Balanced_15,Random_Forest,15,,,,,,,,,,per_class,XSS,0.9673645320197044,0.9769900497512438,0.9721534653465347,1608.0
5,Class_Balanced_15,Linear_Logistic_SGD,15,0.3715411872436995,0.30606256096713486,0.28313586558042114,0.33487488180623254,0.3442421648555689,38.5637804729995,0.05313126399960311,0.002115350718620978,7144.0,aggregate,,,,,
5,Class_Balanced_15,Linear_Logistic_SGD,15,,,,,,,,,,per_class,Backdoor,0.0,0.0,0.0,1632.0
5,Class_Balanced_15,Linear_Logistic_SGD,15,,,,,,,,,,per_class,DDoS_HTTP,0.3482905982905983,0.09650680876258141,0.1511358368103848,1689.0
5,Class_Balanced_15,Linear_Logistic_SGD,15,,,,,,,,,,per_class,DDoS_ICMP,0.9955595026642984,0.9942350332594235,0.9948968271577545,2255.0
5,Class_Balanced_15,Linear_Logistic_SGD,15,,,,,,,,,,per_class,DDoS_TCP,0.0,0.0,0.0,1639.0
5,Class_Balanced_15,Linear_Logistic_SGD,15,,,,,,,,,,per_class,DDoS_UDP,0.9974126778783958,0.9969827586206896,0.99719767191205,2320.0
5,Class_Balanced_15,Linear_Logistic_SGD,15,,,,,,,,,,per_class,Fingerprinting,0.819672131147541,0.625,0.7092198581560285,160.0
5,Class_Balanced_15,Linear_Logistic_SGD,15,,,,,,,,,,per_class,MITM,1.0,0.84375,0.9152542372881356,64.0
5,Class_Balanced_15,Linear_Logistic_SGD,15,,,,,,,,,,per_class,Normal,0.21738602561767742,0.9210390946502057,0.3517508963213987,3888.0
5,Class_Balanced_15,Linear_Logistic_SGD,15,,,,,,,,,,per_class,Password,0.0,0.0,0.0,1599.0
5,Class_Balanced_15,Linear_Logistic_SGD,15,,,,,,,,,,per_class,Port_Scanning,0.41356570890249644,0.5450031036623215,0.4702731655061596,1611.0
5,Class_Balanced_15,Linear_Logistic_SGD,15,,,,,,,,,,per_class,Ransomware,0.0,0.0,0.0,1748.0
5,Class_Balanced_15,Linear_Logistic_SGD,15,,,,,,,,,,per_class,SQL_injection,0.25,0.0006064281382656155,0.0012099213551119178,1649.0
5,Class_Balanced_15,Linear_Logistic_SGD,15,,,,,,,,,,per_class,Uploading,0.0,0.0,0.0,1643.0
5,Class_Balanced_15,Linear_Logistic_SGD,15,,,,,,,,,,per_class,Vulnerability_scanner,0.0,0.0,0.0,1612.0
5,Class_Balanced_15,Linear_Logistic_SGD,15,,,,,,,,,,per_class,XSS,0.0,0.0,0.0,1608.0
5,Stable_Balanced_Core,XGBoost,14,0.9766293745272127,0.9680722856063012,0.9766318382526521,0.9656234464839435,0.9746219337909624,29.18772109600104,0.6445178519988985,0.025660622367277085,7076339.0,aggregate,,,,,
5,Stable_Balanced_Core,XGBoost,14,,,,,,,,,,per_class,Backdoor,1.0,0.9632352941176471,0.9812734082397003,1632.0
5,Stable_Balanced_Core,XGBoost,14,,,,,,,,,,per_class,DDoS_HTTP,0.9878048780487805,0.9591474245115453,0.9732652448182638,1689.0
5,Stable_Balanced_Core,XGBoost,14,,,,,,,,,,per_class,DDoS_ICMP,0.9959910913140312,0.9915742793791574,0.9937777777777779,2255.0
5,Stable_Balanced_Core,XGBoost,14,,,,,,,,,,per_class,DDoS_TCP,1.0,1.0,1.0,1639.0
5,Stable_Balanced_Core,XGBoost,14,,,,,,,,,,per_class,DDoS_UDP,0.9982751185855973,0.9978448275862069,0.9980599267083422,2320.0
5,Stable_Balanced_Core,XGBoost,14,,,,,,,,,,per_class,Fingerprinting,0.8979591836734694,0.825,0.8599348534201955,160.0
5,Stable_Balanced_Core,XGBoost,14,,,,,,,,,,per_class,MITM,1.0,1.0,1.0,64.0
5,Stable_Balanced_Core,XGBoost,14,,,,,,,,,,per_class,Normal,1.0,1.0,1.0,3888.0
5,Stable_Balanced_Core,XGBoost,14,,,,,,,,,,per_class,Password,0.9799723756906077,0.8874296435272045,0.9314079422382672,1599.0
5,Stable_Balanced_Core,XGBoost,14,,,,,,,,,,per_class,Port_Scanning,1.0,0.8919925512104283,0.9429133858267716,1611.0
5,Stable_Balanced_Core,XGBoost,14,,,,,,,,,,per_class,Ransomware,0.8713858424725822,1.0,0.9312733084709642,1748.0
5,Stable_Balanced_Core,XGBoost,14,,,,,,,,,,per_class,SQL_injection,0.9254410927717701,0.9860521528198909,0.9547856723429243,1649.0
5,Stable_Balanced_Core,XGBoost,14,,,,,,,,,,per_class,Uploading,0.9709371293001187,0.9963481436396835,0.9834785220787022,1643.0
5,Stable_Balanced_Core,XGBoost,14,,,,,,,,,,per_class,Vulnerability_scanner,0.9993722536095417,0.9875930521091811,0.9934477379095163,1612.0
5,Stable_Balanced_Core,XGBoost,14,,,,,,,,,,per_class,XSS,0.9576372315035799,0.9981343283582089,0.9774665042630937,1608.0
5,Stable_Balanced_Core,Random_Forest,14,0.9686268264522037,0.938138982143304,0.9730055969685559,0.9681807826735714,0.9660280706635471,17.196244439999646,0.6562393200001679,0.026127297049813588,168435546.0,aggregate,,,,,
5,Stable_Balanced_Core,Random_Forest,14,,,,,,,,,,per_class,Backdoor,1.0,0.9632352941176471,0.9812734082397003,1632.0
5,Stable_Balanced_Core,Random_Forest,14,,,,,,,,,,per_class,DDoS_HTTP,0.9674940898345153,0.9692125518058022,0.9683525584146703,1689.0
5,Stable_Balanced_Core,Random_Forest,14,,,,,,,,,,per_class,DDoS_ICMP,1.0,1.0,1.0,2255.0
5,Stable_Balanced_Core,Random_Forest,14,,,,,,,,,,per_class,DDoS_TCP,1.0,1.0,1.0,1639.0
5,Stable_Balanced_Core,Random_Forest,14,,,,,,,,,,per_class,DDoS_UDP,1.0,1.0,1.0,2320.0
5,Stable_Balanced_Core,Random_Forest,14,,,,,,,,,,per_class,Fingerprinting,0.272572402044293,1.0,0.428380187416332,160.0
5,Stable_Balanced_Core,Random_Forest,14,,,,,,,,,,per_class,MITM,1.0,1.0,1.0,64.0
5,Stable_Balanced_Core,Random_Forest,14,,,,,,,,,,per_class,Normal,1.0,1.0,1.0,3888.0
5,Stable_Balanced_Core,Random_Forest,14,,,,,,,,,,per_class,Password,0.9393346379647749,0.900562851782364,0.9195402298850575,1599.0
5,Stable_Balanced_Core,Random_Forest,14,,,,,,,,,,per_class,Port_Scanning,1.0,0.8919925512104283,0.9429133858267716,1611.0
5,Stable_Balanced_Core,Random_Forest,14,,,,,,,,,,per_class,Ransomware,1.0,0.8895881006864989,0.9415682712685437,1748.0
5,Stable_Balanced_Core,Random_Forest,14,,,,,,,,,,per_class,SQL_injection,0.9312977099236641,0.9617950272892662,0.9463007159904534,1649.0
5,Stable_Balanced_Core,Random_Forest,14,,,,,,,,,,per_class,Uploading,0.9746223564954682,0.9817407181984176,0.9781685870224378,1643.0
5,Stable_Balanced_Core,Random_Forest,14,,,,,,,,,,per_class,Vulnerability_scanner,0.9981179422835633,0.9869727047146402,0.9925140361821584,1612.0
5,Stable_Balanced_Core,Random_Forest,14,,,,,,,,,,per_class,XSS,0.9685767097966729,0.9776119402985075,0.9730733519034355,1608.0
5,Stable_Balanced_Core,Linear_Logistic_SGD,14,0.3717004419317594,0.3075516588680998,0.2832618738624137,0.3369410683631598,0.3444729636448832,37.44087227300042,0.052489438001430244,0.002089797268839043,6970.0,aggregate,,,,,
5,Stable_Balanced_Core,Linear_Logistic_SGD,14,,,,,,,,,,per_class,Backdoor,0.0,0.0,0.0,1632.0
5,Stable_Balanced_Core,Linear_Logistic_SGD,14,,,,,,,,,,per_class,DDoS_HTTP,0.34754797441364604,0.09650680876258141,0.15106580166821132,1689.0
5,Stable_Balanced_Core,Linear_Logistic_SGD,14,,,,,,,,,,per_class,DDoS_ICMP,0.9955595026642984,0.9942350332594235,0.9948968271577545,2255.0
5,Stable_Balanced_Core,Linear_Logistic_SGD,14,,,,,,,,,,per_class,DDoS_TCP,0.0,0.0,0.0,1639.0
5,Stable_Balanced_Core,Linear_Logistic_SGD,14,,,,,,,,,,per_class,DDoS_UDP,0.9974126778783958,0.9969827586206896,0.99719767191205,2320.0
5,Stable_Balanced_Core,Linear_Logistic_SGD,14,,,,,,,,,,per_class,Fingerprinting,0.8267716535433071,0.65625,0.7317073170731708,160.0
5,Stable_Balanced_Core,Linear_Logistic_SGD,14,,,,,,,,,,per_class,MITM,1.0,0.84375,0.9152542372881356,64.0
5,Stable_Balanced_Core,Linear_Logistic_SGD,14,,,,,,,,,,per_class,Normal,0.21733851384167072,0.9207818930041153,0.35166994106090377,3888.0
5,Stable_Balanced_Core,Linear_Logistic_SGD,14,,,,,,,,,,per_class,Password,0.0,0.0,0.0,1599.0
5,Stable_Balanced_Core,Linear_Logistic_SGD,14,,,,,,,,,,per_class,Port_Scanning,0.41356570890249644,0.5450031036623215,0.4702731655061596,1611.0
5,Stable_Balanced_Core,Linear_Logistic_SGD,14,,,,,,,,,,per_class,Ransomware,0.0,0.0,0.0,1748.0
5,Stable_Balanced_Core,Linear_Logistic_SGD,14,,,,,,,,,,per_class,SQL_injection,0.25,0.0006064281382656155,0.0012099213551119178,1649.0
5,Stable_Balanced_Core,Linear_Logistic_SGD,14,,,,,,,,,,per_class,Uploading,0.0,0.0,0.0,1643.0
5,Stable_Balanced_Core,Linear_Logistic_SGD,14,,,,,,,,,,per_class,Vulnerability_scanner,0.0,0.0,0.0,1612.0
5,Stable_Balanced_Core,Linear_Logistic_SGD,14,,,,,,,,,,per_class,XSS,0.0,0.0,0.0,1608.0
5,Stable_Minority_Only,XGBoost,15,0.952303220926066,0.9438060704146713,0.9523949665365965,0.9419490469898164,0.9480497916647003,29.193067222000536,0.7593582669996977,0.030232840984181934,8678488.0,aggregate,,,,,
5,Stable_Minority_Only,XGBoost,15,,,,,,,,,,per_class,Backdoor,1.0,0.9632352941176471,0.9812734082397003,1632.0
5,Stable_Minority_Only,XGBoost,15,,,,,,,,,,per_class,DDoS_HTTP,0.8237269166200336,0.8715216104203671,0.8469505178365938,1689.0
5,Stable_Minority_Only,XGBoost,15,,,,,,,,,,per_class,DDoS_ICMP,0.9982118909253465,0.9902439024390244,0.9942119323241319,2255.0
5,Stable_Minority_Only,XGBoost,15,,,,,,,,,,per_class,DDoS_TCP,1.0,1.0,1.0,1639.0
5,Stable_Minority_Only,XGBoost,15,,,,,,,,,,per_class,DDoS_UDP,0.9965606190885641,0.9991379310344828,0.9978476108480414,2320.0
5,Stable_Minority_Only,XGBoost,15,,,,,,,,,,per_class,Fingerprinting,0.8986486486486487,0.83125,0.8636363636363638,160.0
5,Stable_Minority_Only,XGBoost,15,,,,,,,,,,per_class,MITM,1.0,1.0,1.0,64.0
5,Stable_Minority_Only,XGBoost,15,,,,,,,,,,per_class,Normal,1.0,0.9958847736625515,0.9979381443298969,3888.0
5,Stable_Minority_Only,XGBoost,15,,,,,,,,,,per_class,Password,0.9447983014861996,0.8348968105065666,0.8864541832669323,1599.0
5,Stable_Minority_Only,XGBoost,15,,,,,,,,,,per_class,Port_Scanning,0.9229857819905213,0.9671011793916822,0.9445286450439528,1611.0
5,Stable_Minority_Only,XGBoost,15,,,,,,,,,,per_class,Ransomware,0.9345002823263693,0.9467963386727689,0.9406081273088945,1748.0
5,Stable_Minority_Only,XGBoost,15,,,,,,,,,,per_class,SQL_injection,0.9004944375772559,0.8835657974530018,0.8919498010407101,1649.0
5,Stable_Minority_Only,XGBoost,15,,,,,,,,,,per_class,Uploading,0.9352380952380952,0.8965307364576993,0.9154754505904288,1643.0
5,Stable_Minority_Only,XGBoost,15,,,,,,,,,,per_class,Vulnerability_scanner,0.9867924528301887,0.9733250620347395,0.9800124921923797,1612.0
5,Stable_Minority_Only,XGBoost,15,,,,,,,,,,per_class,XSS,0.8635112823335168,0.9757462686567164,0.9162043795620438,1608.0
5,Stable_Minority_Only,Random_Forest,15,0.9475653939562846,0.9284235957638941,0.9479844121390643,0.939147257762571,0.9428423428598972,18.3305175229998,0.7424723300009646,0.02956054982684893,417158169.0,aggregate,,,,,
5,Stable_Minority_Only,Random_Forest,15,,,,,,,,,,per_class,Backdoor,1.0,0.9632352941176471,0.9812734082397003,1632.0
5,Stable_Minority_Only,Random_Forest,15,,,,,,,,,,per_class,DDoS_HTTP,0.8558897243107769,0.8087625814091178,0.8316590563165907,1689.0
5,Stable_Minority_Only,Random_Forest,15,,,,,,,,,,per_class,DDoS_ICMP,1.0,1.0,1.0,2255.0
5,Stable_Minority_Only,Random_Forest,15,,,,,,,,,,per_class,DDoS_TCP,1.0,1.0,1.0,1639.0
5,Stable_Minority_Only,Random_Forest,15,,,,,,,,,,per_class,DDoS_UDP,1.0,1.0,1.0,2320.0
5,Stable_Minority_Only,Random_Forest,15,,,,,,,,,,per_class,Fingerprinting,0.5673469387755102,0.86875,0.6864197530864198,160.0
5,Stable_Minority_Only,Random_Forest,15,,,,,,,,,,per_class,MITM,1.0,1.0,1.0,64.0
5,Stable_Minority_Only,Random_Forest,15,,,,,,,,,,per_class,Normal,1.0,0.9958847736625515,0.9979381443298969,3888.0
5,Stable_Minority_Only,Random_Forest,15,,,,,,,,,,per_class,Password,0.8731676226896112,0.8567854909318324,0.86489898989899,1599.0
5,Stable_Minority_Only,Random_Forest,15,,,,,,,,,,per_class,Port_Scanning,0.9582013932868905,0.9391682184978274,0.94858934169279,1611.0
5,Stable_Minority_Only,Random_Forest,15,,,,,,,,,,per_class,Ransomware,0.9345002823263693,0.9467963386727689,0.9406081273088945,1748.0
5,Stable_Minority_Only,Random_Forest,15,,,,,,,,,,per_class,SQL_injection,0.8595793064241046,0.9169193450576106,0.8873239436619718,1649.0
5,Stable_Minority_Only,Random_Forest,15,,,,,,,,,,per_class,Uploading,0.911965282083075,0.8953134510042605,0.9035626535626536,1643.0
5,Stable_Minority_Only,Random_Forest,15,,,,,,,,,,per_class,Vulnerability_scanner,0.987389659520807,0.9714640198511166,0.9793621013133209,1612.0
5,Stable_Minority_Only,Random_Forest,15,,,,,,,,,,per_class,XSS,0.8861061419200954,0.9241293532338308,0.9047184170471841,1608.0
5,Stable_Minority_Only,Linear_Logistic_SGD,15,0.21543177927300236,0.24694804090375572,0.1825492553554126,0.28189537175710033,0.20251567070894885,35.48407644600047,0.03946311199979391,0.0015711713978498192,6400.0,aggregate,,,,,
5,Stable_Minority_Only,Linear_Logistic_SGD,15,,,,,,,,,,per_class,Backdoor,0.031476997578692496,0.031862745098039214,0.03166869671132765,1632.0
5,Stable_Minority_Only,Linear_Logistic_SGD,15,,,,,,,,,,per_class,DDoS_HTTP,0.0,0.0,0.0,1689.0
5,Stable_Minority_Only,Linear_Logistic_SGD,15,,,,,,,,,,per_class,DDoS_ICMP,0.9245752175714878,0.9893569844789357,0.9558697514995715,2255.0
5,Stable_Minority_Only,Linear_Logistic_SGD,15,,,,,,,,,,per_class,DDoS_TCP,0.0,0.0,0.0,1639.0
5,Stable_Minority_Only,Linear_Logistic_SGD,15,,,,,,,,,,per_class,DDoS_UDP,0.9429824561403509,0.09267241379310345,0.16875981161695447,2320.0
5,Stable_Minority_Only,Linear_Logistic_SGD,15,,,,,,,,,,per_class,Fingerprinting,0.8888888888888888,0.55,0.6795366795366796,160.0
5,Stable_Minority_Only,Linear_Logistic_SGD,15,,,,,,,,,,per_class,MITM,1.0,0.984375,0.9921259842519685,64.0
5,Stable_Minority_Only,Linear_Logistic_SGD,15,,,,,,,,,,per_class,Normal,0.7802874743326489,0.09773662551440329,0.1737142857142857,3888.0
5,Stable_Minority_Only,Linear_Logistic_SGD,15,,,,,,,,,,per_class,Password,0.09139818975884549,0.9030644152595372,0.16599609150477065,1599.0
5,Stable_Minority_Only,Linear_Logistic_SGD,15,,,,,,,,,,per_class,Port_Scanning,0.41356570890249644,0.5450031036623215,0.4702731655061596,1611.0
5,Stable_Minority_Only,Linear_Logistic_SGD,15,,,,,,,,,,per_class,Ransomware,0.921875,0.033752860411899316,0.06512141280353201,1748.0
5,Stable_Minority_Only,Linear_Logistic_SGD,15,,,,,,,,,,per_class,SQL_injection,0.012048192771084338,0.0006064281382656155,0.0011547344110854503,1649.0
5,Stable_Minority_Only,Linear_Logistic_SGD,15,,,,,,,,,,per_class,Uploading,0.0,0.0,0.0,1643.0
5,Stable_Minority_Only,Linear_Logistic_SGD,15,,,,,,,,,,per_class,Vulnerability_scanner,0.0,0.0,0.0,1612.0
5,Stable_Minority_Only,Linear_Logistic_SGD,15,,,,,,,,,,per_class,XSS,0.0,0.0,0.0,1608.0
5,CS_SHAP_Union,XGBoost,19,0.9779034120316917,0.9699171628801289,0.9778535191648214,0.9683758513261969,0.9759353641538008,31.621898129998954,0.6716703669990238,0.026741663693873628,7092153.0,aggregate,,,,,
5,CS_SHAP_Union,XGBoost,19,,,,,,,,,,per_class,Backdoor,1.0,0.9632352941176471,0.9812734082397003,1632.0
5,CS_SHAP_Union,XGBoost,19,,,,,,,,,,per_class,DDoS_HTTP,0.9866017052375152,0.9591474245115453,0.9726808766136296,1689.0
5,CS_SHAP_Union,XGBoost,19,,,,,,,,,,per_class,DDoS_ICMP,0.9973238180196253,0.9915742793791574,0.9944407382699578,2255.0
5,CS_SHAP_Union,XGBoost,19,,,,,,,,,,per_class,DDoS_TCP,1.0,1.0,1.0,1639.0
5,CS_SHAP_Union,XGBoost,19,,,,,,,,,,per_class,DDoS_UDP,0.9982751185855973,0.9978448275862069,0.9980599267083422,2320.0
5,CS_SHAP_Union,XGBoost,19,,,,,,,,,,per_class,Fingerprinting,0.9,0.84375,0.870967741935484,160.0
5,CS_SHAP_Union,XGBoost,19,,,,,,,,,,per_class,MITM,1.0,1.0,1.0,64.0
5,CS_SHAP_Union,XGBoost,19,,,,,,,,,,per_class,Normal,1.0,1.0,1.0,3888.0
5,CS_SHAP_Union,XGBoost,19,,,,,,,,,,per_class,Password,0.98,0.8886804252657912,0.9321088881600524,1599.0
5,CS_SHAP_Union,XGBoost,19,,,,,,,,,,per_class,Port_Scanning,0.9251781472684085,0.9671011793916822,0.9456752655538694,1611.0
5,CS_SHAP_Union,XGBoost,19,,,,,,,,,,per_class,Ransomware,0.9408754974417283,0.9467963386727689,0.9438266324493869,1748.0
5,CS_SHAP_Union,XGBoost,19,,,,,,,,,,per_class,SQL_injection,0.9264538198403649,0.9854457246816253,0.9550396708786365,1649.0
5,CS_SHAP_Union,XGBoost,19,,,,,,,,,,per_class,Uploading,0.970954356846473,0.996956786366403,0.9837837837837838,1643.0
5,CS_SHAP_Union,XGBoost,19,,,,,,,,,,per_class,Vulnerability_scanner,0.9993722536095417,0.9875930521091811,0.9934477379095163,1612.0
5,CS_SHAP_Union,XGBoost,19,,,,,,,,,,per_class,XSS,0.9581839904420549,0.9975124378109452,0.9774527726995733,1608.0
5,CS_SHAP_Union,Random_Forest,19,0.974718318270494,0.9558706802792477,0.9751693726039908,0.9663091888383641,0.9724395488181716,17.105714114000875,0.6613702079994255,0.026331576541761572,171657375.0,aggregate,,,,,
5,CS_SHAP_Union,Random_Forest,19,,,,,,,,,,per_class,Backdoor,1.0,0.9632352941176471,0.9812734082397003,1632.0
5,CS_SHAP_Union,Random_Forest,19,,,,,,,,,,per_class,DDoS_HTTP,0.9669226225634967,0.9692125518058022,0.9680662329982259,1689.0
5,CS_SHAP_Union,Random_Forest,19,,,,,,,,,,per_class,DDoS_ICMP,1.0,1.0,1.0,2255.0
5,CS_SHAP_Union,Random_Forest,19,,,,,,,,,,per_class,DDoS_TCP,1.0,1.0,1.0,1639.0
5,CS_SHAP_Union,Random_Forest,19,,,,,,,,,,per_class,DDoS_UDP,1.0,1.0,1.0,2320.0
5,CS_SHAP_Union,Random_Forest,19,,,,,,,,,,per_class,Fingerprinting,0.5673469387755102,0.86875,0.6864197530864198,160.0
5,CS_SHAP_Union,Random_Forest,19,,,,,,,,,,per_class,MITM,1.0,1.0,1.0,64.0
5,CS_SHAP_Union,Random_Forest,19,,,,,,,,,,per_class,Normal,1.0,1.0,1.0,3888.0
5,CS_SHAP_Union,Random_Forest,19,,,,,,,,,,per_class,Password,0.9381510416666666,0.9011882426516573,0.9192982456140352,1599.0
5,CS_SHAP_Union,Random_Forest,19,,,,,,,,,,per_class,Port_Scanning,0.9606349206349206,0.9391682184978274,0.9497802887633395,1611.0
5,CS_SHAP_Union,Random_Forest,19,,,,,,,,,,per_class,Ransomware,0.9408754974417283,0.9467963386727689,0.9438266324493869,1748.0
5,CS_SHAP_Union,Random_Forest,19,,,,,,,,,,per_class,SQL_injection,0.9317647058823529,0.960582171012735,0.9459540161242163,1649.0
5,CS_SHAP_Union,Random_Forest,19,,,,,,,,,,per_class,Uploading,0.9746223564954682,0.9817407181984176,0.9781685870224378,1643.0
5,CS_SHAP_Union,Random_Forest,19,,,,,,,,,,per_class,Vulnerability_scanner,0.9981167608286252,0.9863523573200993,0.9921996879875196,1612.0
5,CS_SHAP_Union,Random_Forest,19,,,,,,,,,,per_class,XSS,0.9685767097966729,0.9776119402985075,0.9730733519034355,1608.0
5,CS_SHAP_Union,Linear_Logistic_SGD,19,0.37118286419556473,0.30578774833707195,0.28277435152317254,0.33457155495141516,0.3437652769454985,40.71478027400008,0.058487606000198866,0.002328606362232705,7806.0,aggregate,,,,,
5,CS_SHAP_Union,Linear_Logistic_SGD,19,,,,,,,,,,per_class,Backdoor,0.0,0.0,0.0,1632.0
5,CS_SHAP_Union,Linear_Logistic_SGD,19,,,,,,,,,,per_class,DDoS_HTTP,0.3482905982905983,0.09650680876258141,0.1511358368103848,1689.0
5,CS_SHAP_Union,Linear_Logistic_SGD,19,,,,,,,,,,per_class,DDoS_ICMP,0.9977628635346756,0.9889135254988913,0.9933184855233853,2255.0
5,CS_SHAP_Union,Linear_Logistic_SGD,19,,,,,,,,,,per_class,DDoS_TCP,0.0,0.0,0.0,1639.0
5,CS_SHAP_Union,Linear_Logistic_SGD,19,,,,,,,,,,per_class,DDoS_UDP,0.991852487135506,0.9969827586206896,0.9944110060189165,2320.0
5,CS_SHAP_Union,Linear_Logistic_SGD,19,,,,,,,,,,per_class,Fingerprinting,0.819672131147541,0.625,0.7092198581560285,160.0
5,CS_SHAP_Union,Linear_Logistic_SGD,19,,,,,,,,,,per_class,MITM,1.0,0.84375,0.9152542372881356,64.0
5,CS_SHAP_Union,Linear_Logistic_SGD,19,,,,,,,,,,per_class,Normal,0.21752852634134498,0.9218106995884774,0.3519937143979572,3888.0
5,CS_SHAP_Union,Linear_Logistic_SGD,19,,,,,,,,,,per_class,Password,0.0,0.0,0.0,1599.0
5,CS_SHAP_Union,Linear_Logistic_SGD,19,,,,,,,,,,per_class,Port_Scanning,0.41356570890249644,0.5450031036623215,0.4702731655061596,1611.0
5,CS_SHAP_Union,Linear_Logistic_SGD,19,,,,,,,,,,per_class,Ransomware,0.0,0.0,0.0,1748.0
5,CS_SHAP_Union,Linear_Logistic_SGD,19,,,,,,,,,,per_class,SQL_injection,0.25,0.0006064281382656155,0.0012099213551119178,1649.0
5,CS_SHAP_Union,Linear_Logistic_SGD,19,,,,,,,,,,per_class,Uploading,0.0,0.0,0.0,1643.0
5,CS_SHAP_Union,Linear_Logistic_SGD,19,,,,,,,,,,per_class,Vulnerability_scanner,0.0,0.0,0.0,1612.0
5,CS_SHAP_Union,Linear_Logistic_SGD,19,,,,,,,,,,per_class,XSS,0.0,0.0,0.0,1608.0
5,Mutual_Information_19,XGBoost,19,0.9764303061671378,0.9680977418772251,0.9764425899670053,0.9657853223912983,0.9743981321866706,33.73311491300046,0.701399648000006,0.027925295536887607,7383267.0,aggregate,,,,,
5,Mutual_Information_19,XGBoost,19,,,,,,,,,,per_class,Backdoor,1.0,0.9632352941176471,0.9812734082397003,1632.0
5,Mutual_Information_19,XGBoost,19,,,,,,,,,,per_class,DDoS_HTTP,0.9806996381182147,0.9626998223801065,0.971616372871228,1689.0
5,Mutual_Information_19,XGBoost,19,,,,,,,,,,per_class,DDoS_ICMP,0.9964349376114082,0.9915742793791574,0.9939986663703045,2255.0
5,Mutual_Information_19,XGBoost,19,,,,,,,,,,per_class,DDoS_TCP,1.0,1.0,1.0,1639.0
5,Mutual_Information_19,XGBoost,19,,,,,,,,,,per_class,DDoS_UDP,0.9982751185855973,0.9978448275862069,0.9980599267083422,2320.0
5,Mutual_Information_19,XGBoost,19,,,,,,,,,,per_class,Fingerprinting,0.8986486486486487,0.83125,0.8636363636363638,160.0
5,Mutual_Information_19,XGBoost,19,,,,,,,,,,per_class,MITM,1.0,1.0,1.0,64.0
5,Mutual_Information_19,XGBoost,19,,,,,,,,,,per_class,Normal,1.0,1.0,1.0,3888.0
5,Mutual_Information_19,XGBoost,19,,,,,,,,,,per_class,Password,0.9766643788606726,0.8899312070043778,0.9312827225130889,1599.0
5,Mutual_Information_19,XGBoost,19,,,,,,,,,,per_class,Port_Scanning,1.0,0.8919925512104283,0.9429133858267716,1611.0
5,Mutual_Information_19,XGBoost,19,,,,,,,,,,per_class,Ransomware,0.8713858424725822,1.0,0.9312733084709642,1748.0
5,Mutual_Information_19,XGBoost,19,,,,,,,,,,per_class,SQL_injection,0.9268989149057681,0.9842328684050939,0.9547058823529412,1649.0
5,Mutual_Information_19,XGBoost,19,,,,,,,,,,per_class,Uploading,0.9714795008912656,0.9951308581862447,0.9831629585087192,1643.0
5,Mutual_Information_19,XGBoost,19,,,,,,,,,,per_class,Vulnerability_scanner,0.9981179422835633,0.9869727047146402,0.9925140361821584,1612.0
5,Mutual_Information_19,XGBoost,19,,,,,,,,,,per_class,XSS,0.9625829812914907,0.9919154228855721,0.9770290964777948,1608.0
5,Mutual_Information_19,Random_Forest,19,0.969622168252578,0.9391314766456297,0.9739691148975345,0.9691991396424195,0.9671235772451374,19.846062186999916,0.6743830189989239,0.0268496643308884,186948206.0,aggregate,,,,,
5,Mutual_Information_19,Random_Forest,19,,,,,,,,,,per_class,Backdoor,1.0,0.9632352941176471,0.9812734082397003,1632.0
5,Mutual_Information_19,Random_Forest,19,,,,,,,,,,per_class,DDoS_HTTP,0.9731343283582089,0.9650680876258141,0.9690844233055885,1689.0
5,Mutual_Information_19,Random_Forest,19,,,,,,,,,,per_class,DDoS_ICMP,1.0,1.0,1.0,2255.0
5,Mutual_Information_19,Random_Forest,19,,,,,,,,,,per_class,DDoS_TCP,1.0,1.0,1.0,1639.0
5,Mutual_Information_19,Random_Forest,19,,,,,,,,,,per_class,DDoS_UDP,1.0,1.0,1.0,2320.0
5,Mutual_Information_19,Random_Forest,19,,,,,,,,,,per_class,Fingerprinting,0.272572402044293,1.0,0.428380187416332,160.0
5,Mutual_Information_19,Random_Forest,19,,,,,,,,,,per_class,MITM,1.0,1.0,1.0,64.0
5,Mutual_Information_19,Random_Forest,19,,,,,,,,,,per_class,Normal,1.0,1.0,1.0,3888.0
5,Mutual_Information_19,Random_Forest,19,,,,,,,,,,per_class,Password,0.9590878604963112,0.8943089430894309,0.9255663430420713,1599.0
5,Mutual_Information_19,Random_Forest,19,,,,,,,,,,per_class,Port_Scanning,1.0,0.8919925512104283,0.9429133858267716,1611.0
5,Mutual_Information_19,Random_Forest,19,,,,,,,,,,per_class,Ransomware,1.0,0.8895881006864989,0.9415682712685437,1748.0
5,Mutual_Information_19,Random_Forest,19,,,,,,,,,,per_class,SQL_injection,0.9286128845037724,0.9702850212249848,0.9489916963226571,1649.0
5,Mutual_Information_19,Random_Forest,19,,,,,,,,,,per_class,Uploading,0.9725700655933214,0.992696287279367,0.9825301204819277,1643.0
5,Mutual_Information_19,Random_Forest,19,,,,,,,,,,per_class,Vulnerability_scanner,0.9987397605545053,0.9832506203473945,0.9909346670834634,1612.0
5,Mutual_Information_19,Random_Forest,19,,,,,,,,,,per_class,XSS,0.9641772920461446,0.9875621890547264,0.9757296466973886,1608.0
5,Mutual_Information_19,Linear_Logistic_SGD,19,0.3140502448540829,0.2740666048938714,0.2861606596457537,0.3002097430714946,0.3303417152757073,40.868962208000085,0.06795140400026867,0.002705394911823413,8124.0,aggregate,,,,,
5,Mutual_Information_19,Linear_Logistic_SGD,19,,,,,,,,,,per_class,Backdoor,0.04132231404958678,0.006127450980392157,0.010672358591248666,1632.0
5,Mutual_Information_19,Linear_Logistic_SGD,19,,,,,,,,,,per_class,DDoS_HTTP,0.2837465564738292,0.06098283007696862,0.10038986354775827,1689.0
5,Mutual_Information_19,Linear_Logistic_SGD,19,,,,,,,,,,per_class,DDoS_ICMP,0.9676305567544238,0.9942350332594235,0.9807524059492563,2255.0
5,Mutual_Information_19,Linear_Logistic_SGD,19,,,,,,,,,,per_class,DDoS_TCP,0.5,0.5802318486882245,0.5371364021462863,1639.0
5,Mutual_Information_19,Linear_Logistic_SGD,19,,,,,,,,,,per_class,DDoS_UDP,0.9973913043478261,0.9887931034482759,0.993073593073593,2320.0
5,Mutual_Information_19,Linear_Logistic_SGD,19,,,,,,,,,,per_class,Fingerprinting,0.6592592592592592,0.55625,0.6033898305084745,160.0
5,Mutual_Information_19,Linear_Logistic_SGD,19,,,,,,,,,,per_class,MITM,1.0,0.1875,0.3157894736842105,64.0
5,Mutual_Information_19,Linear_Logistic_SGD,19,,,,,,,,,,per_class,Normal,0.7271589486858573,0.14943415637860083,0.24791977810966506,3888.0
5,Mutual_Information_19,Linear_Logistic_SGD,19,,,,,,,,,,per_class,Password,0.2,0.0006253908692933083,0.0012468827930174563,1599.0
5,Mutual_Information_19,Linear_Logistic_SGD,19,,,,,,,,,,per_class,Port_Scanning,0.2543859649122807,0.10800744878957169,0.1516339869281046,1611.0
5,Mutual_Information_19,Linear_Logistic_SGD,19,,,,,,,,,,per_class,Ransomware,0.0,0.0,0.0,1748.0
5,Mutual_Information_19,Linear_Logistic_SGD,19,,,,,,,,,,per_class,SQL_injection,0.10810810810810811,0.002425712553062462,0.004744958481613285,1649.0
5,Mutual_Information_19,Linear_Logistic_SGD,19,,,,,,,,,,per_class,Uploading,0.09070107417530032,0.8685331710286062,0.16424953959484345,1643.0
5,Mutual_Information_19,Linear_Logistic_SGD,19,,,,,,,,,,per_class,Vulnerability_scanner,0.0,0.0,0.0,1612.0
5,Mutual_Information_19,Linear_Logistic_SGD,19,,,,,,,,,,per_class,XSS,0.0,0.0,0.0,1608.0
5,Random_Forest_Importance_19,XGBoost,19,0.9766293745272127,0.9680818331743418,0.9766396620776789,0.9656136515722845,0.974614453350295,33.67276108100123,0.690012729000955,0.02747194047859836,7469367.0,aggregate,,,,,
5,Random_Forest_Importance_19,XGBoost,19,,,,,,,,,,per_class,Backdoor,1.0,0.9632352941176471,0.9812734082397003,1632.0
5,Random_Forest_Importance_19,XGBoost,19,,,,,,,,,,per_class,DDoS_HTTP,0.9819059107358263,0.9638839550029603,0.9728114729608605,1689.0
5,Random_Forest_Importance_19,XGBoost,19,,,,,,,,,,per_class,DDoS_ICMP,0.9959910913140312,0.9915742793791574,0.9937777777777779,2255.0
5,Random_Forest_Importance_19,XGBoost,19,,,,,,,,,,per_class,DDoS_TCP,1.0,1.0,1.0,1639.0
5,Random_Forest_Importance_19,XGBoost,19,,,,,,,,,,per_class,DDoS_UDP,0.9982751185855973,0.9978448275862069,0.9980599267083422,2320.0
5,Random_Forest_Importance_19,XGBoost,19,,,,,,,,,,per_class,Fingerprinting,0.8979591836734694,0.825,0.8599348534201955,160.0
5,Random_Forest_Importance_19,XGBoost,19,,,,,,,,,,per_class,MITM,1.0,1.0,1.0,64.0
5,Random_Forest_Importance_19,XGBoost,19,,,,,,,,,,per_class,Normal,1.0,1.0,1.0,3888.0
5,Random_Forest_Importance_19,XGBoost,19,,,,,,,,,,per_class,Password,0.9766963673749143,0.8911819887429644,0.9319816873773709,1599.0
5,Random_Forest_Importance_19,XGBoost,19,,,,,,,,,,per_class,Port_Scanning,1.0,0.8919925512104283,0.9429133858267716,1611.0
5,Random_Forest_Importance_19,XGBoost,19,,,,,,,,,,per_class,Ransomware,0.8713858424725822,1.0,0.9312733084709642,1748.0
5,Random_Forest_Importance_19,XGBoost,19,,,,,,,,,,per_class,SQL_injection,0.928,0.9848392965433597,0.9555751691674023,1649.0
5,Random_Forest_Importance_19,XGBoost,19,,,,,,,,,,per_class,Uploading,0.9714625445897741,0.9945222154595252,0.9828571428571429,1643.0
5,Random_Forest_Importance_19,XGBoost,19,,,,,,,,,,per_class,Vulnerability_scanner,0.9981191222570532,0.9875930521091811,0.9928281883380107,1612.0
5,Random_Forest_Importance_19,XGBoost,19,,,,,,,,,,per_class,XSS,0.9637681159420289,0.9925373134328358,0.9779411764705882,1608.0
5,Random_Forest_Importance_19,Random_Forest,19,0.969582354580563,0.9390907460065918,0.9739311899911011,0.9691531008074749,0.9670798440100458,19.595733390000532,0.6717763380001998,0.02674588278855754,185338857.0,aggregate,,,,,
5,Random_Forest_Importance_19,Random_Forest,19,,,,,,,,,,per_class,Backdoor,1.0,0.9632352941176471,0.9812734082397003,1632.0
5,Random_Forest_Importance_19,Random_Forest,19,,,,,,,,,,per_class,DDoS_HTTP,0.9726027397260274,0.9668442865600947,0.9697149643705463,1689.0
5,Random_Forest_Importance_19,Random_Forest,19,,,,,,,,,,per_class,DDoS_ICMP,1.0,1.0,1.0,2255.0
5,Random_Forest_Importance_19,Random_Forest,19,,,,,,,,,,per_class,DDoS_TCP,1.0,1.0,1.0,1639.0
5,Random_Forest_Importance_19,Random_Forest,19,,,,,,,,,,per_class,DDoS_UDP,1.0,1.0,1.0,2320.0
5,Random_Forest_Importance_19,Random_Forest,19,,,,,,,,,,per_class,Fingerprinting,0.272572402044293,1.0,0.428380187416332,160.0
5,Random_Forest_Importance_19,Random_Forest,19,,,,,,,,,,per_class,MITM,1.0,1.0,1.0,64.0
5,Random_Forest_Importance_19,Random_Forest,19,,,,,,,,,,per_class,Normal,1.0,1.0,1.0,3888.0
5,Random_Forest_Importance_19,Random_Forest,19,,,,,,,,,,per_class,Password,0.957774798927614,0.8936835522201376,0.9246198641216435,1599.0
5,Random_Forest_Importance_19,Random_Forest,19,,,,,,,,,,per_class,Port_Scanning,1.0,0.8919925512104283,0.9429133858267716,1611.0
5,Random_Forest_Importance_19,Random_Forest,19,,,,,,,,,,per_class,Ransomware,1.0,0.8895881006864989,0.9415682712685437,1748.0
5,Random_Forest_Importance_19,Random_Forest,19,,,,,,,,,,per_class,SQL_injection,0.9281159420289855,0.9708914493632504,0.949021932424422,1649.0
5,Random_Forest_Importance_19,Random_Forest,19,,,,,,,,,,per_class,Uploading,0.972520908004779,0.9908703590992087,0.9816098884534218,1643.0
5,Random_Forest_Importance_19,Random_Forest,19,,,,,,,,,,per_class,Vulnerability_scanner,0.9993694829760403,0.9832506203473945,0.9912445278298936,1612.0
5,Random_Forest_Importance_19,Random_Forest,19,,,,,,,,,,per_class,XSS,0.9653284671532847,0.9869402985074627,0.9760147601476015,1608.0
5,Random_Forest_Importance_19,Linear_Logistic_SGD,19,0.31385117649400807,0.27427890687248996,0.28637590909039623,0.2999605067394766,0.3299739093808161,41.18219096099892,0.07693292899966764,0.003062982402343737,8119.0,aggregate,,,,,
5,Random_Forest_Importance_19,Linear_Logistic_SGD,19,,,,,,,,,,per_class,Backdoor,0.04132231404958678,0.006127450980392157,0.010672358591248666,1632.0
5,Random_Forest_Importance_19,Linear_Logistic_SGD,19,,,,,,,,,,per_class,DDoS_HTTP,0.2853185595567867,0.06098283007696862,0.10048780487804877,1689.0
5,Random_Forest_Importance_19,Linear_Logistic_SGD,19,,,,,,,,,,per_class,DDoS_ICMP,0.9672131147540983,0.9942350332594235,0.9805379400830966,2255.0
5,Random_Forest_Importance_19,Linear_Logistic_SGD,19,,,,,,,,,,per_class,DDoS_TCP,0.5005263157894737,0.5802318486882245,0.5374399547894886,1639.0
5,Random_Forest_Importance_19,Linear_Logistic_SGD,19,,,,,,,,,,per_class,DDoS_UDP,0.9991273996509599,0.9870689655172413,0.9930615784908934,2320.0
5,Random_Forest_Importance_19,Linear_Logistic_SGD,19,,,,,,,,,,per_class,Fingerprinting,0.664179104477612,0.55625,0.6054421768707483,160.0
5,Random_Forest_Importance_19,Linear_Logistic_SGD,19,,,,,,,,,,per_class,MITM,1.0,0.1875,0.3157894736842105,64.0
5,Random_Forest_Importance_19,Linear_Logistic_SGD,19,,,,,,,,,,per_class,Normal,0.7285180572851806,0.15046296296296297,0.24941377105094859,3888.0
5,Random_Forest_Importance_19,Linear_Logistic_SGD,19,,,,,,,,,,per_class,Password,0.2,0.0006253908692933083,0.0012468827930174563,1599.0
5,Random_Forest_Importance_19,Linear_Logistic_SGD,19,,,,,,,,,,per_class,Port_Scanning,0.2543859649122807,0.10800744878957169,0.1516339869281046,1611.0
5,Random_Forest_Importance_19,Linear_Logistic_SGD,19,,,,,,,,,,per_class,Ransomware,0.0,0.0,0.0,1748.0
5,Random_Forest_Importance_19,Linear_Logistic_SGD,19,,,,,,,,,,per_class,SQL_injection,0.1,0.002425712553062462,0.004736530491415038,1649.0
5,Random_Forest_Importance_19,Linear_Logistic_SGD,19,,,,,,,,,,per_class,Uploading,0.09041200406917599,0.8654899573950091,0.1637211444361292,1643.0
5,Random_Forest_Importance_19,Linear_Logistic_SGD,19,,,,,,,,,,per_class,Vulnerability_scanner,0.0,0.0,0.0,1612.0
5,Random_Forest_Importance_19,Linear_Logistic_SGD,19,,,,,,,,,,per_class,XSS,0.0,0.0,0.0,1608.0
