outer_fold,inner_fold,method,feature,importance,rank,minority_classes
1,1,Natural_Global,conn_state,0.8596482872962952,2,mitm
1,1,Natural_Global,dns_AA,0.025202617049217224,18,mitm
1,1,Natural_Global,dns_RA,0.09984204918146133,13,mitm
1,1,Natural_Global,dns_RD,0.05549510568380356,15,mitm
1,1,Natural_Global,dns_qclass,0.009719911962747574,19,mitm
1,1,Natural_Global,dns_qtype,0.03669368848204613,16,mitm
1,1,Natural_Global,dns_rcode,0.02932296320796013,17,mitm
1,1,Natural_Global,dns_rejected,0.0766807347536087,14,mitm
1,1,Natural_Global,dst_bytes,0.1768217533826828,11,mitm
1,1,Natural_Global,dst_ip_bytes,0.41539570689201355,7,mitm
1,1,Natural_Global,dst_pkts,0.13938069343566895,12,mitm
1,1,Natural_Global,dst_port,0.9658737182617188,1,mitm
1,1,Natural_Global,duration,0.7003839612007141,4,mitm
1,1,Natural_Global,http_method,0.0014428364811465144,23,mitm
1,1,Natural_Global,http_orig_mime_types,0.0,33,mitm
1,1,Natural_Global,http_request_body_len,3.673822357086465e-05,31,mitm
1,1,Natural_Global,http_resp_mime_types,6.735917122568935e-05,30,mitm
1,1,Natural_Global,http_response_body_len,0.001160300918854773,24,mitm
1,1,Natural_Global,http_status_code,0.003460854757577181,22,mitm
1,1,Natural_Global,http_trans_depth,1.4013086911290884e-05,32,mitm
1,1,Natural_Global,http_version,0.0006494931876659393,25,mitm
1,1,Natural_Global,missed_bytes,0.006560583133250475,20,mitm
1,1,Natural_Global,proto,0.28444042801856995,8,mitm
1,1,Natural_Global,service,0.1833171248435974,10,mitm
1,1,Natural_Global,src_bytes,0.4486446678638458,6,mitm
1,1,Natural_Global,src_ip_bytes,0.7913072109222412,3,mitm
1,1,Natural_Global,src_pkts,0.2454707771539688,9,mitm
1,1,Natural_Global,src_port,0.683790385723114,5,mitm
1,1,Natural_Global,ssl_cipher,0.0005482733831740916,27,mitm
1,1,Natural_Global,ssl_established,0.0,33,mitm
1,1,Natural_Global,ssl_resumed,0.00023748414241708815,28,mitm
1,1,Natural_Global,ssl_version,0.005308880005031824,21,mitm
1,1,Natural_Global,weird_name,0.0005520410486496985,26,mitm
1,1,Natural_Global,weird_notice,0.00022982752125244588,29,mitm
1,1,Class_Balanced,conn_state,1.3640565872192383,1,mitm
1,1,Class_Balanced,dns_AA,0.02048681676387787,18,mitm
1,1,Class_Balanced,dns_RA,0.21665515005588531,12,mitm
1,1,Class_Balanced,dns_RD,0.05687052756547928,17,mitm
1,1,Class_Balanced,dns_qclass,0.007496082689613104,21,mitm
1,1,Class_Balanced,dns_qtype,0.05781158059835434,16,mitm
1,1,Class_Balanced,dns_rcode,0.06760822236537933,15,mitm
1,1,Class_Balanced,dns_rejected,0.09658808261156082,14,mitm
1,1,Class_Balanced,dst_bytes,0.3033164441585541,9,mitm
1,1,Class_Balanced,dst_ip_bytes,0.5003675818443298,7,mitm
1,1,Class_Balanced,dst_pkts,0.16169093549251556,13,mitm
1,1,Class_Balanced,dst_port,0.9117816686630249,4,mitm
1,1,Class_Balanced,duration,0.7606245875358582,5,mitm
1,1,Class_Balanced,http_method,0.0008611949742771685,26,mitm
1,1,Class_Balanced,http_orig_mime_types,0.0,33,mitm
1,1,Class_Balanced,http_request_body_len,7.328485662583262e-05,31,mitm
1,1,Class_Balanced,http_resp_mime_types,0.00011387831182219088,30,mitm
1,1,Class_Balanced,http_response_body_len,0.0008723534410819411,25,mitm
1,1,Class_Balanced,http_status_code,0.0018086740747094154,22,mitm
1,1,Class_Balanced,http_trans_depth,2.2837702999822795e-05,32,mitm
1,1,Class_Balanced,http_version,0.00027842840063385665,29,mitm
1,1,Class_Balanced,missed_bytes,0.016759708523750305,19,mitm
1,1,Class_Balanced,proto,0.31999531388282776,8,mitm
1,1,Class_Balanced,service,0.24954059720039368,10,mitm
1,1,Class_Balanced,src_bytes,0.5762518048286438,6,mitm
1,1,Class_Balanced,src_ip_bytes,1.17783784866333,2,mitm
1,1,Class_Balanced,src_pkts,0.2416692078113556,11,mitm
1,1,Class_Balanced,src_port,1.0762646198272705,3,mitm
1,1,Class_Balanced,ssl_cipher,0.0006527752848342061,27,mitm
1,1,Class_Balanced,ssl_established,0.0,33,mitm
1,1,Class_Balanced,ssl_resumed,0.00030485770548693836,28,mitm
1,1,Class_Balanced,ssl_version,0.008345390670001507,20,mitm
1,1,Class_Balanced,weird_name,0.0012390599586069584,23,mitm
1,1,Class_Balanced,weird_notice,0.0009466876508668065,24,mitm
1,1,Minority_Diagnostic,conn_state,0.4561711549758911,6,mitm
1,1,Minority_Diagnostic,dns_AA,0.0506850965321064,17,mitm
1,1,Minority_Diagnostic,dns_RA,1.2207920551300049,1,mitm
1,1,Minority_Diagnostic,dns_RD,0.051352161914110184,16,mitm
1,1,Minority_Diagnostic,dns_qclass,0.009007084183394909,20,mitm
1,1,Minority_Diagnostic,dns_qtype,0.009108727797865868,19,mitm
1,1,Minority_Diagnostic,dns_rcode,0.00018691501463763416,21,mitm
1,1,Minority_Diagnostic,dns_rejected,0.05845289304852486,15,mitm
1,1,Minority_Diagnostic,dst_bytes,0.4132155478000641,8,mitm
1,1,Minority_Diagnostic,dst_ip_bytes,0.9802688360214233,2,mitm
1,1,Minority_Diagnostic,dst_pkts,0.2418707013130188,12,mitm
1,1,Minority_Diagnostic,dst_port,0.19021447002887726,13,mitm
1,1,Minority_Diagnostic,duration,0.5333012342453003,4,mitm
1,1,Minority_Diagnostic,http_method,0.0,22,mitm
1,1,Minority_Diagnostic,http_orig_mime_types,0.0,22,mitm
1,1,Minority_Diagnostic,http_request_body_len,0.0,22,mitm
1,1,Minority_Diagnostic,http_resp_mime_types,0.0,22,mitm
1,1,Minority_Diagnostic,http_response_body_len,0.0,22,mitm
1,1,Minority_Diagnostic,http_status_code,0.0,22,mitm
1,1,Minority_Diagnostic,http_trans_depth,0.0,22,mitm
1,1,Minority_Diagnostic,http_version,0.0,22,mitm
1,1,Minority_Diagnostic,missed_bytes,0.1156296581029892,14,mitm
1,1,Minority_Diagnostic,proto,0.2641334533691406,10,mitm
1,1,Minority_Diagnostic,service,0.9728209972381592,3,mitm
1,1,Minority_Diagnostic,src_bytes,0.4141923785209656,7,mitm
1,1,Minority_Diagnostic,src_ip_bytes,0.26338139176368713,11,mitm
1,1,Minority_Diagnostic,src_pkts,0.47796547412872314,5,mitm
1,1,Minority_Diagnostic,src_port,0.36044079065322876,9,mitm
1,1,Minority_Diagnostic,ssl_cipher,0.0,22,mitm
1,1,Minority_Diagnostic,ssl_established,0.0,22,mitm
1,1,Minority_Diagnostic,ssl_resumed,0.0,22,mitm
1,1,Minority_Diagnostic,ssl_version,0.024931641295552254,18,mitm
1,1,Minority_Diagnostic,weird_name,0.0,22,mitm
1,1,Minority_Diagnostic,weird_notice,0.0,22,mitm
1,2,Natural_Global,conn_state,0.902754545211792,2,mitm
1,2,Natural_Global,dns_AA,0.029579998925328255,17,mitm
1,2,Natural_Global,dns_RA,0.10393189638853073,13,mitm
1,2,Natural_Global,dns_RD,0.047110483050346375,15,mitm
1,2,Natural_Global,dns_qclass,0.00838108267635107,19,mitm
1,2,Natural_Global,dns_qtype,0.037751857191324234,16,mitm
1,2,Natural_Global,dns_rcode,0.02596476674079895,18,mitm
1,2,Natural_Global,dns_rejected,0.0637681782245636,14,mitm
1,2,Natural_Global,dst_bytes,0.16396842896938324,11,mitm
1,2,Natural_Global,dst_ip_bytes,0.3922664523124695,7,mitm
1,2,Natural_Global,dst_pkts,0.1522539258003235,12,mitm
1,2,Natural_Global,dst_port,0.9874057769775391,1,mitm
1,2,Natural_Global,duration,0.6963077187538147,4,mitm
1,2,Natural_Global,http_method,0.0006822285940870643,26,mitm
1,2,Natural_Global,http_orig_mime_types,0.0,34,mitm
1,2,Natural_Global,http_request_body_len,8.876993888407014e-06,33,mitm
1,2,Natural_Global,http_resp_mime_types,0.0001068460987880826,30,mitm
1,2,Natural_Global,http_response_body_len,0.001019672374241054,24,mitm
1,2,Natural_Global,http_status_code,0.003258202923461795,22,mitm
1,2,Natural_Global,http_trans_depth,5.071070700068958e-05,31,mitm
1,2,Natural_Global,http_version,0.0006077589932829142,27,mitm
1,2,Natural_Global,missed_bytes,0.005415310617536306,21,mitm
1,2,Natural_Global,proto,0.27990806102752686,8,mitm
1,2,Natural_Global,service,0.2485225349664688,10,mitm
1,2,Natural_Global,src_bytes,0.428208589553833,6,mitm
1,2,Natural_Global,src_ip_bytes,0.787514865398407,3,mitm
1,2,Natural_Global,src_pkts,0.2653276324272156,9,mitm
1,2,Natural_Global,src_port,0.6848750710487366,5,mitm
1,2,Natural_Global,ssl_cipher,0.0009509235387668014,25,mitm
1,2,Natural_Global,ssl_established,4.266828182153404e-05,32,mitm
1,2,Natural_Global,ssl_resumed,0.00017397939518559724,29,mitm
1,2,Natural_Global,ssl_version,0.005838237702846527,20,mitm
1,2,Natural_Global,weird_name,0.0012072785757482052,23,mitm
1,2,Natural_Global,weird_notice,0.00018252675363328308,28,mitm
1,2,Class_Balanced,conn_state,1.4125572443008423,1,mitm
1,2,Class_Balanced,dns_AA,0.02445034123957157,18,mitm
1,2,Class_Balanced,dns_RA,0.2027604579925537,13,mitm
1,2,Class_Balanced,dns_RD,0.05441366508603096,15,mitm
1,2,Class_Balanced,dns_qclass,0.006510747130960226,21,mitm
1,2,Class_Balanced,dns_qtype,0.04938123747706413,16,mitm
1,2,Class_Balanced,dns_rcode,0.04437290132045746,17,mitm
1,2,Class_Balanced,dns_rejected,0.08422774821519852,14,mitm
1,2,Class_Balanced,dst_bytes,0.3301110863685608,8,mitm
1,2,Class_Balanced,dst_ip_bytes,0.43243956565856934,7,mitm
1,2,Class_Balanced,dst_pkts,0.25928017497062683,11,mitm
1,2,Class_Balanced,dst_port,0.9281328320503235,4,mitm
1,2,Class_Balanced,duration,0.7831510305404663,5,mitm
1,2,Class_Balanced,http_method,0.0005707606323994696,26,mitm
1,2,Class_Balanced,http_orig_mime_types,0.0,34,mitm
1,2,Class_Balanced,http_request_body_len,5.3013495744380634e-06,33,mitm
1,2,Class_Balanced,http_resp_mime_types,0.00014423229731619358,30,mitm
1,2,Class_Balanced,http_response_body_len,0.0008212272077798843,25,mitm
1,2,Class_Balanced,http_status_code,0.001807397580705583,22,mitm
1,2,Class_Balanced,http_trans_depth,6.250437581911683e-05,32,mitm
1,2,Class_Balanced,http_version,0.00028394561377353966,27,mitm
1,2,Class_Balanced,missed_bytes,0.01643943414092064,19,mitm
1,2,Class_Balanced,proto,0.3253888785839081,9,mitm
1,2,Class_Balanced,service,0.2975926399230957,10,mitm
1,2,Class_Balanced,src_bytes,0.5682473182678223,6,mitm
1,2,Class_Balanced,src_ip_bytes,1.1505029201507568,2,mitm
1,2,Class_Balanced,src_pkts,0.2452908307313919,12,mitm
1,2,Class_Balanced,src_port,1.0448979139328003,3,mitm
1,2,Class_Balanced,ssl_cipher,0.0012600915506482124,23,mitm
1,2,Class_Balanced,ssl_established,7.5110889156349e-05,31,mitm
1,2,Class_Balanced,ssl_resumed,0.00019333630916662514,28,mitm
1,2,Class_Balanced,ssl_version,0.0071516274474561214,20,mitm
1,2,Class_Balanced,weird_name,0.0009721714304760098,24,mitm
1,2,Class_Balanced,weird_notice,0.00015930715017020702,29,mitm
1,2,Minority_Diagnostic,conn_state,0.2983854115009308,9,mitm
1,2,Minority_Diagnostic,dns_AA,0.04814213886857033,15,mitm
1,2,Minority_Diagnostic,dns_RA,1.2483799457550049,1,mitm
1,2,Minority_Diagnostic,dns_RD,0.009809039533138275,19,mitm
1,2,Minority_Diagnostic,dns_qclass,0.0015822850400581956,22,mitm
1,2,Minority_Diagnostic,dns_qtype,0.024925582110881805,17,mitm
1,2,Minority_Diagnostic,dns_rcode,0.004980928264558315,20,mitm
1,2,Minority_Diagnostic,dns_rejected,0.03916036710143089,16,mitm
1,2,Minority_Diagnostic,dst_bytes,0.23175716400146484,11,mitm
1,2,Minority_Diagnostic,dst_ip_bytes,1.10262131690979,2,mitm
1,2,Minority_Diagnostic,dst_pkts,0.19405841827392578,12,mitm
1,2,Minority_Diagnostic,dst_port,0.1689281463623047,13,mitm
1,2,Minority_Diagnostic,duration,0.6122135519981384,4,mitm
1,2,Minority_Diagnostic,http_method,0.0,23,mitm
1,2,Minority_Diagnostic,http_orig_mime_types,0.0,23,mitm
1,2,Minority_Diagnostic,http_request_body_len,0.0,23,mitm
1,2,Minority_Diagnostic,http_resp_mime_types,0.0,23,mitm
1,2,Minority_Diagnostic,http_response_body_len,0.0,23,mitm
1,2,Minority_Diagnostic,http_status_code,0.0,23,mitm
1,2,Minority_Diagnostic,http_trans_depth,0.0,23,mitm
1,2,Minority_Diagnostic,http_version,0.0,23,mitm
1,2,Minority_Diagnostic,missed_bytes,0.10973741859197617,14,mitm
1,2,Minority_Diagnostic,proto,0.360080361366272,7,mitm
1,2,Minority_Diagnostic,service,1.0172741413116455,3,mitm
1,2,Minority_Diagnostic,src_bytes,0.3879813253879547,6,mitm
1,2,Minority_Diagnostic,src_ip_bytes,0.24484723806381226,10,mitm
1,2,Minority_Diagnostic,src_pkts,0.5330326557159424,5,mitm
1,2,Minority_Diagnostic,src_port,0.35418713092803955,8,mitm
1,2,Minority_Diagnostic,ssl_cipher,0.0032983985729515553,21,mitm
1,2,Minority_Diagnostic,ssl_established,0.0,23,mitm
1,2,Minority_Diagnostic,ssl_resumed,0.0,23,mitm
1,2,Minority_Diagnostic,ssl_version,0.014800045639276505,18,mitm
1,2,Minority_Diagnostic,weird_name,0.0,23,mitm
1,2,Minority_Diagnostic,weird_notice,0.0,23,mitm
1,3,Natural_Global,conn_state,0.8886795043945312,2,mitm
1,3,Natural_Global,dns_AA,0.03259846940636635,18,mitm
1,3,Natural_Global,dns_RA,0.09374520182609558,13,mitm
1,3,Natural_Global,dns_RD,0.05885910987854004,15,mitm
1,3,Natural_Global,dns_qclass,0.012277165427803993,19,mitm
1,3,Natural_Global,dns_qtype,0.033444538712501526,16,mitm
1,3,Natural_Global,dns_rcode,0.03283468261361122,17,mitm
1,3,Natural_Global,dns_rejected,0.07363273203372955,14,mitm
1,3,Natural_Global,dst_bytes,0.2038174420595169,11,mitm
1,3,Natural_Global,dst_ip_bytes,0.43771374225616455,6,mitm
1,3,Natural_Global,dst_pkts,0.14945760369300842,12,mitm
1,3,Natural_Global,dst_port,0.9332632422447205,1,mitm
1,3,Natural_Global,duration,0.7001118063926697,4,mitm
1,3,Natural_Global,http_method,0.0005284072831273079,27,mitm
1,3,Natural_Global,http_orig_mime_types,0.0,34,mitm
1,3,Natural_Global,http_request_body_len,3.2627283417241415e-06,33,mitm
1,3,Natural_Global,http_resp_mime_types,0.0002078368270304054,29,mitm
1,3,Natural_Global,http_response_body_len,0.0012418313417583704,24,mitm
1,3,Natural_Global,http_status_code,0.004208402242511511,21,mitm
1,3,Natural_Global,http_trans_depth,0.00029914616607129574,28,mitm
1,3,Natural_Global,http_version,0.001081633847206831,25,mitm
1,3,Natural_Global,missed_bytes,0.008000130765140057,20,mitm
1,3,Natural_Global,proto,0.3001330494880676,8,mitm
1,3,Natural_Global,service,0.2091675102710724,10,mitm
1,3,Natural_Global,src_bytes,0.42480844259262085,7,mitm
1,3,Natural_Global,src_ip_bytes,0.7333093285560608,3,mitm
1,3,Natural_Global,src_pkts,0.25133344531059265,9,mitm
1,3,Natural_Global,src_port,0.6902830600738525,5,mitm
1,3,Natural_Global,ssl_cipher,0.001406090217642486,23,mitm
1,3,Natural_Global,ssl_established,6.921712338225916e-05,32,mitm
1,3,Natural_Global,ssl_resumed,0.00013590377056971192,30,mitm
1,3,Natural_Global,ssl_version,0.003947025164961815,22,mitm
1,3,Natural_Global,weird_name,0.000828900549095124,26,mitm
1,3,Natural_Global,weird_notice,0.00011346933024469763,31,mitm
1,3,Class_Balanced,conn_state,1.4384351968765259,1,mitm
1,3,Class_Balanced,dns_AA,0.024291351437568665,18,mitm
1,3,Class_Balanced,dns_RA,0.20083622634410858,12,mitm
1,3,Class_Balanced,dns_RD,0.05878031626343727,16,mitm
1,3,Class_Balanced,dns_qclass,0.00913352333009243,22,mitm
1,3,Class_Balanced,dns_qtype,0.04562968760728836,17,mitm
1,3,Class_Balanced,dns_rcode,0.06656583398580551,15,mitm
1,3,Class_Balanced,dns_rejected,0.10689671337604523,14,mitm
1,3,Class_Balanced,dst_bytes,0.40540391206741333,8,mitm
1,3,Class_Balanced,dst_ip_bytes,0.4142037332057953,7,mitm
1,3,Class_Balanced,dst_pkts,0.18426746129989624,13,mitm
1,3,Class_Balanced,dst_port,0.8757373094558716,4,mitm
1,3,Class_Balanced,duration,0.8246426582336426,5,mitm
1,3,Class_Balanced,http_method,0.00035369076067581773,28,mitm
1,3,Class_Balanced,http_orig_mime_types,0.0,34,mitm
1,3,Class_Balanced,http_request_body_len,1.2079171938239597e-05,33,mitm
1,3,Class_Balanced,http_resp_mime_types,9.875613613985479e-05,31,mitm
1,3,Class_Balanced,http_response_body_len,0.0008153980597853661,24,mitm
1,3,Class_Balanced,http_status_code,0.0017547754105180502,23,mitm
1,3,Class_Balanced,http_trans_depth,0.00017171587387565523,30,mitm
1,3,Class_Balanced,http_version,0.00039134296821430326,26,mitm
1,3,Class_Balanced,missed_bytes,0.009585400111973286,21,mitm
1,3,Class_Balanced,proto,0.28628402948379517,10,mitm
1,3,Class_Balanced,service,0.29570794105529785,9,mitm
1,3,Class_Balanced,src_bytes,0.565747082233429,6,mitm
1,3,Class_Balanced,src_ip_bytes,1.1522220373153687,2,mitm
1,3,Class_Balanced,src_pkts,0.24004118144512177,11,mitm
1,3,Class_Balanced,src_port,1.1054695844650269,3,mitm
1,3,Class_Balanced,ssl_cipher,0.012772813439369202,19,mitm
1,3,Class_Balanced,ssl_established,0.00018966470088344067,29,mitm
1,3,Class_Balanced,ssl_resumed,0.000672069494612515,25,mitm
1,3,Class_Balanced,ssl_version,0.009952257387340069,20,mitm
1,3,Class_Balanced,weird_name,0.00035971045144833624,27,mitm
1,3,Class_Balanced,weird_notice,1.643374707782641e-05,32,mitm
1,3,Minority_Diagnostic,conn_state,0.44251447916030884,7,mitm
1,3,Minority_Diagnostic,dns_AA,0.012538442388176918,18,mitm
1,3,Minority_Diagnostic,dns_RA,1.2671891450881958,1,mitm
1,3,Minority_Diagnostic,dns_RD,0.04220980778336525,15,mitm
1,3,Minority_Diagnostic,dns_qclass,0.012286500073969364,19,mitm
1,3,Minority_Diagnostic,dns_qtype,0.008358389139175415,20,mitm
1,3,Minority_Diagnostic,dns_rcode,0.001676803920418024,21,mitm
1,3,Minority_Diagnostic,dns_rejected,0.0356922410428524,17,mitm
1,3,Minority_Diagnostic,dst_bytes,0.8559824228286743,3,mitm
1,3,Minority_Diagnostic,dst_ip_bytes,0.5194905996322632,5,mitm
1,3,Minority_Diagnostic,dst_pkts,0.1936989426612854,11,mitm
1,3,Minority_Diagnostic,dst_port,0.14641952514648438,13,mitm
1,3,Minority_Diagnostic,duration,0.6012719869613647,4,mitm
1,3,Minority_Diagnostic,http_method,0.0,22,mitm
1,3,Minority_Diagnostic,http_orig_mime_types,0.0,22,mitm
1,3,Minority_Diagnostic,http_request_body_len,0.0,22,mitm
1,3,Minority_Diagnostic,http_resp_mime_types,0.0,22,mitm
1,3,Minority_Diagnostic,http_response_body_len,0.0,22,mitm
1,3,Minority_Diagnostic,http_status_code,0.0,22,mitm
1,3,Minority_Diagnostic,http_trans_depth,0.0,22,mitm
1,3,Minority_Diagnostic,http_version,0.0,22,mitm
1,3,Minority_Diagnostic,missed_bytes,0.04185730963945389,16,mitm
1,3,Minority_Diagnostic,proto,0.22480660676956177,10,mitm
1,3,Minority_Diagnostic,service,1.0191816091537476,2,mitm
1,3,Minority_Diagnostic,src_bytes,0.36292847990989685,9,mitm
1,3,Minority_Diagnostic,src_ip_bytes,0.18926848471164703,12,mitm
1,3,Minority_Diagnostic,src_pkts,0.4648396372795105,6,mitm
1,3,Minority_Diagnostic,src_port,0.3844279944896698,8,mitm
1,3,Minority_Diagnostic,ssl_cipher,0.10519185662269592,14,mitm
1,3,Minority_Diagnostic,ssl_established,0.0,22,mitm
1,3,Minority_Diagnostic,ssl_resumed,0.0,22,mitm
1,3,Minority_Diagnostic,ssl_version,0.0,22,mitm
1,3,Minority_Diagnostic,weird_name,0.0,22,mitm
1,3,Minority_Diagnostic,weird_notice,0.0,22,mitm
1,4,Natural_Global,conn_state,0.8801246285438538,2,mitm
1,4,Natural_Global,dns_AA,0.028742551803588867,17,mitm
1,4,Natural_Global,dns_RA,0.09935957938432693,13,mitm
1,4,Natural_Global,dns_RD,0.04645778611302376,15,mitm
1,4,Natural_Global,dns_qclass,0.01326349750161171,19,mitm
1,4,Natural_Global,dns_qtype,0.029402216896414757,16,mitm
1,4,Natural_Global,dns_rcode,0.02853250689804554,18,mitm
1,4,Natural_Global,dns_rejected,0.0889320969581604,14,mitm
1,4,Natural_Global,dst_bytes,0.2047768533229828,11,mitm
1,4,Natural_Global,dst_ip_bytes,0.37162715196609497,7,mitm
1,4,Natural_Global,dst_pkts,0.15805377066135406,12,mitm
1,4,Natural_Global,dst_port,0.9952914118766785,1,mitm
1,4,Natural_Global,duration,0.6569505333900452,5,mitm
1,4,Natural_Global,http_method,0.0008191755623556674,26,mitm
1,4,Natural_Global,http_orig_mime_types,8.04481896921061e-06,33,mitm
1,4,Natural_Global,http_request_body_len,1.807440980883257e-06,34,mitm
1,4,Natural_Global,http_resp_mime_types,9.966296784114093e-05,31,mitm
1,4,Natural_Global,http_response_body_len,0.0010978345526382327,25,mitm
1,4,Natural_Global,http_status_code,0.00356693915091455,22,mitm
1,4,Natural_Global,http_trans_depth,0.0005297951283864677,27,mitm
1,4,Natural_Global,http_version,0.00023564881121274084,29,mitm
1,4,Natural_Global,missed_bytes,0.007614388130605221,20,mitm
1,4,Natural_Global,proto,0.2737138569355011,8,mitm
1,4,Natural_Global,service,0.224437415599823,10,mitm
1,4,Natural_Global,src_bytes,0.43226632475852966,6,mitm
1,4,Natural_Global,src_ip_bytes,0.7346414923667908,3,mitm
1,4,Natural_Global,src_pkts,0.24925948679447174,9,mitm
1,4,Natural_Global,src_port,0.6740541458129883,4,mitm
1,4,Natural_Global,ssl_cipher,0.0011601709993556142,24,mitm
1,4,Natural_Global,ssl_established,7.413978164549917e-05,32,mitm
1,4,Natural_Global,ssl_resumed,0.00021462263248395175,30,mitm
1,4,Natural_Global,ssl_version,0.004981761798262596,21,mitm
1,4,Natural_Global,weird_name,0.0012931560631841421,23,mitm
1,4,Natural_Global,weird_notice,0.0002650128735695034,28,mitm
1,4,Class_Balanced,conn_state,1.4538441896438599,1,mitm
1,4,Class_Balanced,dns_AA,0.0224239993840456,18,mitm
1,4,Class_Balanced,dns_RA,0.21767626702785492,13,mitm
1,4,Class_Balanced,dns_RD,0.04506899043917656,16,mitm
1,4,Class_Balanced,dns_qclass,0.012984266504645348,19,mitm
1,4,Class_Balanced,dns_qtype,0.03798411041498184,17,mitm
1,4,Class_Balanced,dns_rcode,0.055747054517269135,15,mitm
1,4,Class_Balanced,dns_rejected,0.11082104593515396,14,mitm
1,4,Class_Balanced,dst_bytes,0.36195167899131775,8,mitm
1,4,Class_Balanced,dst_ip_bytes,0.3950287401676178,7,mitm
1,4,Class_Balanced,dst_pkts,0.23063616454601288,12,mitm
1,4,Class_Balanced,dst_port,0.9650522470474243,4,mitm
1,4,Class_Balanced,duration,0.7883594632148743,5,mitm
1,4,Class_Balanced,http_method,0.0013272881042212248,26,mitm
1,4,Class_Balanced,http_orig_mime_types,6.918601684446912e-06,33,mitm
1,4,Class_Balanced,http_request_body_len,6.864926945127081e-06,34,mitm
1,4,Class_Balanced,http_resp_mime_types,0.00032656214898452163,30,mitm
1,4,Class_Balanced,http_response_body_len,0.002443104749545455,24,mitm
1,4,Class_Balanced,http_status_code,0.006890458520501852,21,mitm
1,4,Class_Balanced,http_trans_depth,0.0013283977750688791,25,mitm
1,4,Class_Balanced,http_version,0.0005946003366261721,28,mitm
1,4,Class_Balanced,missed_bytes,0.00919759925454855,20,mitm
1,4,Class_Balanced,proto,0.3021402955055237,9,mitm
1,4,Class_Balanced,service,0.2563188374042511,11,mitm
1,4,Class_Balanced,src_bytes,0.5638148188591003,6,mitm
1,4,Class_Balanced,src_ip_bytes,1.176716685295105,2,mitm
1,4,Class_Balanced,src_pkts,0.2624150514602661,10,mitm
1,4,Class_Balanced,src_port,0.9753158688545227,3,mitm
1,4,Class_Balanced,ssl_cipher,0.0008201253367587924,27,mitm
1,4,Class_Balanced,ssl_established,2.9688659196835943e-05,32,mitm
1,4,Class_Balanced,ssl_resumed,7.504904351662844e-05,31,mitm
1,4,Class_Balanced,ssl_version,0.0036515905521810055,22,mitm
1,4,Class_Balanced,weird_name,0.0024990004021674395,23,mitm
1,4,Class_Balanced,weird_notice,0.0004958579083904624,29,mitm
1,4,Minority_Diagnostic,conn_state,0.36632484197616577,9,mitm
1,4,Minority_Diagnostic,dns_AA,0.010848230682313442,18,mitm
1,4,Minority_Diagnostic,dns_RA,1.373620867729187,1,mitm
1,4,Minority_Diagnostic,dns_RD,0.03809526190161705,15,mitm
1,4,Minority_Diagnostic,dns_qclass,0.00717345392331481,20,mitm
1,4,Minority_Diagnostic,dns_qtype,0.015374102629721165,17,mitm
1,4,Minority_Diagnostic,dns_rcode,0.0013182921102270484,22,mitm
1,4,Minority_Diagnostic,dns_rejected,0.030963024124503136,16,mitm
1,4,Minority_Diagnostic,dst_bytes,0.32384684681892395,10,mitm
1,4,Minority_Diagnostic,dst_ip_bytes,1.2598100900650024,2,mitm
1,4,Minority_Diagnostic,dst_pkts,0.23319579660892487,12,mitm
1,4,Minority_Diagnostic,dst_port,0.37005916237831116,8,mitm
1,4,Minority_Diagnostic,duration,0.5671576857566833,4,mitm
1,4,Minority_Diagnostic,http_method,0.0,23,mitm
1,4,Minority_Diagnostic,http_orig_mime_types,0.0,23,mitm
1,4,Minority_Diagnostic,http_request_body_len,0.0,23,mitm
1,4,Minority_Diagnostic,http_resp_mime_types,0.0,23,mitm
1,4,Minority_Diagnostic,http_response_body_len,0.0,23,mitm
1,4,Minority_Diagnostic,http_status_code,0.0,23,mitm
1,4,Minority_Diagnostic,http_trans_depth,0.0,23,mitm
1,4,Minority_Diagnostic,http_version,0.0,23,mitm
1,4,Minority_Diagnostic,missed_bytes,0.048802752047777176,14,mitm
1,4,Minority_Diagnostic,proto,0.3850509226322174,7,mitm
1,4,Minority_Diagnostic,service,0.46361494064331055,5,mitm
1,4,Minority_Diagnostic,src_bytes,0.4500713050365448,6,mitm
1,4,Minority_Diagnostic,src_ip_bytes,0.19563336670398712,13,mitm
1,4,Minority_Diagnostic,src_pkts,0.7463433742523193,3,mitm
1,4,Minority_Diagnostic,src_port,0.28406986594200134,11,mitm
1,4,Minority_Diagnostic,ssl_cipher,0.0018871767679229379,21,mitm
1,4,Minority_Diagnostic,ssl_established,0.0,23,mitm
1,4,Minority_Diagnostic,ssl_resumed,0.0,23,mitm
1,4,Minority_Diagnostic,ssl_version,0.010074433870613575,19,mitm
1,4,Minority_Diagnostic,weird_name,0.0,23,mitm
1,4,Minority_Diagnostic,weird_notice,0.0,23,mitm
1,5,Natural_Global,conn_state,0.922161877155304,2,mitm
1,5,Natural_Global,dns_AA,0.027452100068330765,18,mitm
1,5,Natural_Global,dns_RA,0.10068677365779877,13,mitm
1,5,Natural_Global,dns_RD,0.05076213181018829,15,mitm
1,5,Natural_Global,dns_qclass,0.012885107658803463,19,mitm
1,5,Natural_Global,dns_qtype,0.036119189113378525,16,mitm
1,5,Natural_Global,dns_rcode,0.03155675157904625,17,mitm
1,5,Natural_Global,dns_rejected,0.08161842823028564,14,mitm
1,5,Natural_Global,dst_bytes,0.18740476667881012,11,mitm
1,5,Natural_Global,dst_ip_bytes,0.3334510624408722,7,mitm
1,5,Natural_Global,dst_pkts,0.16935384273529053,12,mitm
1,5,Natural_Global,dst_port,1.0151275396347046,1,mitm
1,5,Natural_Global,duration,0.667858362197876,5,mitm
1,5,Natural_Global,http_method,0.0004610138712450862,27,mitm
1,5,Natural_Global,http_orig_mime_types,1.814805727917701e-06,34,mitm
1,5,Natural_Global,http_request_body_len,1.516386510047596e-05,33,mitm
1,5,Natural_Global,http_resp_mime_types,4.552403697744012e-05,32,mitm
1,5,Natural_Global,http_response_body_len,0.0012842337600886822,23,mitm
1,5,Natural_Global,http_status_code,0.0033665557857602835,22,mitm
1,5,Natural_Global,http_trans_depth,0.0003847704210784286,28,mitm
1,5,Natural_Global,http_version,0.0006542333285324275,25,mitm
1,5,Natural_Global,missed_bytes,0.0071015129797160625,20,mitm
1,5,Natural_Global,proto,0.2568061947822571,9,mitm
1,5,Natural_Global,service,0.23385438323020935,10,mitm
1,5,Natural_Global,src_bytes,0.44656339287757874,6,mitm
1,5,Natural_Global,src_ip_bytes,0.7209582328796387,3,mitm
1,5,Natural_Global,src_pkts,0.26769036054611206,8,mitm
1,5,Natural_Global,src_port,0.6847456097602844,4,mitm
1,5,Natural_Global,ssl_cipher,0.0011492114281281829,24,mitm
1,5,Natural_Global,ssl_established,0.00012494462134782225,31,mitm
1,5,Natural_Global,ssl_resumed,0.00036704359808936715,29,mitm
1,5,Natural_Global,ssl_version,0.0033970512449741364,21,mitm
1,5,Natural_Global,weird_name,0.000608959817327559,26,mitm
1,5,Natural_Global,weird_notice,0.00018004013691097498,30,mitm
1,5,Class_Balanced,conn_state,1.4251703023910522,1,mitm
1,5,Class_Balanced,dns_AA,0.026476062834262848,18,mitm
1,5,Class_Balanced,dns_RA,0.2075757384300232,13,mitm
1,5,Class_Balanced,dns_RD,0.0537872277200222,16,mitm
1,5,Class_Balanced,dns_qclass,0.010331319645047188,20,mitm
1,5,Class_Balanced,dns_qtype,0.0398980975151062,17,mitm
1,5,Class_Balanced,dns_rcode,0.06573927402496338,15,mitm
1,5,Class_Balanced,dns_rejected,0.10032769292593002,14,mitm
1,5,Class_Balanced,dst_bytes,0.29254037141799927,9,mitm
1,5,Class_Balanced,dst_ip_bytes,0.3502751886844635,7,mitm
1,5,Class_Balanced,dst_pkts,0.2700802683830261,10,mitm
1,5,Class_Balanced,dst_port,1.0437095165252686,3,mitm
1,5,Class_Balanced,duration,0.7910453081130981,5,mitm
1,5,Class_Balanced,http_method,0.000994984176941216,28,mitm
1,5,Class_Balanced,http_orig_mime_types,5.115599833516171e-06,34,mitm
1,5,Class_Balanced,http_request_body_len,4.3291445763316005e-05,33,mitm
1,5,Class_Balanced,http_resp_mime_types,0.00023224907636176795,32,mitm
1,5,Class_Balanced,http_response_body_len,0.0025763805024325848,25,mitm
1,5,Class_Balanced,http_status_code,0.0056162746623158455,22,mitm
1,5,Class_Balanced,http_trans_depth,0.0005065513541921973,29,mitm
1,5,Class_Balanced,http_version,0.0014802281511947513,26,mitm
1,5,Class_Balanced,missed_bytes,0.009275954216718674,21,mitm
1,5,Class_Balanced,proto,0.2637384533882141,12,mitm
1,5,Class_Balanced,service,0.31539109349250793,8,mitm
1,5,Class_Balanced,src_bytes,0.6292826533317566,6,mitm
1,5,Class_Balanced,src_ip_bytes,1.131794810295105,2,mitm
1,5,Class_Balanced,src_pkts,0.266818106174469,11,mitm
1,5,Class_Balanced,src_port,1.0020911693572998,4,mitm
1,5,Class_Balanced,ssl_cipher,0.010573278181254864,19,mitm
1,5,Class_Balanced,ssl_established,0.0002462082775309682,31,mitm
1,5,Class_Balanced,ssl_resumed,0.00037116248859092593,30,mitm
1,5,Class_Balanced,ssl_version,0.004780603107064962,23,mitm
1,5,Class_Balanced,weird_name,0.0028139776550233364,24,mitm
1,5,Class_Balanced,weird_notice,0.0010420482140034437,27,mitm
1,5,Minority_Diagnostic,conn_state,0.47666919231414795,6,mitm
1,5,Minority_Diagnostic,dns_AA,0.07030779123306274,16,mitm
1,5,Minority_Diagnostic,dns_RA,1.2723311185836792,1,mitm
1,5,Minority_Diagnostic,dns_RD,0.06579409539699554,17,mitm
1,5,Minority_Diagnostic,dns_qclass,0.011388172395527363,20,mitm
1,5,Minority_Diagnostic,dns_qtype,0.03301325812935829,19,mitm
1,5,Minority_Diagnostic,dns_rcode,0.004612143151462078,21,mitm
1,5,Minority_Diagnostic,dns_rejected,0.0703301951289177,15,mitm
1,5,Minority_Diagnostic,dst_bytes,0.27733364701271057,10,mitm
1,5,Minority_Diagnostic,dst_ip_bytes,0.35603025555610657,7,mitm
1,5,Minority_Diagnostic,dst_pkts,0.33370107412338257,8,mitm
1,5,Minority_Diagnostic,dst_port,0.2096678912639618,13,mitm
1,5,Minority_Diagnostic,duration,0.6936634182929993,4,mitm
1,5,Minority_Diagnostic,http_method,0.0,22,mitm
1,5,Minority_Diagnostic,http_orig_mime_types,0.0,22,mitm
1,5,Minority_Diagnostic,http_request_body_len,0.0,22,mitm
1,5,Minority_Diagnostic,http_resp_mime_types,0.0,22,mitm
1,5,Minority_Diagnostic,http_response_body_len,0.0,22,mitm
1,5,Minority_Diagnostic,http_status_code,0.0,22,mitm
1,5,Minority_Diagnostic,http_trans_depth,0.0,22,mitm
1,5,Minority_Diagnostic,http_version,0.0,22,mitm
1,5,Minority_Diagnostic,missed_bytes,0.04142846167087555,18,mitm
1,5,Minority_Diagnostic,proto,0.2374967634677887,12,mitm
1,5,Minority_Diagnostic,service,1.062166452407837,2,mitm
1,5,Minority_Diagnostic,src_bytes,0.7219289541244507,3,mitm
1,5,Minority_Diagnostic,src_ip_bytes,0.2615870535373688,11,mitm
1,5,Minority_Diagnostic,src_pkts,0.5560808181762695,5,mitm
1,5,Minority_Diagnostic,src_port,0.3218607008457184,9,mitm
1,5,Minority_Diagnostic,ssl_cipher,0.09652397781610489,14,mitm
1,5,Minority_Diagnostic,ssl_established,0.0,22,mitm
1,5,Minority_Diagnostic,ssl_resumed,0.0,22,mitm
1,5,Minority_Diagnostic,ssl_version,0.0,22,mitm
1,5,Minority_Diagnostic,weird_name,0.0,22,mitm
1,5,Minority_Diagnostic,weird_notice,0.0,22,mitm
2,1,Natural_Global,conn_state,0.9131961464881897,2,mitm
2,1,Natural_Global,dns_AA,0.026227183640003204,18,mitm
2,1,Natural_Global,dns_RA,0.08779668807983398,13,mitm
2,1,Natural_Global,dns_RD,0.06619439274072647,14,mitm
2,1,Natural_Global,dns_qclass,0.010989244095981121,19,mitm
2,1,Natural_Global,dns_qtype,0.035092804580926895,16,mitm
2,1,Natural_Global,dns_rcode,0.026319192722439766,17,mitm
2,1,Natural_Global,dns_rejected,0.06503010541200638,15,mitm
2,1,Natural_Global,dst_bytes,0.20527642965316772,11,mitm
2,1,Natural_Global,dst_ip_bytes,0.3463350832462311,7,mitm
2,1,Natural_Global,dst_pkts,0.13972164690494537,12,mitm
2,1,Natural_Global,dst_port,0.9206929802894592,1,mitm
2,1,Natural_Global,duration,0.6650885939598083,5,mitm
2,1,Natural_Global,http_method,0.00016957033949438483,28,mitm
2,1,Natural_Global,http_orig_mime_types,0.0,34,mitm
2,1,Natural_Global,http_request_body_len,5.667813184118131e-06,33,mitm
2,1,Natural_Global,http_resp_mime_types,0.00015639718913007528,29,mitm
2,1,Natural_Global,http_response_body_len,0.000849848729558289,24,mitm
2,1,Natural_Global,http_status_code,0.00455146748572588,21,mitm
2,1,Natural_Global,http_trans_depth,9.541571489535272e-05,30,mitm
2,1,Natural_Global,http_version,0.0010899108601734042,23,mitm
2,1,Natural_Global,missed_bytes,0.003771276446059346,22,mitm
2,1,Natural_Global,proto,0.29486480355262756,8,mitm
2,1,Natural_Global,service,0.2504752278327942,9,mitm
2,1,Natural_Global,src_bytes,0.4427442252635956,6,mitm
2,1,Natural_Global,src_ip_bytes,0.750246524810791,3,mitm
2,1,Natural_Global,src_pkts,0.24309198558330536,10,mitm
2,1,Natural_Global,src_port,0.7037190794944763,4,mitm
2,1,Natural_Global,ssl_cipher,0.0006666676490567625,26,mitm
2,1,Natural_Global,ssl_established,4.0643462853040546e-05,31,mitm
2,1,Natural_Global,ssl_resumed,0.0002354522148380056,27,mitm
2,1,Natural_Global,ssl_version,0.0046926806680858135,20,mitm
2,1,Natural_Global,weird_name,0.0006939747836440802,25,mitm
2,1,Natural_Global,weird_notice,3.560081677278504e-05,32,mitm
2,1,Class_Balanced,conn_state,1.4054232835769653,1,mitm
2,1,Class_Balanced,dns_AA,0.021278999745845795,18,mitm
2,1,Class_Balanced,dns_RA,0.20455506443977356,13,mitm
2,1,Class_Balanced,dns_RD,0.0702679380774498,15,mitm
2,1,Class_Balanced,dns_qclass,0.007238538470119238,21,mitm
2,1,Class_Balanced,dns_qtype,0.0383153073489666,17,mitm
2,1,Class_Balanced,dns_rcode,0.05288981273770332,16,mitm
2,1,Class_Balanced,dns_rejected,0.0876212939620018,14,mitm
2,1,Class_Balanced,dst_bytes,0.28956300020217896,10,mitm
2,1,Class_Balanced,dst_ip_bytes,0.39957380294799805,7,mitm
2,1,Class_Balanced,dst_pkts,0.23252245783805847,12,mitm
2,1,Class_Balanced,dst_port,0.8770685195922852,4,mitm
2,1,Class_Balanced,duration,0.7622672915458679,5,mitm
2,1,Class_Balanced,http_method,0.0001679192209849134,28,mitm
2,1,Class_Balanced,http_orig_mime_types,0.0,34,mitm
2,1,Class_Balanced,http_request_body_len,2.5892004487104714e-05,32,mitm
2,1,Class_Balanced,http_resp_mime_types,0.00011413505853852257,29,mitm
2,1,Class_Balanced,http_response_body_len,0.0006691012531518936,24,mitm
2,1,Class_Balanced,http_status_code,0.00242491252720356,22,mitm
2,1,Class_Balanced,http_trans_depth,0.00010536183981457725,30,mitm
2,1,Class_Balanced,http_version,0.0005020663957111537,25,mitm
2,1,Class_Balanced,missed_bytes,0.010546247474849224,19,mitm
2,1,Class_Balanced,proto,0.29344311356544495,9,mitm
2,1,Class_Balanced,service,0.25454333424568176,11,mitm
2,1,Class_Balanced,src_bytes,0.6205334663391113,6,mitm
2,1,Class_Balanced,src_ip_bytes,1.1913187503814697,2,mitm
2,1,Class_Balanced,src_pkts,0.29692620038986206,8,mitm
2,1,Class_Balanced,src_port,1.1277846097946167,3,mitm
2,1,Class_Balanced,ssl_cipher,0.0012962397886440158,23,mitm
2,1,Class_Balanced,ssl_established,7.539166108472273e-05,31,mitm
2,1,Class_Balanced,ssl_resumed,0.0004111206217203289,27,mitm
2,1,Class_Balanced,ssl_version,0.010076774284243584,20,mitm
2,1,Class_Balanced,weird_name,0.0004949102876707911,26,mitm
2,1,Class_Balanced,weird_notice,2.1045514586148784e-05,33,mitm
2,1,Minority_Diagnostic,conn_state,0.486224889755249,7,mitm
2,1,Minority_Diagnostic,dns_AA,0.0016240905970335007,21,mitm
2,1,Minority_Diagnostic,dns_RA,1.4062711000442505,1,mitm
2,1,Minority_Diagnostic,dns_RD,0.06308584660291672,15,mitm
2,1,Minority_Diagnostic,dns_qclass,0.013700942508876324,18,mitm
2,1,Minority_Diagnostic,dns_qtype,0.011957709677517414,19,mitm
2,1,Minority_Diagnostic,dns_rcode,0.011731616221368313,20,mitm
2,1,Minority_Diagnostic,dns_rejected,0.04489598795771599,16,mitm
2,1,Minority_Diagnostic,dst_bytes,0.30685463547706604,9,mitm
2,1,Minority_Diagnostic,dst_ip_bytes,1.2093969583511353,2,mitm
2,1,Minority_Diagnostic,dst_pkts,0.09278001636266708,13,mitm
2,1,Minority_Diagnostic,dst_port,0.16906894743442535,12,mitm
2,1,Minority_Diagnostic,duration,0.5392615795135498,5,mitm
2,1,Minority_Diagnostic,http_method,0.0,23,mitm
2,1,Minority_Diagnostic,http_orig_mime_types,0.0,23,mitm
2,1,Minority_Diagnostic,http_request_body_len,0.0,23,mitm
2,1,Minority_Diagnostic,http_resp_mime_types,0.0,23,mitm
2,1,Minority_Diagnostic,http_response_body_len,0.0,23,mitm
2,1,Minority_Diagnostic,http_status_code,0.0,23,mitm
2,1,Minority_Diagnostic,http_trans_depth,0.0,23,mitm
2,1,Minority_Diagnostic,http_version,0.0,23,mitm
2,1,Minority_Diagnostic,missed_bytes,0.0694270059466362,14,mitm
2,1,Minority_Diagnostic,proto,0.21795661747455597,11,mitm
2,1,Minority_Diagnostic,service,0.5901285409927368,4,mitm
2,1,Minority_Diagnostic,src_bytes,0.49605897068977356,6,mitm
2,1,Minority_Diagnostic,src_ip_bytes,0.22329971194267273,10,mitm
2,1,Minority_Diagnostic,src_pkts,0.7833603620529175,3,mitm
2,1,Minority_Diagnostic,src_port,0.3304949700832367,8,mitm
2,1,Minority_Diagnostic,ssl_cipher,0.0,23,mitm
2,1,Minority_Diagnostic,ssl_established,0.0,23,mitm
2,1,Minority_Diagnostic,ssl_resumed,0.0006972022820264101,22,mitm
2,1,Minority_Diagnostic,ssl_version,0.016753751784563065,17,mitm
2,1,Minority_Diagnostic,weird_name,0.0,23,mitm
2,1,Minority_Diagnostic,weird_notice,0.0,23,mitm
2,2,Natural_Global,conn_state,0.883140504360199,2,mitm
2,2,Natural_Global,dns_AA,0.025176098570227623,18,mitm
2,2,Natural_Global,dns_RA,0.08594026416540146,13,mitm
2,2,Natural_Global,dns_RD,0.06160765513777733,15,mitm
2,2,Natural_Global,dns_qclass,0.007897233590483665,19,mitm
2,2,Natural_Global,dns_qtype,0.03555178642272949,16,mitm
2,2,Natural_Global,dns_rcode,0.02747502364218235,17,mitm
2,2,Natural_Global,dns_rejected,0.06497702747583389,14,mitm
2,2,Natural_Global,dst_bytes,0.18525250256061554,11,mitm
2,2,Natural_Global,dst_ip_bytes,0.3596387207508087,7,mitm
2,2,Natural_Global,dst_pkts,0.1466366946697235,12,mitm
2,2,Natural_Global,dst_port,0.9781941175460815,1,mitm
2,2,Natural_Global,duration,0.6714823842048645,5,mitm
2,2,Natural_Global,http_method,0.0011215121485292912,23,mitm
2,2,Natural_Global,http_orig_mime_types,0.0,33,mitm
2,2,Natural_Global,http_request_body_len,7.882374120526947e-06,32,mitm
2,2,Natural_Global,http_resp_mime_types,0.0001945482799783349,29,mitm
2,2,Natural_Global,http_response_body_len,0.0008138081175275147,27,mitm
2,2,Natural_Global,http_status_code,0.0047215186059474945,21,mitm
2,2,Natural_Global,http_trans_depth,0.0001930129947140813,30,mitm
2,2,Natural_Global,http_version,0.0008865772397257388,25,mitm
2,2,Natural_Global,missed_bytes,0.004352156072854996,22,mitm
2,2,Natural_Global,proto,0.2853987216949463,8,mitm
2,2,Natural_Global,service,0.2488064467906952,10,mitm
2,2,Natural_Global,src_bytes,0.4434961676597595,6,mitm
2,2,Natural_Global,src_ip_bytes,0.7359844446182251,3,mitm
2,2,Natural_Global,src_pkts,0.27800828218460083,9,mitm
2,2,Natural_Global,src_port,0.6935166716575623,4,mitm
2,2,Natural_Global,ssl_cipher,0.0009408750338479877,24,mitm
2,2,Natural_Global,ssl_established,0.0,33,mitm
2,2,Natural_Global,ssl_resumed,9.298564691562206e-05,31,mitm
2,2,Natural_Global,ssl_version,0.005354287568479776,20,mitm
2,2,Natural_Global,weird_name,0.0008521784329786897,26,mitm
2,2,Natural_Global,weird_notice,0.00021154311252757907,28,mitm
2,2,Class_Balanced,conn_state,1.495735764503479,1,mitm
2,2,Class_Balanced,dns_AA,0.02483280748128891,18,mitm
2,2,Class_Balanced,dns_RA,0.20608767867088318,13,mitm
2,2,Class_Balanced,dns_RD,0.06428098678588867,15,mitm
2,2,Class_Balanced,dns_qclass,0.007792285643517971,20,mitm
2,2,Class_Balanced,dns_qtype,0.04167866334319115,17,mitm
2,2,Class_Balanced,dns_rcode,0.06341792643070221,16,mitm
2,2,Class_Balanced,dns_rejected,0.08769279718399048,14,mitm
2,2,Class_Balanced,dst_bytes,0.29703882336616516,9,mitm
2,2,Class_Balanced,dst_ip_bytes,0.4272967278957367,7,mitm
2,2,Class_Balanced,dst_pkts,0.20665022730827332,12,mitm
2,2,Class_Balanced,dst_port,0.9215204119682312,4,mitm
2,2,Class_Balanced,duration,0.7361306548118591,5,mitm
2,2,Class_Balanced,http_method,0.0006890797521919012,26,mitm
2,2,Class_Balanced,http_orig_mime_types,0.0,33,mitm
2,2,Class_Balanced,http_request_body_len,1.7109263353631832e-05,32,mitm
2,2,Class_Balanced,http_resp_mime_types,8.311952115036547e-05,31,mitm
2,2,Class_Balanced,http_response_body_len,0.0004759464936796576,27,mitm
2,2,Class_Balanced,http_status_code,0.002309715375304222,23,mitm
2,2,Class_Balanced,http_trans_depth,0.00011845518747577444,30,mitm
2,2,Class_Balanced,http_version,0.000344116153428331,28,mitm
2,2,Class_Balanced,missed_bytes,0.015370555222034454,19,mitm
2,2,Class_Balanced,proto,0.3177359402179718,8,mitm
2,2,Class_Balanced,service,0.2890840768814087,10,mitm
2,2,Class_Balanced,src_bytes,0.562207818031311,6,mitm
2,2,Class_Balanced,src_ip_bytes,1.0695760250091553,3,mitm
2,2,Class_Balanced,src_pkts,0.24707329273223877,11,mitm
2,2,Class_Balanced,src_port,1.083629846572876,2,mitm
2,2,Class_Balanced,ssl_cipher,0.0011749217519536614,24,mitm
2,2,Class_Balanced,ssl_established,0.0,33,mitm
2,2,Class_Balanced,ssl_resumed,0.0001702431181911379,29,mitm
2,2,Class_Balanced,ssl_version,0.007108902093023062,21,mitm
2,2,Class_Balanced,weird_name,0.003240391379222274,22,mitm
2,2,Class_Balanced,weird_notice,0.001016062218695879,25,mitm
2,2,Minority_Diagnostic,conn_state,0.3616342842578888,6,mitm
2,2,Minority_Diagnostic,dns_AA,0.03315639868378639,17,mitm
2,2,Minority_Diagnostic,dns_RA,1.2660536766052246,1,mitm
2,2,Minority_Diagnostic,dns_RD,0.06857408583164215,15,mitm
2,2,Minority_Diagnostic,dns_qclass,0.012900406494736671,20,mitm
2,2,Minority_Diagnostic,dns_qtype,0.013118819333612919,19,mitm
2,2,Minority_Diagnostic,dns_rcode,0.003390396712347865,21,mitm
2,2,Minority_Diagnostic,dns_rejected,0.03652729466557503,16,mitm
2,2,Minority_Diagnostic,dst_bytes,0.24208728969097137,9,mitm
2,2,Minority_Diagnostic,dst_ip_bytes,1.0444995164871216,2,mitm
2,2,Minority_Diagnostic,dst_pkts,0.22348329424858093,11,mitm
2,2,Minority_Diagnostic,dst_port,0.19842202961444855,12,mitm
2,2,Minority_Diagnostic,duration,0.5510241985321045,4,mitm
2,2,Minority_Diagnostic,http_method,0.0,24,mitm
2,2,Minority_Diagnostic,http_orig_mime_types,0.0,24,mitm
2,2,Minority_Diagnostic,http_request_body_len,0.0,24,mitm
2,2,Minority_Diagnostic,http_resp_mime_types,0.0,24,mitm
2,2,Minority_Diagnostic,http_response_body_len,0.0,24,mitm
2,2,Minority_Diagnostic,http_status_code,0.0,24,mitm
2,2,Minority_Diagnostic,http_trans_depth,0.0,24,mitm
2,2,Minority_Diagnostic,http_version,0.0,24,mitm
2,2,Minority_Diagnostic,missed_bytes,0.1057693287730217,14,mitm
2,2,Minority_Diagnostic,proto,0.22876277565956116,10,mitm
2,2,Minority_Diagnostic,service,0.8812873959541321,3,mitm
2,2,Minority_Diagnostic,src_bytes,0.31689587235450745,7,mitm
2,2,Minority_Diagnostic,src_ip_bytes,0.159769207239151,13,mitm
2,2,Minority_Diagnostic,src_pkts,0.5051110982894897,5,mitm
2,2,Minority_Diagnostic,src_port,0.29628846049308777,8,mitm
2,2,Minority_Diagnostic,ssl_cipher,0.0015214196173474193,22,mitm
2,2,Minority_Diagnostic,ssl_established,0.0,24,mitm
2,2,Minority_Diagnostic,ssl_resumed,0.0011156999971717596,23,mitm
2,2,Minority_Diagnostic,ssl_version,0.013605747371912003,18,mitm
2,2,Minority_Diagnostic,weird_name,0.0,24,mitm
2,2,Minority_Diagnostic,weird_notice,0.0,24,mitm
2,3,Natural_Global,conn_state,0.9093974232673645,2,mitm
2,3,Natural_Global,dns_AA,0.019192848354578018,18,mitm
2,3,Natural_Global,dns_RA,0.0793280154466629,14,mitm
2,3,Natural_Global,dns_RD,0.0683501809835434,15,mitm
2,3,Natural_Global,dns_qclass,0.01463566068559885,19,mitm
2,3,Natural_Global,dns_qtype,0.033998508006334305,16,mitm
2,3,Natural_Global,dns_rcode,0.027434242889285088,17,mitm
2,3,Natural_Global,dns_rejected,0.08397640287876129,13,mitm
2,3,Natural_Global,dst_bytes,0.20197607576847076,11,mitm
2,3,Natural_Global,dst_ip_bytes,0.3801273703575134,7,mitm
2,3,Natural_Global,dst_pkts,0.1676417589187622,12,mitm
2,3,Natural_Global,dst_port,0.996009349822998,1,mitm
2,3,Natural_Global,duration,0.6306301951408386,5,mitm
2,3,Natural_Global,http_method,0.0007586950669065118,24,mitm
2,3,Natural_Global,http_orig_mime_types,0.0,34,mitm
2,3,Natural_Global,http_request_body_len,1.284546306123957e-05,33,mitm
2,3,Natural_Global,http_resp_mime_types,8.04711744422093e-05,30,mitm
2,3,Natural_Global,http_response_body_len,0.000701451615896076,25,mitm
2,3,Natural_Global,http_status_code,0.00391438789665699,22,mitm
2,3,Natural_Global,http_trans_depth,5.1823240937665105e-05,32,mitm
2,3,Natural_Global,http_version,0.0007924385718069971,23,mitm
2,3,Natural_Global,missed_bytes,0.006005801726132631,20,mitm
2,3,Natural_Global,proto,0.2681799530982971,9,mitm
2,3,Natural_Global,service,0.22569897770881653,10,mitm
2,3,Natural_Global,src_bytes,0.4512366056442261,6,mitm
2,3,Natural_Global,src_ip_bytes,0.7209296822547913,3,mitm
2,3,Natural_Global,src_pkts,0.26991936564445496,8,mitm
2,3,Natural_Global,src_port,0.6956568360328674,4,mitm
2,3,Natural_Global,ssl_cipher,0.0006890094955451787,27,mitm
2,3,Natural_Global,ssl_established,7.023569924058393e-05,31,mitm
2,3,Natural_Global,ssl_resumed,0.00011159692076034844,29,mitm
2,3,Natural_Global,ssl_version,0.004639491904526949,21,mitm
2,3,Natural_Global,weird_name,0.0006926152273081243,26,mitm
2,3,Natural_Global,weird_notice,0.00018299651856068522,28,mitm
2,3,Class_Balanced,conn_state,1.4868919849395752,1,mitm
2,3,Class_Balanced,dns_AA,0.014729106798768044,19,mitm
2,3,Class_Balanced,dns_RA,0.1806473433971405,13,mitm
2,3,Class_Balanced,dns_RD,0.07112633436918259,15,mitm
2,3,Class_Balanced,dns_qclass,0.015195762738585472,18,mitm
2,3,Class_Balanced,dns_qtype,0.04544353112578392,17,mitm
2,3,Class_Balanced,dns_rcode,0.06295789778232574,16,mitm
2,3,Class_Balanced,dns_rejected,0.12502028048038483,14,mitm
2,3,Class_Balanced,dst_bytes,0.2862911820411682,9,mitm
2,3,Class_Balanced,dst_ip_bytes,0.47042474150657654,7,mitm
2,3,Class_Balanced,dst_pkts,0.1937757432460785,12,mitm
2,3,Class_Balanced,dst_port,0.9832097887992859,4,mitm
2,3,Class_Balanced,duration,0.7240374684333801,5,mitm
2,3,Class_Balanced,http_method,0.0006696597556583583,24,mitm
2,3,Class_Balanced,http_orig_mime_types,0.0,34,mitm
2,3,Class_Balanced,http_request_body_len,1.3864069842384197e-05,33,mitm
2,3,Class_Balanced,http_resp_mime_types,8.689209062140435e-05,30,mitm
2,3,Class_Balanced,http_response_body_len,0.0004749121144413948,25,mitm
2,3,Class_Balanced,http_status_code,0.0020556608214974403,22,mitm
2,3,Class_Balanced,http_trans_depth,8.143058221321553e-05,31,mitm
2,3,Class_Balanced,http_version,0.00036712788278236985,27,mitm
2,3,Class_Balanced,missed_bytes,0.012354368343949318,20,mitm
2,3,Class_Balanced,proto,0.30684971809387207,8,mitm
2,3,Class_Balanced,service,0.2773975729942322,10,mitm
2,3,Class_Balanced,src_bytes,0.5375235676765442,6,mitm
2,3,Class_Balanced,src_ip_bytes,1.1156260967254639,2,mitm
2,3,Class_Balanced,src_pkts,0.2601378560066223,11,mitm
2,3,Class_Balanced,src_port,1.1153310537338257,3,mitm
2,3,Class_Balanced,ssl_cipher,0.0009908834472298622,23,mitm
2,3,Class_Balanced,ssl_established,0.00012725917622447014,28,mitm
2,3,Class_Balanced,ssl_resumed,6.801311974413693e-05,32,mitm
2,3,Class_Balanced,ssl_version,0.007346530444920063,21,mitm
2,3,Class_Balanced,weird_name,0.00042518635746091604,26,mitm
2,3,Class_Balanced,weird_notice,0.00010230201587546617,29,mitm
2,3,Minority_Diagnostic,conn_state,0.3817925453186035,8,mitm
2,3,Minority_Diagnostic,dns_AA,0.008421736769378185,19,mitm
2,3,Minority_Diagnostic,dns_RA,1.196373462677002,1,mitm
2,3,Minority_Diagnostic,dns_RD,0.11860889941453934,14,mitm
2,3,Minority_Diagnostic,dns_qclass,0.001892650150693953,21,mitm
2,3,Minority_Diagnostic,dns_qtype,0.02702254243195057,17,mitm
2,3,Minority_Diagnostic,dns_rcode,0.004704644903540611,20,mitm
2,3,Minority_Diagnostic,dns_rejected,0.054714396595954895,16,mitm
2,3,Minority_Diagnostic,dst_bytes,0.20686088502407074,11,mitm
2,3,Minority_Diagnostic,dst_ip_bytes,1.1659868955612183,2,mitm
2,3,Minority_Diagnostic,dst_pkts,0.20637013018131256,12,mitm
2,3,Minority_Diagnostic,dst_port,0.15572936832904816,13,mitm
2,3,Minority_Diagnostic,duration,0.5568225383758545,4,mitm
2,3,Minority_Diagnostic,http_method,0.0,23,mitm
2,3,Minority_Diagnostic,http_orig_mime_types,0.0,23,mitm
2,3,Minority_Diagnostic,http_request_body_len,0.0,23,mitm
2,3,Minority_Diagnostic,http_resp_mime_types,0.0,23,mitm
2,3,Minority_Diagnostic,http_response_body_len,0.0,23,mitm
2,3,Minority_Diagnostic,http_status_code,0.0,23,mitm
2,3,Minority_Diagnostic,http_trans_depth,0.0,23,mitm
2,3,Minority_Diagnostic,http_version,0.0,23,mitm
2,3,Minority_Diagnostic,missed_bytes,0.08766981214284897,15,mitm
2,3,Minority_Diagnostic,proto,0.3462356626987457,10,mitm
2,3,Minority_Diagnostic,service,0.9284150004386902,3,mitm
2,3,Minority_Diagnostic,src_bytes,0.37763866782188416,9,mitm
2,3,Minority_Diagnostic,src_ip_bytes,0.3921876549720764,6,mitm
2,3,Minority_Diagnostic,src_pkts,0.5380016565322876,5,mitm
2,3,Minority_Diagnostic,src_port,0.38958752155303955,7,mitm
2,3,Minority_Diagnostic,ssl_cipher,0.0017564023146405816,22,mitm
2,3,Minority_Diagnostic,ssl_established,0.0,23,mitm
2,3,Minority_Diagnostic,ssl_resumed,0.0,23,mitm
2,3,Minority_Diagnostic,ssl_version,0.01830536127090454,18,mitm
2,3,Minority_Diagnostic,weird_name,0.0,23,mitm
2,3,Minority_Diagnostic,weird_notice,0.0,23,mitm
2,4,Natural_Global,conn_state,0.8760114312171936,2,mitm
2,4,Natural_Global,dns_AA,0.022469528019428253,18,mitm
2,4,Natural_Global,dns_RA,0.09341323375701904,13,mitm
2,4,Natural_Global,dns_RD,0.06153704598546028,15,mitm
2,4,Natural_Global,dns_qclass,0.013762490823864937,19,mitm
2,4,Natural_Global,dns_qtype,0.04168432205915451,16,mitm
2,4,Natural_Global,dns_rcode,0.030142318457365036,17,mitm
2,4,Natural_Global,dns_rejected,0.07882192730903625,14,mitm
2,4,Natural_Global,dst_bytes,0.18556520342826843,11,mitm
2,4,Natural_Global,dst_ip_bytes,0.35538268089294434,7,mitm
2,4,Natural_Global,dst_pkts,0.1736823469400406,12,mitm
2,4,Natural_Global,dst_port,0.9808170795440674,1,mitm
2,4,Natural_Global,duration,0.6940919756889343,5,mitm
2,4,Natural_Global,http_method,0.0006212397129274905,27,mitm
2,4,Natural_Global,http_orig_mime_types,0.0,34,mitm
2,4,Natural_Global,http_request_body_len,5.1212141443102155e-06,33,mitm
2,4,Natural_Global,http_resp_mime_types,0.00010154776828130707,30,mitm
2,4,Natural_Global,http_response_body_len,0.0010767936473712325,24,mitm
2,4,Natural_Global,http_status_code,0.004433089401572943,21,mitm
2,4,Natural_Global,http_trans_depth,5.885892824153416e-05,31,mitm
2,4,Natural_Global,http_version,0.0008129136404022574,26,mitm
2,4,Natural_Global,missed_bytes,0.005723326466977596,20,mitm
2,4,Natural_Global,proto,0.29043054580688477,8,mitm
2,4,Natural_Global,service,0.23664914071559906,10,mitm
2,4,Natural_Global,src_bytes,0.42139875888824463,6,mitm
2,4,Natural_Global,src_ip_bytes,0.7532665729522705,3,mitm
2,4,Natural_Global,src_pkts,0.2660951614379883,9,mitm
2,4,Natural_Global,src_port,0.6946377754211426,4,mitm
2,4,Natural_Global,ssl_cipher,0.0008448217995464802,25,mitm
2,4,Natural_Global,ssl_established,1.3066810424788855e-05,32,mitm
2,4,Natural_Global,ssl_resumed,0.00020625632896553725,28,mitm
2,4,Natural_Global,ssl_version,0.004198587033897638,22,mitm
2,4,Natural_Global,weird_name,0.0014469671295955777,23,mitm
2,4,Natural_Global,weird_notice,0.00019125646213069558,29,mitm
2,4,Class_Balanced,conn_state,1.394514799118042,1,mitm
2,4,Class_Balanced,dns_AA,0.019966568797826767,18,mitm
2,4,Class_Balanced,dns_RA,0.10681387037038803,15,mitm
2,4,Class_Balanced,dns_RD,0.12984175980091095,13,mitm
2,4,Class_Balanced,dns_qclass,0.010181702673435211,21,mitm
2,4,Class_Balanced,dns_qtype,0.0527539923787117,17,mitm
2,4,Class_Balanced,dns_rcode,0.07644052058458328,16,mitm
2,4,Class_Balanced,dns_rejected,0.1150389015674591,14,mitm
2,4,Class_Balanced,dst_bytes,0.29655224084854126,10,mitm
2,4,Class_Balanced,dst_ip_bytes,0.44759511947631836,7,mitm
2,4,Class_Balanced,dst_pkts,0.25646331906318665,12,mitm
2,4,Class_Balanced,dst_port,0.9309094548225403,4,mitm
2,4,Class_Balanced,duration,0.7925660610198975,5,mitm
2,4,Class_Balanced,http_method,0.0006901409942656755,26,mitm
2,4,Class_Balanced,http_orig_mime_types,0.0,34,mitm
2,4,Class_Balanced,http_request_body_len,1.7380070858052932e-05,33,mitm
2,4,Class_Balanced,http_resp_mime_types,0.0002591337834019214,29,mitm
2,4,Class_Balanced,http_response_body_len,0.0013602962717413902,24,mitm
2,4,Class_Balanced,http_status_code,0.004255818668752909,22,mitm
2,4,Class_Balanced,http_trans_depth,0.00010903476504608989,30,mitm
2,4,Class_Balanced,http_version,0.001089627156034112,25,mitm
2,4,Class_Balanced,missed_bytes,0.014630342833697796,19,mitm
2,4,Class_Balanced,proto,0.30348122119903564,9,mitm
2,4,Class_Balanced,service,0.30800867080688477,8,mitm
2,4,Class_Balanced,src_bytes,0.5841466188430786,6,mitm
2,4,Class_Balanced,src_ip_bytes,1.1720912456512451,2,mitm
2,4,Class_Balanced,src_pkts,0.26592135429382324,11,mitm
2,4,Class_Balanced,src_port,1.1106147766113281,3,mitm
2,4,Class_Balanced,ssl_cipher,0.002438037423416972,23,mitm
2,4,Class_Balanced,ssl_established,2.3723539925413206e-05,32,mitm
2,4,Class_Balanced,ssl_resumed,0.0005093908403068781,27,mitm
2,4,Class_Balanced,ssl_version,0.013470341451466084,20,mitm
2,4,Class_Balanced,weird_name,0.00042061181738972664,28,mitm
2,4,Class_Balanced,weird_notice,6.027352355886251e-05,31,mitm
2,4,Minority_Diagnostic,conn_state,0.40434494614601135,6,mitm
2,4,Minority_Diagnostic,dns_AA,0.01571543514728546,19,mitm
2,4,Minority_Diagnostic,dns_RA,0.25585314631462097,11,mitm
2,4,Minority_Diagnostic,dns_RD,0.7823171615600586,3,mitm
2,4,Minority_Diagnostic,dns_qclass,0.005694875493645668,21,mitm
2,4,Minority_Diagnostic,dns_qtype,0.020760197192430496,17,mitm
2,4,Minority_Diagnostic,dns_rcode,0.010606891475617886,20,mitm
2,4,Minority_Diagnostic,dns_rejected,0.07001108676195145,16,mitm
2,4,Minority_Diagnostic,dst_bytes,0.2993510663509369,9,mitm
2,4,Minority_Diagnostic,dst_ip_bytes,1.288425326347351,1,mitm
2,4,Minority_Diagnostic,dst_pkts,0.2503647804260254,12,mitm
2,4,Minority_Diagnostic,dst_port,0.24442672729492188,13,mitm
2,4,Minority_Diagnostic,duration,0.6324633359909058,4,mitm
2,4,Minority_Diagnostic,http_method,0.0,24,mitm
2,4,Minority_Diagnostic,http_orig_mime_types,0.0,24,mitm
2,4,Minority_Diagnostic,http_request_body_len,0.0,24,mitm
2,4,Minority_Diagnostic,http_resp_mime_types,0.0,24,mitm
2,4,Minority_Diagnostic,http_response_body_len,0.0,24,mitm
2,4,Minority_Diagnostic,http_status_code,0.0,24,mitm
2,4,Minority_Diagnostic,http_trans_depth,0.0,24,mitm
2,4,Minority_Diagnostic,http_version,0.0,24,mitm
2,4,Minority_Diagnostic,missed_bytes,0.10504767298698425,15,mitm
2,4,Minority_Diagnostic,proto,0.2878035306930542,10,mitm
2,4,Minority_Diagnostic,service,1.008112907409668,2,mitm
2,4,Minority_Diagnostic,src_bytes,0.36195042729377747,7,mitm
2,4,Minority_Diagnostic,src_ip_bytes,0.1982528120279312,14,mitm
2,4,Minority_Diagnostic,src_pkts,0.46999678015708923,5,mitm
2,4,Minority_Diagnostic,src_port,0.337076336145401,8,mitm
2,4,Minority_Diagnostic,ssl_cipher,0.004739317111670971,22,mitm
2,4,Minority_Diagnostic,ssl_established,0.0,24,mitm
2,4,Minority_Diagnostic,ssl_resumed,0.0004814823332708329,23,mitm
2,4,Minority_Diagnostic,ssl_version,0.018180932849645615,18,mitm
2,4,Minority_Diagnostic,weird_name,0.0,24,mitm
2,4,Minority_Diagnostic,weird_notice,0.0,24,mitm
2,5,Natural_Global,conn_state,0.9231380820274353,2,mitm
2,5,Natural_Global,dns_AA,0.02532796561717987,18,mitm
2,5,Natural_Global,dns_RA,0.08803344517946243,13,mitm
2,5,Natural_Global,dns_RD,0.05299645662307739,15,mitm
2,5,Natural_Global,dns_qclass,0.011049766093492508,19,mitm
2,5,Natural_Global,dns_qtype,0.04110707342624664,16,mitm
2,5,Natural_Global,dns_rcode,0.030757321044802666,17,mitm
2,5,Natural_Global,dns_rejected,0.07013791799545288,14,mitm
2,5,Natural_Global,dst_bytes,0.18906651437282562,11,mitm
2,5,Natural_Global,dst_ip_bytes,0.3647572100162506,7,mitm
2,5,Natural_Global,dst_pkts,0.1454298049211502,12,mitm
2,5,Natural_Global,dst_port,0.9852636456489563,1,mitm
2,5,Natural_Global,duration,0.6797630190849304,4,mitm
2,5,Natural_Global,http_method,0.0012385525042191148,23,mitm
2,5,Natural_Global,http_orig_mime_types,9.66800939750101e-07,33,mitm
2,5,Natural_Global,http_request_body_len,6.5461458689242136e-06,32,mitm
2,5,Natural_Global,http_resp_mime_types,0.00016779318684712052,30,mitm
2,5,Natural_Global,http_response_body_len,0.0011114677181467414,25,mitm
2,5,Natural_Global,http_status_code,0.0033566097263246775,22,mitm
2,5,Natural_Global,http_trans_depth,0.0002630456001497805,29,mitm
2,5,Natural_Global,http_version,0.0008958258549682796,27,mitm
2,5,Natural_Global,missed_bytes,0.006610794924199581,20,mitm
2,5,Natural_Global,proto,0.26859840750694275,8,mitm
2,5,Natural_Global,service,0.23261797428131104,10,mitm
2,5,Natural_Global,src_bytes,0.45015090703964233,6,mitm
2,5,Natural_Global,src_ip_bytes,0.73185133934021,3,mitm
2,5,Natural_Global,src_pkts,0.2389724999666214,9,mitm
2,5,Natural_Global,src_port,0.6582368016242981,5,mitm
2,5,Natural_Global,ssl_cipher,0.0010980141814798117,26,mitm
2,5,Natural_Global,ssl_established,0.0,34,mitm
2,5,Natural_Global,ssl_resumed,0.0001046346515067853,31,mitm
2,5,Natural_Global,ssl_version,0.004575504455715418,21,mitm
2,5,Natural_Global,weird_name,0.0012027401244267821,24,mitm
2,5,Natural_Global,weird_notice,0.0002826469426508993,28,mitm
2,5,Class_Balanced,conn_state,1.4666104316711426,1,mitm
2,5,Class_Balanced,dns_AA,0.021797895431518555,18,mitm
2,5,Class_Balanced,dns_RA,0.20268461108207703,13,mitm
2,5,Class_Balanced,dns_RD,0.050577469170093536,16,mitm
2,5,Class_Balanced,dns_qclass,0.008849363774061203,20,mitm
2,5,Class_Balanced,dns_qtype,0.04359468072652817,17,mitm
2,5,Class_Balanced,dns_rcode,0.05326717346906662,15,mitm
2,5,Class_Balanced,dns_rejected,0.07722330093383789,14,mitm
2,5,Class_Balanced,dst_bytes,0.3346661329269409,8,mitm
2,5,Class_Balanced,dst_ip_bytes,0.39341282844543457,7,mitm
2,5,Class_Balanced,dst_pkts,0.22477233409881592,12,mitm
2,5,Class_Balanced,dst_port,0.9293214082717896,4,mitm
2,5,Class_Balanced,duration,0.754172682762146,5,mitm
2,5,Class_Balanced,http_method,0.0007711474318057299,25,mitm
2,5,Class_Balanced,http_orig_mime_types,3.2908781122387154e-06,33,mitm
2,5,Class_Balanced,http_request_body_len,2.480811599525623e-05,32,mitm
2,5,Class_Balanced,http_resp_mime_types,7.232822827063501e-05,31,mitm
2,5,Class_Balanced,http_response_body_len,0.0005778578924946487,27,mitm
2,5,Class_Balanced,http_status_code,0.0014030135935172439,23,mitm
2,5,Class_Balanced,http_trans_depth,0.00015001250721979886,29,mitm
2,5,Class_Balanced,http_version,0.00040871158125810325,28,mitm
2,5,Class_Balanced,missed_bytes,0.016976818442344666,19,mitm
2,5,Class_Balanced,proto,0.30275827646255493,10,mitm
2,5,Class_Balanced,service,0.3261148929595947,9,mitm
2,5,Class_Balanced,src_bytes,0.639432430267334,6,mitm
2,5,Class_Balanced,src_ip_bytes,1.1554272174835205,2,mitm
2,5,Class_Balanced,src_pkts,0.2520516514778137,11,mitm
2,5,Class_Balanced,src_port,1.0209217071533203,3,mitm
2,5,Class_Balanced,ssl_cipher,0.0009223638917319477,24,mitm
2,5,Class_Balanced,ssl_established,0.0,34,mitm
2,5,Class_Balanced,ssl_resumed,7.399036985589191e-05,30,mitm
2,5,Class_Balanced,ssl_version,0.0034372794907540083,21,mitm
2,5,Class_Balanced,weird_name,0.002256933366879821,22,mitm
2,5,Class_Balanced,weird_notice,0.0006223864038474858,26,mitm
2,5,Minority_Diagnostic,conn_state,0.5018782615661621,6,mitm
2,5,Minority_Diagnostic,dns_AA,0.008627597242593765,20,mitm
2,5,Minority_Diagnostic,dns_RA,1.0631657838821411,2,mitm
2,5,Minority_Diagnostic,dns_RD,0.05032442510128021,16,mitm
2,5,Minority_Diagnostic,dns_qclass,0.011973065324127674,19,mitm
2,5,Minority_Diagnostic,dns_qtype,0.014823033474385738,17,mitm
2,5,Minority_Diagnostic,dns_rcode,0.005094791762530804,21,mitm
2,5,Minority_Diagnostic,dns_rejected,0.05586175620555878,15,mitm
2,5,Minority_Diagnostic,dst_bytes,0.325419545173645,8,mitm
2,5,Minority_Diagnostic,dst_ip_bytes,0.8953345417976379,3,mitm
2,5,Minority_Diagnostic,dst_pkts,0.25965994596481323,11,mitm
2,5,Minority_Diagnostic,dst_port,0.2895349860191345,10,mitm
2,5,Minority_Diagnostic,duration,0.5526177883148193,5,mitm
2,5,Minority_Diagnostic,http_method,0.0,23,mitm
2,5,Minority_Diagnostic,http_orig_mime_types,0.0,23,mitm
2,5,Minority_Diagnostic,http_request_body_len,0.0,23,mitm
2,5,Minority_Diagnostic,http_resp_mime_types,0.0,23,mitm
2,5,Minority_Diagnostic,http_response_body_len,0.0,23,mitm
2,5,Minority_Diagnostic,http_status_code,0.0,23,mitm
2,5,Minority_Diagnostic,http_trans_depth,0.0,23,mitm
2,5,Minority_Diagnostic,http_version,0.0,23,mitm
2,5,Minority_Diagnostic,missed_bytes,0.13335061073303223,14,mitm
2,5,Minority_Diagnostic,proto,0.2168882042169571,12,mitm
2,5,Minority_Diagnostic,service,1.1775422096252441,1,mitm
2,5,Minority_Diagnostic,src_bytes,0.41554585099220276,7,mitm
2,5,Minority_Diagnostic,src_ip_bytes,0.15371543169021606,13,mitm
2,5,Minority_Diagnostic,src_pkts,0.6232152581214905,4,mitm
2,5,Minority_Diagnostic,src_port,0.32423990964889526,9,mitm
2,5,Minority_Diagnostic,ssl_cipher,0.004084672313183546,22,mitm
2,5,Minority_Diagnostic,ssl_established,0.0,23,mitm
2,5,Minority_Diagnostic,ssl_resumed,0.0,23,mitm
2,5,Minority_Diagnostic,ssl_version,0.013192233629524708,18,mitm
2,5,Minority_Diagnostic,weird_name,0.0,23,mitm
2,5,Minority_Diagnostic,weird_notice,0.0,23,mitm
3,1,Natural_Global,conn_state,0.8919036984443665,2,mitm
3,1,Natural_Global,dns_AA,0.026334386318922043,18,mitm
3,1,Natural_Global,dns_RA,0.09147630631923676,13,mitm
3,1,Natural_Global,dns_RD,0.0561523474752903,15,mitm
3,1,Natural_Global,dns_qclass,0.007417171262204647,19,mitm
3,1,Natural_Global,dns_qtype,0.031596697866916656,16,mitm
3,1,Natural_Global,dns_rcode,0.030933862552046776,17,mitm
3,1,Natural_Global,dns_rejected,0.08530846983194351,14,mitm
3,1,Natural_Global,dst_bytes,0.18696455657482147,11,mitm
3,1,Natural_Global,dst_ip_bytes,0.36207929253578186,7,mitm
3,1,Natural_Global,dst_pkts,0.17654357850551605,12,mitm
3,1,Natural_Global,dst_port,1.0693812370300293,1,mitm
3,1,Natural_Global,duration,0.6385847330093384,5,mitm
3,1,Natural_Global,http_method,0.0009923495817929506,26,mitm
3,1,Natural_Global,http_orig_mime_types,2.976897576445481e-06,33,mitm
3,1,Natural_Global,http_request_body_len,1.6086994946817867e-05,32,mitm
3,1,Natural_Global,http_resp_mime_types,0.0001258761330973357,30,mitm
3,1,Natural_Global,http_response_body_len,0.0013279583072289824,24,mitm
3,1,Natural_Global,http_status_code,0.00323276175186038,22,mitm
3,1,Natural_Global,http_trans_depth,0.0002280814660480246,29,mitm
3,1,Natural_Global,http_version,0.0014657010324299335,23,mitm
3,1,Natural_Global,missed_bytes,0.0052704038098454475,20,mitm
3,1,Natural_Global,proto,0.2801712155342102,8,mitm
3,1,Natural_Global,service,0.2286653369665146,10,mitm
3,1,Natural_Global,src_bytes,0.48163822293281555,6,mitm
3,1,Natural_Global,src_ip_bytes,0.6840737462043762,4,mitm
3,1,Natural_Global,src_pkts,0.24007944762706757,9,mitm
3,1,Natural_Global,src_port,0.6841372847557068,3,mitm
3,1,Natural_Global,ssl_cipher,0.0005782209918834269,27,mitm
3,1,Natural_Global,ssl_established,0.0,34,mitm
3,1,Natural_Global,ssl_resumed,5.686268559657037e-05,31,mitm
3,1,Natural_Global,ssl_version,0.004355433862656355,21,mitm
3,1,Natural_Global,weird_name,0.0010839109309017658,25,mitm
3,1,Natural_Global,weird_notice,0.00023219030117616057,28,mitm
3,1,Class_Balanced,conn_state,1.5129129886627197,1,mitm
3,1,Class_Balanced,dns_AA,0.0222238190472126,18,mitm
3,1,Class_Balanced,dns_RA,0.21725833415985107,13,mitm
3,1,Class_Balanced,dns_RD,0.059538234025239944,16,mitm
3,1,Class_Balanced,dns_qclass,0.006249844096601009,21,mitm
3,1,Class_Balanced,dns_qtype,0.050108712166547775,17,mitm
3,1,Class_Balanced,dns_rcode,0.08440467715263367,15,mitm
3,1,Class_Balanced,dns_rejected,0.10828031599521637,14,mitm
3,1,Class_Balanced,dst_bytes,0.2851821780204773,9,mitm
3,1,Class_Balanced,dst_ip_bytes,0.43667808175086975,7,mitm
3,1,Class_Balanced,dst_pkts,0.2504183351993561,11,mitm
3,1,Class_Balanced,dst_port,1.0232728719711304,4,mitm
3,1,Class_Balanced,duration,0.7034467458724976,5,mitm
3,1,Class_Balanced,http_method,0.0005328325205482543,26,mitm
3,1,Class_Balanced,http_orig_mime_types,1.3048384062130935e-05,33,mitm
3,1,Class_Balanced,http_request_body_len,5.537721517612226e-05,32,mitm
3,1,Class_Balanced,http_resp_mime_types,0.00023077304649632424,29,mitm
3,1,Class_Balanced,http_response_body_len,0.0013506454415619373,24,mitm
3,1,Class_Balanced,http_status_code,0.001494040247052908,22,mitm
3,1,Class_Balanced,http_trans_depth,0.00014711482799611986,30,mitm
3,1,Class_Balanced,http_version,0.0004891479620710015,27,mitm
3,1,Class_Balanced,missed_bytes,0.007922636345028877,20,mitm
3,1,Class_Balanced,proto,0.3208402097225189,8,mitm
3,1,Class_Balanced,service,0.2737102806568146,10,mitm
3,1,Class_Balanced,src_bytes,0.5886032581329346,6,mitm
3,1,Class_Balanced,src_ip_bytes,1.082680106163025,2,mitm
3,1,Class_Balanced,src_pkts,0.2447686642408371,12,mitm
3,1,Class_Balanced,src_port,1.0317670106887817,3,mitm
3,1,Class_Balanced,ssl_cipher,0.0014661526074633002,23,mitm
3,1,Class_Balanced,ssl_established,0.0,34,mitm
3,1,Class_Balanced,ssl_resumed,0.0001172854972537607,31,mitm
3,1,Class_Balanced,ssl_version,0.010041247121989727,19,mitm
3,1,Class_Balanced,weird_name,0.0010742547456175089,25,mitm
3,1,Class_Balanced,weird_notice,0.00025498936884105206,28,mitm
3,1,Minority_Diagnostic,conn_state,0.27609220147132874,11,mitm
3,1,Minority_Diagnostic,dns_AA,0.01323949545621872,20,mitm
3,1,Minority_Diagnostic,dns_RA,1.334257960319519,1,mitm
3,1,Minority_Diagnostic,dns_RD,0.09059759229421616,14,mitm
3,1,Minority_Diagnostic,dns_qclass,0.014130204916000366,19,mitm
3,1,Minority_Diagnostic,dns_qtype,0.025532888248562813,17,mitm
3,1,Minority_Diagnostic,dns_rcode,0.0026034065522253513,21,mitm
3,1,Minority_Diagnostic,dns_rejected,0.08040930330753326,15,mitm
3,1,Minority_Diagnostic,dst_bytes,0.29602909088134766,9,mitm
3,1,Minority_Diagnostic,dst_ip_bytes,1.054935336112976,2,mitm
3,1,Minority_Diagnostic,dst_pkts,0.4769168496131897,6,mitm
3,1,Minority_Diagnostic,dst_port,0.2473244071006775,13,mitm
3,1,Minority_Diagnostic,duration,0.5167374610900879,5,mitm
3,1,Minority_Diagnostic,http_method,0.0,23,mitm
3,1,Minority_Diagnostic,http_orig_mime_types,0.0,23,mitm
3,1,Minority_Diagnostic,http_request_body_len,0.0,23,mitm
3,1,Minority_Diagnostic,http_resp_mime_types,0.0,23,mitm
3,1,Minority_Diagnostic,http_response_body_len,0.0,23,mitm
3,1,Minority_Diagnostic,http_status_code,0.0,23,mitm
3,1,Minority_Diagnostic,http_trans_depth,0.0,23,mitm
3,1,Minority_Diagnostic,http_version,0.0,23,mitm
3,1,Minority_Diagnostic,missed_bytes,0.04816479608416557,16,mitm
3,1,Minority_Diagnostic,proto,0.2552627623081207,12,mitm
3,1,Minority_Diagnostic,service,0.5664479732513428,4,mitm
3,1,Minority_Diagnostic,src_bytes,0.41630640625953674,7,mitm
3,1,Minority_Diagnostic,src_ip_bytes,0.28154003620147705,10,mitm
3,1,Minority_Diagnostic,src_pkts,0.6874156594276428,3,mitm
3,1,Minority_Diagnostic,src_port,0.35969945788383484,8,mitm
3,1,Minority_Diagnostic,ssl_cipher,0.001265706610865891,22,mitm
3,1,Minority_Diagnostic,ssl_established,0.0,23,mitm
3,1,Minority_Diagnostic,ssl_resumed,0.0,23,mitm
3,1,Minority_Diagnostic,ssl_version,0.01453186385333538,18,mitm
3,1,Minority_Diagnostic,weird_name,0.0,23,mitm
3,1,Minority_Diagnostic,weird_notice,0.0,23,mitm
3,2,Natural_Global,conn_state,0.8918429017066956,2,mitm
3,2,Natural_Global,dns_AA,0.02587079256772995,18,mitm
3,2,Natural_Global,dns_RA,0.0997394546866417,13,mitm
3,2,Natural_Global,dns_RD,0.057380180805921555,15,mitm
3,2,Natural_Global,dns_qclass,0.008503736928105354,19,mitm
3,2,Natural_Global,dns_qtype,0.038038220256567,16,mitm
3,2,Natural_Global,dns_rcode,0.03541818633675575,17,mitm
3,2,Natural_Global,dns_rejected,0.08227336406707764,14,mitm
3,2,Natural_Global,dst_bytes,0.194400817155838,11,mitm
3,2,Natural_Global,dst_ip_bytes,0.40909436345100403,7,mitm
3,2,Natural_Global,dst_pkts,0.14312253892421722,12,mitm
3,2,Natural_Global,dst_port,1.0221022367477417,1,mitm
3,2,Natural_Global,duration,0.6814314723014832,5,mitm
3,2,Natural_Global,http_method,0.001302418764680624,23,mitm
3,2,Natural_Global,http_orig_mime_types,7.177864517871058e-06,33,mitm
3,2,Natural_Global,http_request_body_len,3.469642251729965e-05,32,mitm
3,2,Natural_Global,http_resp_mime_types,0.0002739134361036122,29,mitm
3,2,Natural_Global,http_response_body_len,0.000669709057547152,27,mitm
3,2,Natural_Global,http_status_code,0.004237391985952854,21,mitm
3,2,Natural_Global,http_trans_depth,0.00018423116125632077,30,mitm
3,2,Natural_Global,http_version,0.0008160019642673433,25,mitm
3,2,Natural_Global,missed_bytes,0.006608359050005674,20,mitm
3,2,Natural_Global,proto,0.28228163719177246,8,mitm
3,2,Natural_Global,service,0.22690823674201965,10,mitm
3,2,Natural_Global,src_bytes,0.449657678604126,6,mitm
3,2,Natural_Global,src_ip_bytes,0.716478168964386,3,mitm
3,2,Natural_Global,src_pkts,0.24428141117095947,9,mitm
3,2,Natural_Global,src_port,0.685921311378479,4,mitm
3,2,Natural_Global,ssl_cipher,0.0008911874028854072,24,mitm
3,2,Natural_Global,ssl_established,0.0,34,mitm
3,2,Natural_Global,ssl_resumed,6.734022463206202e-05,31,mitm
3,2,Natural_Global,ssl_version,0.0038272421807050705,22,mitm
3,2,Natural_Global,weird_name,0.0007233743672259152,26,mitm
3,2,Natural_Global,weird_notice,0.0003286173741798848,28,mitm
3,2,Class_Balanced,conn_state,1.5011417865753174,1,mitm
3,2,Class_Balanced,dns_AA,0.020593933761119843,18,mitm
3,2,Class_Balanced,dns_RA,0.22200027108192444,12,mitm
3,2,Class_Balanced,dns_RD,0.0559217669069767,16,mitm
3,2,Class_Balanced,dns_qclass,0.00636164378374815,20,mitm
3,2,Class_Balanced,dns_qtype,0.05383634567260742,17,mitm
3,2,Class_Balanced,dns_rcode,0.07040633261203766,15,mitm
3,2,Class_Balanced,dns_rejected,0.09598273783922195,14,mitm
3,2,Class_Balanced,dst_bytes,0.28269678354263306,10,mitm
3,2,Class_Balanced,dst_ip_bytes,0.48449283838272095,7,mitm
3,2,Class_Balanced,dst_pkts,0.18762809038162231,13,mitm
3,2,Class_Balanced,dst_port,1.025885820388794,4,mitm
3,2,Class_Balanced,duration,0.7142226696014404,5,mitm
3,2,Class_Balanced,http_method,0.0007821490871720016,25,mitm
3,2,Class_Balanced,http_orig_mime_types,3.2091193133965135e-05,32,mitm
3,2,Class_Balanced,http_request_body_len,0.00011293344141449779,31,mitm
3,2,Class_Balanced,http_resp_mime_types,0.00021871841454412788,30,mitm
3,2,Class_Balanced,http_response_body_len,0.000567796581890434,26,mitm
3,2,Class_Balanced,http_status_code,0.002020452404394746,22,mitm
3,2,Class_Balanced,http_trans_depth,0.00021945108892396092,29,mitm
3,2,Class_Balanced,http_version,0.0003271385794505477,28,mitm
3,2,Class_Balanced,missed_bytes,0.005901975091546774,21,mitm
3,2,Class_Balanced,proto,0.3172801434993744,8,mitm
3,2,Class_Balanced,service,0.2918432354927063,9,mitm
3,2,Class_Balanced,src_bytes,0.5708039999008179,6,mitm
3,2,Class_Balanced,src_ip_bytes,1.083579659461975,3,mitm
3,2,Class_Balanced,src_pkts,0.24620553851127625,11,mitm
3,2,Class_Balanced,src_port,1.1546647548675537,2,mitm
3,2,Class_Balanced,ssl_cipher,0.0004377791774459183,27,mitm
3,2,Class_Balanced,ssl_established,0.0,34,mitm
3,2,Class_Balanced,ssl_resumed,2.9744192943326198e-05,33,mitm
3,2,Class_Balanced,ssl_version,0.01165249664336443,19,mitm
3,2,Class_Balanced,weird_name,0.0013704628217965364,23,mitm
3,2,Class_Balanced,weird_notice,0.0009809881448745728,24,mitm
3,2,Minority_Diagnostic,conn_state,0.40882593393325806,6,mitm
3,2,Minority_Diagnostic,dns_AA,0.005878475960344076,21,mitm
3,2,Minority_Diagnostic,dns_RA,1.426964521408081,1,mitm
3,2,Minority_Diagnostic,dns_RD,0.048579782247543335,16,mitm
3,2,Minority_Diagnostic,dns_qclass,0.007663032505661249,19,mitm
3,2,Minority_Diagnostic,dns_qtype,0.03401454910635948,17,mitm
3,2,Minority_Diagnostic,dns_rcode,0.006080857012420893,20,mitm
3,2,Minority_Diagnostic,dns_rejected,0.07718728482723236,15,mitm
3,2,Minority_Diagnostic,dst_bytes,0.351822167634964,8,mitm
3,2,Minority_Diagnostic,dst_ip_bytes,0.9526041150093079,3,mitm
3,2,Minority_Diagnostic,dst_pkts,0.19348059594631195,12,mitm
3,2,Minority_Diagnostic,dst_port,0.15657171607017517,13,mitm
3,2,Minority_Diagnostic,duration,0.5050321221351624,5,mitm
3,2,Minority_Diagnostic,http_method,0.0,22,mitm
3,2,Minority_Diagnostic,http_orig_mime_types,0.0,22,mitm
3,2,Minority_Diagnostic,http_request_body_len,0.0,22,mitm
3,2,Minority_Diagnostic,http_resp_mime_types,0.0,22,mitm
3,2,Minority_Diagnostic,http_response_body_len,0.0,22,mitm
3,2,Minority_Diagnostic,http_status_code,0.0,22,mitm
3,2,Minority_Diagnostic,http_trans_depth,0.0,22,mitm
3,2,Minority_Diagnostic,http_version,0.0,22,mitm
3,2,Minority_Diagnostic,missed_bytes,0.020459914579987526,18,mitm
3,2,Minority_Diagnostic,proto,0.3322179615497589,10,mitm
3,2,Minority_Diagnostic,service,0.9722869396209717,2,mitm
3,2,Minority_Diagnostic,src_bytes,0.34749752283096313,9,mitm
3,2,Minority_Diagnostic,src_ip_bytes,0.19382086396217346,11,mitm
3,2,Minority_Diagnostic,src_pkts,0.60515296459198,4,mitm
3,2,Minority_Diagnostic,src_port,0.3671039044857025,7,mitm
3,2,Minority_Diagnostic,ssl_cipher,0.0,22,mitm
3,2,Minority_Diagnostic,ssl_established,0.0,22,mitm
3,2,Minority_Diagnostic,ssl_resumed,0.0,22,mitm
3,2,Minority_Diagnostic,ssl_version,0.09661119431257248,14,mitm
3,2,Minority_Diagnostic,weird_name,0.0,22,mitm
3,2,Minority_Diagnostic,weird_notice,0.0,22,mitm
3,3,Natural_Global,conn_state,0.9587570428848267,2,mitm
3,3,Natural_Global,dns_AA,0.029188688844442368,18,mitm
3,3,Natural_Global,dns_RA,0.10811027884483337,13,mitm
3,3,Natural_Global,dns_RD,0.05669824779033661,15,mitm
3,3,Natural_Global,dns_qclass,0.009201918728649616,19,mitm
3,3,Natural_Global,dns_qtype,0.04246954247355461,16,mitm
3,3,Natural_Global,dns_rcode,0.03122626803815365,17,mitm
3,3,Natural_Global,dns_rejected,0.08141356706619263,14,mitm
3,3,Natural_Global,dst_bytes,0.19002974033355713,11,mitm
3,3,Natural_Global,dst_ip_bytes,0.387736976146698,7,mitm
3,3,Natural_Global,dst_pkts,0.14831934869289398,12,mitm
3,3,Natural_Global,dst_port,0.9817056655883789,1,mitm
3,3,Natural_Global,duration,0.7142444849014282,3,mitm
3,3,Natural_Global,http_method,3.505563654471189e-05,31,mitm
3,3,Natural_Global,http_orig_mime_types,0.0,33,mitm
3,3,Natural_Global,http_request_body_len,4.895891834166832e-06,32,mitm
3,3,Natural_Global,http_resp_mime_types,9.849558409769088e-05,30,mitm
3,3,Natural_Global,http_response_body_len,0.000194469845155254,26,mitm
3,3,Natural_Global,http_status_code,0.004892563913017511,22,mitm
3,3,Natural_Global,http_trans_depth,0.00018993020057678223,27,mitm
3,3,Natural_Global,http_version,0.0011643479811027646,23,mitm
3,3,Natural_Global,missed_bytes,0.005161029286682606,21,mitm
3,3,Natural_Global,proto,0.2828961908817291,8,mitm
3,3,Natural_Global,service,0.22735412418842316,10,mitm
3,3,Natural_Global,src_bytes,0.4383552372455597,6,mitm
3,3,Natural_Global,src_ip_bytes,0.7113244533538818,4,mitm
3,3,Natural_Global,src_pkts,0.2434542179107666,9,mitm
3,3,Natural_Global,src_port,0.6883172988891602,5,mitm
3,3,Natural_Global,ssl_cipher,0.0007862633210606873,25,mitm
3,3,Natural_Global,ssl_established,0.0,33,mitm
3,3,Natural_Global,ssl_resumed,0.00011164709576405585,29,mitm
3,3,Natural_Global,ssl_version,0.005224528256803751,20,mitm
3,3,Natural_Global,weird_name,0.0010495500173419714,24,mitm
3,3,Natural_Global,weird_notice,0.00011579783313209191,28,mitm
3,3,Class_Balanced,conn_state,1.5264108180999756,1,mitm
3,3,Class_Balanced,dns_AA,0.025282081216573715,18,mitm
3,3,Class_Balanced,dns_RA,0.21939240396022797,11,mitm
3,3,Class_Balanced,dns_RD,0.060556862503290176,17,mitm
3,3,Class_Balanced,dns_qclass,0.0070341103710234165,21,mitm
3,3,Class_Balanced,dns_qtype,0.07059414684772491,16,mitm
3,3,Class_Balanced,dns_rcode,0.0765216052532196,15,mitm
3,3,Class_Balanced,dns_rejected,0.1024937778711319,14,mitm
3,3,Class_Balanced,dst_bytes,0.3147883415222168,10,mitm
3,3,Class_Balanced,dst_ip_bytes,0.4461515545845032,7,mitm
3,3,Class_Balanced,dst_pkts,0.19502076506614685,13,mitm
3,3,Class_Balanced,dst_port,0.9321363568305969,4,mitm
3,3,Class_Balanced,duration,0.8159352540969849,5,mitm
3,3,Class_Balanced,http_method,6.397190009010956e-05,31,mitm
3,3,Class_Balanced,http_orig_mime_types,0.0,33,mitm
3,3,Class_Balanced,http_request_body_len,1.7772003047866747e-05,32,mitm
3,3,Class_Balanced,http_resp_mime_types,0.00015937892021611333,29,mitm
3,3,Class_Balanced,http_response_body_len,0.00020736479200422764,28,mitm
3,3,Class_Balanced,http_status_code,0.0027351381722837687,23,mitm
3,3,Class_Balanced,http_trans_depth,9.213581506628543e-05,30,mitm
3,3,Class_Balanced,http_version,0.0005715584848076105,25,mitm
3,3,Class_Balanced,missed_bytes,0.013841250911355019,20,mitm
3,3,Class_Balanced,proto,0.3364587724208832,8,mitm
3,3,Class_Balanced,service,0.315434992313385,9,mitm
3,3,Class_Balanced,src_bytes,0.5565308332443237,6,mitm
3,3,Class_Balanced,src_ip_bytes,1.0620757341384888,3,mitm
3,3,Class_Balanced,src_pkts,0.21569523215293884,12,mitm
3,3,Class_Balanced,src_port,1.1001948118209839,2,mitm
3,3,Class_Balanced,ssl_cipher,0.0018844855949282646,24,mitm
3,3,Class_Balanced,ssl_established,0.0,33,mitm
3,3,Class_Balanced,ssl_resumed,0.00023085257271304727,27,mitm
3,3,Class_Balanced,ssl_version,0.014204796403646469,19,mitm
3,3,Class_Balanced,weird_name,0.0040947082452476025,22,mitm
3,3,Class_Balanced,weird_notice,0.000436093338066712,26,mitm
3,3,Minority_Diagnostic,conn_state,0.3678651750087738,7,mitm
3,3,Minority_Diagnostic,dns_AA,0.007811453193426132,19,mitm
3,3,Minority_Diagnostic,dns_RA,1.2568327188491821,1,mitm
3,3,Minority_Diagnostic,dns_RD,0.029015254229307175,16,mitm
3,3,Minority_Diagnostic,dns_qclass,0.005235143005847931,20,mitm
3,3,Minority_Diagnostic,dns_qtype,0.01687406376004219,18,mitm
3,3,Minority_Diagnostic,dns_rcode,0.0,22,mitm
3,3,Minority_Diagnostic,dns_rejected,0.09115125983953476,15,mitm
3,3,Minority_Diagnostic,dst_bytes,0.2092628926038742,12,mitm
3,3,Minority_Diagnostic,dst_ip_bytes,0.7835186719894409,3,mitm
3,3,Minority_Diagnostic,dst_pkts,0.27772819995880127,10,mitm
3,3,Minority_Diagnostic,dst_port,0.2923513650894165,9,mitm
3,3,Minority_Diagnostic,duration,0.5430650115013123,5,mitm
3,3,Minority_Diagnostic,http_method,0.0,22,mitm
3,3,Minority_Diagnostic,http_orig_mime_types,0.0,22,mitm
3,3,Minority_Diagnostic,http_request_body_len,0.0,22,mitm
3,3,Minority_Diagnostic,http_resp_mime_types,0.0,22,mitm
3,3,Minority_Diagnostic,http_response_body_len,0.0,22,mitm
3,3,Minority_Diagnostic,http_status_code,0.0,22,mitm
3,3,Minority_Diagnostic,http_trans_depth,0.0,22,mitm
3,3,Minority_Diagnostic,http_version,0.0,22,mitm
3,3,Minority_Diagnostic,missed_bytes,0.10531164705753326,14,mitm
3,3,Minority_Diagnostic,proto,0.25508201122283936,11,mitm
3,3,Minority_Diagnostic,service,1.198832392692566,2,mitm
3,3,Minority_Diagnostic,src_bytes,0.5007550716400146,6,mitm
3,3,Minority_Diagnostic,src_ip_bytes,0.14082980155944824,13,mitm
3,3,Minority_Diagnostic,src_pkts,0.5888765454292297,4,mitm
3,3,Minority_Diagnostic,src_port,0.34860244393348694,8,mitm
3,3,Minority_Diagnostic,ssl_cipher,0.0003641492803581059,21,mitm
3,3,Minority_Diagnostic,ssl_established,0.0,22,mitm
3,3,Minority_Diagnostic,ssl_resumed,0.0,22,mitm
3,3,Minority_Diagnostic,ssl_version,0.020437097176909447,17,mitm
3,3,Minority_Diagnostic,weird_name,0.0,22,mitm
3,3,Minority_Diagnostic,weird_notice,0.0,22,mitm
3,4,Natural_Global,conn_state,0.8817707896232605,2,mitm
3,4,Natural_Global,dns_AA,0.023890431970357895,18,mitm
3,4,Natural_Global,dns_RA,0.09958521276712418,13,mitm
3,4,Natural_Global,dns_RD,0.06157972291111946,15,mitm
3,4,Natural_Global,dns_qclass,0.009194080717861652,19,mitm
3,4,Natural_Global,dns_qtype,0.034328144043684006,16,mitm
3,4,Natural_Global,dns_rcode,0.03368045389652252,17,mitm
3,4,Natural_Global,dns_rejected,0.07618816941976547,14,mitm
3,4,Natural_Global,dst_bytes,0.19218479096889496,11,mitm
3,4,Natural_Global,dst_ip_bytes,0.40723833441734314,7,mitm
3,4,Natural_Global,dst_pkts,0.1588282734155655,12,mitm
3,4,Natural_Global,dst_port,0.9593445658683777,1,mitm
3,4,Natural_Global,duration,0.6984602212905884,5,mitm
3,4,Natural_Global,http_method,0.0006322281551547348,26,mitm
3,4,Natural_Global,http_orig_mime_types,1.035415698424913e-05,34,mitm
3,4,Natural_Global,http_request_body_len,5.9209698520135134e-05,33,mitm
3,4,Natural_Global,http_resp_mime_types,0.0002669122186489403,29,mitm
3,4,Natural_Global,http_response_body_len,0.0013615129282698035,24,mitm
3,4,Natural_Global,http_status_code,0.003283304627984762,22,mitm
3,4,Natural_Global,http_trans_depth,9.879934077616781e-05,32,mitm
3,4,Natural_Global,http_version,0.0005995556130073965,27,mitm
3,4,Natural_Global,missed_bytes,0.004141544457525015,21,mitm
3,4,Natural_Global,proto,0.2681388854980469,8,mitm
3,4,Natural_Global,service,0.2214408963918686,10,mitm
3,4,Natural_Global,src_bytes,0.4427488148212433,6,mitm
3,4,Natural_Global,src_ip_bytes,0.7312767505645752,3,mitm
3,4,Natural_Global,src_pkts,0.25711920857429504,9,mitm
3,4,Natural_Global,src_port,0.7022914290428162,4,mitm
3,4,Natural_Global,ssl_cipher,0.0022151991724967957,23,mitm
3,4,Natural_Global,ssl_established,0.00014545895101036876,31,mitm
3,4,Natural_Global,ssl_resumed,0.0004163067787885666,28,mitm
3,4,Natural_Global,ssl_version,0.005588177125900984,20,mitm
3,4,Natural_Global,weird_name,0.0009680534130893648,25,mitm
3,4,Natural_Global,weird_notice,0.00014887042925693095,30,mitm
3,4,Class_Balanced,conn_state,1.4321585893630981,1,mitm
3,4,Class_Balanced,dns_AA,0.01930886134505272,18,mitm
3,4,Class_Balanced,dns_RA,0.2256128340959549,13,mitm
3,4,Class_Balanced,dns_RD,0.06092515587806702,15,mitm
3,4,Class_Balanced,dns_qclass,0.007241179700940847,20,mitm
3,4,Class_Balanced,dns_qtype,0.050948966294527054,17,mitm
3,4,Class_Balanced,dns_rcode,0.05419852212071419,16,mitm
3,4,Class_Balanced,dns_rejected,0.0776582881808281,14,mitm
3,4,Class_Balanced,dst_bytes,0.381905734539032,8,mitm
3,4,Class_Balanced,dst_ip_bytes,0.3972494304180145,7,mitm
3,4,Class_Balanced,dst_pkts,0.22667542099952698,12,mitm
3,4,Class_Balanced,dst_port,0.9021691083908081,4,mitm
3,4,Class_Balanced,duration,0.7516995668411255,5,mitm
3,4,Class_Balanced,http_method,0.000979344709776342,26,mitm
3,4,Class_Balanced,http_orig_mime_types,9.307887012255378e-06,34,mitm
3,4,Class_Balanced,http_request_body_len,0.00015639353659935296,32,mitm
3,4,Class_Balanced,http_resp_mime_types,0.0004300380533095449,28,mitm
3,4,Class_Balanced,http_response_body_len,0.0021456475369632244,23,mitm
3,4,Class_Balanced,http_status_code,0.0050520626828074455,21,mitm
3,4,Class_Balanced,http_trans_depth,0.00020092807244509459,31,mitm
3,4,Class_Balanced,http_version,0.0009961442556232214,25,mitm
3,4,Class_Balanced,missed_bytes,0.012572573497891426,19,mitm
3,4,Class_Balanced,proto,0.2842068076133728,9,mitm
3,4,Class_Balanced,service,0.27381575107574463,10,mitm
3,4,Class_Balanced,src_bytes,0.61846923828125,6,mitm
3,4,Class_Balanced,src_ip_bytes,1.1197865009307861,2,mitm
3,4,Class_Balanced,src_pkts,0.24059133231639862,11,mitm
3,4,Class_Balanced,src_port,1.0914294719696045,3,mitm
3,4,Class_Balanced,ssl_cipher,0.00092995201703161,27,mitm
3,4,Class_Balanced,ssl_established,4.09673921240028e-05,33,mitm
3,4,Class_Balanced,ssl_resumed,0.0003765638102777302,29,mitm
3,4,Class_Balanced,ssl_version,0.0034565459936857224,22,mitm
3,4,Class_Balanced,weird_name,0.0016755349934101105,24,mitm
3,4,Class_Balanced,weird_notice,0.00024237346951849759,30,mitm
3,4,Minority_Diagnostic,conn_state,0.31332147121429443,9,mitm
3,4,Minority_Diagnostic,dns_AA,0.012621482834219933,19,mitm
3,4,Minority_Diagnostic,dns_RA,1.4323786497116089,1,mitm
3,4,Minority_Diagnostic,dns_RD,0.02626003324985504,16,mitm
3,4,Minority_Diagnostic,dns_qclass,0.00699103157967329,20,mitm
3,4,Minority_Diagnostic,dns_qtype,0.022072048857808113,17,mitm
3,4,Minority_Diagnostic,dns_rcode,0.0017425146652385592,23,mitm
3,4,Minority_Diagnostic,dns_rejected,0.09303196519613266,14,mitm
3,4,Minority_Diagnostic,dst_bytes,0.8057867288589478,2,mitm
3,4,Minority_Diagnostic,dst_ip_bytes,0.520866334438324,5,mitm
3,4,Minority_Diagnostic,dst_pkts,0.2935667037963867,10,mitm
3,4,Minority_Diagnostic,dst_port,0.15297335386276245,13,mitm
3,4,Minority_Diagnostic,duration,0.6014801263809204,4,mitm
3,4,Minority_Diagnostic,http_method,0.0,24,mitm
3,4,Minority_Diagnostic,http_orig_mime_types,0.0,24,mitm
3,4,Minority_Diagnostic,http_request_body_len,0.0,24,mitm
3,4,Minority_Diagnostic,http_resp_mime_types,0.0,24,mitm
3,4,Minority_Diagnostic,http_response_body_len,0.0,24,mitm
3,4,Minority_Diagnostic,http_status_code,0.0,24,mitm
3,4,Minority_Diagnostic,http_trans_depth,0.0,24,mitm
3,4,Minority_Diagnostic,http_version,0.0,24,mitm
3,4,Minority_Diagnostic,missed_bytes,0.07334478199481964,15,mitm
3,4,Minority_Diagnostic,proto,0.22250407934188843,11,mitm
3,4,Minority_Diagnostic,service,0.7802798748016357,3,mitm
3,4,Minority_Diagnostic,src_bytes,0.41961219906806946,7,mitm
3,4,Minority_Diagnostic,src_ip_bytes,0.21700787544250488,12,mitm
3,4,Minority_Diagnostic,src_pkts,0.4812411367893219,6,mitm
3,4,Minority_Diagnostic,src_port,0.35694578289985657,8,mitm
3,4,Minority_Diagnostic,ssl_cipher,0.0021129369270056486,22,mitm
3,4,Minority_Diagnostic,ssl_established,0.0,24,mitm
3,4,Minority_Diagnostic,ssl_resumed,0.0026229170616716146,21,mitm
3,4,Minority_Diagnostic,ssl_version,0.013342631980776787,18,mitm
3,4,Minority_Diagnostic,weird_name,0.0,24,mitm
3,4,Minority_Diagnostic,weird_notice,0.0,24,mitm
3,5,Natural_Global,conn_state,0.8973039388656616,2,mitm
3,5,Natural_Global,dns_AA,0.02049059048295021,18,mitm
3,5,Natural_Global,dns_RA,0.10523959994316101,13,mitm
3,5,Natural_Global,dns_RD,0.05672527849674225,15,mitm
3,5,Natural_Global,dns_qclass,0.008407914079725742,19,mitm
3,5,Natural_Global,dns_qtype,0.038324203342199326,16,mitm
3,5,Natural_Global,dns_rcode,0.03210661932826042,17,mitm
3,5,Natural_Global,dns_rejected,0.08955463767051697,14,mitm
3,5,Natural_Global,dst_bytes,0.16505369544029236,12,mitm
3,5,Natural_Global,dst_ip_bytes,0.4073655307292938,7,mitm
3,5,Natural_Global,dst_pkts,0.17444726824760437,11,mitm
3,5,Natural_Global,dst_port,0.9575868248939514,1,mitm
3,5,Natural_Global,duration,0.6669259667396545,5,mitm
3,5,Natural_Global,http_method,0.0012448638444766402,24,mitm
3,5,Natural_Global,http_orig_mime_types,1.8156673604607931e-06,34,mitm
3,5,Natural_Global,http_request_body_len,1.7334317817585543e-05,33,mitm
3,5,Natural_Global,http_resp_mime_types,8.295512816403061e-05,31,mitm
3,5,Natural_Global,http_response_body_len,0.0006111270631663501,26,mitm
3,5,Natural_Global,http_status_code,0.0029628744814544916,22,mitm
3,5,Natural_Global,http_trans_depth,0.00018589130195323378,29,mitm
3,5,Natural_Global,http_version,0.0006863123853690922,25,mitm
3,5,Natural_Global,missed_bytes,0.005980180576443672,20,mitm
3,5,Natural_Global,proto,0.2823505401611328,8,mitm
3,5,Natural_Global,service,0.24094872176647186,10,mitm
3,5,Natural_Global,src_bytes,0.44635531306266785,6,mitm
3,5,Natural_Global,src_ip_bytes,0.7331300973892212,3,mitm
3,5,Natural_Global,src_pkts,0.25729039311408997,9,mitm
3,5,Natural_Global,src_port,0.6891247034072876,4,mitm
3,5,Natural_Global,ssl_cipher,0.0005217809812165797,27,mitm
3,5,Natural_Global,ssl_established,6.822218711022288e-05,32,mitm
3,5,Natural_Global,ssl_resumed,0.00013837387086823583,30,mitm
3,5,Natural_Global,ssl_version,0.00405947957187891,21,mitm
3,5,Natural_Global,weird_name,0.001278977608308196,23,mitm
3,5,Natural_Global,weird_notice,0.000187634868780151,28,mitm
3,5,Class_Balanced,conn_state,1.5025122165679932,1,mitm
3,5,Class_Balanced,dns_AA,0.016823092475533485,18,mitm
3,5,Class_Balanced,dns_RA,0.11321181058883667,14,mitm
3,5,Class_Balanced,dns_RD,0.05646497383713722,16,mitm
3,5,Class_Balanced,dns_qclass,0.0056449044495821,21,mitm
3,5,Class_Balanced,dns_qtype,0.04537148028612137,17,mitm
3,5,Class_Balanced,dns_rcode,0.07545720785856247,15,mitm
3,5,Class_Balanced,dns_rejected,0.16264092922210693,13,mitm
3,5,Class_Balanced,dst_bytes,0.28110915422439575,10,mitm
3,5,Class_Balanced,dst_ip_bytes,0.4896935820579529,7,mitm
3,5,Class_Balanced,dst_pkts,0.2666780352592468,11,mitm
3,5,Class_Balanced,dst_port,0.8512037992477417,4,mitm
3,5,Class_Balanced,duration,0.7491181492805481,5,mitm
3,5,Class_Balanced,http_method,0.0014222606550902128,23,mitm
3,5,Class_Balanced,http_orig_mime_types,5.512063125934219e-06,34,mitm
3,5,Class_Balanced,http_request_body_len,4.277863627066836e-05,33,mitm
3,5,Class_Balanced,http_resp_mime_types,0.0001724425092106685,29,mitm
3,5,Class_Balanced,http_response_body_len,0.000744685297831893,25,mitm
3,5,Class_Balanced,http_status_code,0.003268196014687419,22,mitm
3,5,Class_Balanced,http_trans_depth,0.00031781793222762644,28,mitm
3,5,Class_Balanced,http_version,0.0005284391227178276,26,mitm
3,5,Class_Balanced,missed_bytes,0.013160184025764465,20,mitm
3,5,Class_Balanced,proto,0.3214094042778015,8,mitm
3,5,Class_Balanced,service,0.3062841296195984,9,mitm
3,5,Class_Balanced,src_bytes,0.5554410815238953,6,mitm
3,5,Class_Balanced,src_ip_bytes,1.1400010585784912,2,mitm
3,5,Class_Balanced,src_pkts,0.2600119709968567,12,mitm
3,5,Class_Balanced,src_port,1.095219612121582,3,mitm
3,5,Class_Balanced,ssl_cipher,0.0007806327193975449,24,mitm
3,5,Class_Balanced,ssl_established,0.00012624016380868852,31,mitm
3,5,Class_Balanced,ssl_resumed,0.00016010075341910124,30,mitm
3,5,Class_Balanced,ssl_version,0.015635456889867783,19,mitm
3,5,Class_Balanced,weird_name,0.0004183183191344142,27,mitm
3,5,Class_Balanced,weird_notice,4.830589750781655e-05,32,mitm
3,5,Minority_Diagnostic,conn_state,0.4771846532821655,7,mitm
3,5,Minority_Diagnostic,dns_AA,0.012921932153403759,19,mitm
3,5,Minority_Diagnostic,dns_RA,0.27847611904144287,11,mitm
3,5,Minority_Diagnostic,dns_RD,0.06411720812320709,16,mitm
3,5,Minority_Diagnostic,dns_qclass,0.003329038619995117,21,mitm
3,5,Minority_Diagnostic,dns_qtype,0.031989436596632004,18,mitm
3,5,Minority_Diagnostic,dns_rcode,0.007653133478015661,20,mitm
3,5,Minority_Diagnostic,dns_rejected,0.6283972263336182,4,mitm
3,5,Minority_Diagnostic,dst_bytes,0.27515968680381775,12,mitm
3,5,Minority_Diagnostic,dst_ip_bytes,1.0320141315460205,2,mitm
3,5,Minority_Diagnostic,dst_pkts,0.5583611726760864,5,mitm
3,5,Minority_Diagnostic,dst_port,0.1507502943277359,14,mitm
3,5,Minority_Diagnostic,duration,0.5382819771766663,6,mitm
3,5,Minority_Diagnostic,http_method,0.0,22,mitm
3,5,Minority_Diagnostic,http_orig_mime_types,0.0,22,mitm
3,5,Minority_Diagnostic,http_request_body_len,0.0,22,mitm
3,5,Minority_Diagnostic,http_resp_mime_types,0.0,22,mitm
3,5,Minority_Diagnostic,http_response_body_len,0.0,22,mitm
3,5,Minority_Diagnostic,http_status_code,0.0,22,mitm
3,5,Minority_Diagnostic,http_trans_depth,0.0,22,mitm
3,5,Minority_Diagnostic,http_version,0.0,22,mitm
3,5,Minority_Diagnostic,missed_bytes,0.059297896921634674,17,mitm
3,5,Minority_Diagnostic,proto,0.36620163917541504,10,mitm
3,5,Minority_Diagnostic,service,1.0491797924041748,1,mitm
3,5,Minority_Diagnostic,src_bytes,0.3985207676887512,8,mitm
3,5,Minority_Diagnostic,src_ip_bytes,0.24347199499607086,13,mitm
3,5,Minority_Diagnostic,src_pkts,0.6565550565719604,3,mitm
3,5,Minority_Diagnostic,src_port,0.3759584128856659,9,mitm
3,5,Minority_Diagnostic,ssl_cipher,0.0,22,mitm
3,5,Minority_Diagnostic,ssl_established,0.0,22,mitm
3,5,Minority_Diagnostic,ssl_resumed,0.0,22,mitm
3,5,Minority_Diagnostic,ssl_version,0.10313323885202408,15,mitm
3,5,Minority_Diagnostic,weird_name,0.0,22,mitm
3,5,Minority_Diagnostic,weird_notice,0.0,22,mitm
4,1,Natural_Global,conn_state,0.9028176069259644,2,mitm
4,1,Natural_Global,dns_AA,0.0242326557636261,18,mitm
4,1,Natural_Global,dns_RA,0.1033698245882988,13,mitm
4,1,Natural_Global,dns_RD,0.06727767735719681,15,mitm
4,1,Natural_Global,dns_qclass,0.00782331544905901,19,mitm
4,1,Natural_Global,dns_qtype,0.04343882575631142,16,mitm
4,1,Natural_Global,dns_rcode,0.030111834406852722,17,mitm
4,1,Natural_Global,dns_rejected,0.0880945473909378,14,mitm
4,1,Natural_Global,dst_bytes,0.21211716532707214,10,mitm
4,1,Natural_Global,dst_ip_bytes,0.36184370517730713,7,mitm
4,1,Natural_Global,dst_pkts,0.15424084663391113,12,mitm
4,1,Natural_Global,dst_port,0.9756583571434021,1,mitm
4,1,Natural_Global,duration,0.6542302370071411,4,mitm
4,1,Natural_Global,http_method,0.00056982331443578,26,mitm
4,1,Natural_Global,http_orig_mime_types,0.0,33,mitm
4,1,Natural_Global,http_request_body_len,0.0,33,mitm
4,1,Natural_Global,http_resp_mime_types,0.0001437126484233886,30,mitm
4,1,Natural_Global,http_response_body_len,0.0006804158911108971,24,mitm
4,1,Natural_Global,http_status_code,0.004482032731175423,21,mitm
4,1,Natural_Global,http_trans_depth,3.1530151318293065e-05,32,mitm
4,1,Natural_Global,http_version,0.0005697963060811162,27,mitm
4,1,Natural_Global,missed_bytes,0.004552068188786507,20,mitm
4,1,Natural_Global,proto,0.2784542739391327,8,mitm
4,1,Natural_Global,service,0.2116367220878601,11,mitm
4,1,Natural_Global,src_bytes,0.43988847732543945,6,mitm
4,1,Natural_Global,src_ip_bytes,0.7813781499862671,3,mitm
4,1,Natural_Global,src_pkts,0.26110729575157166,9,mitm
4,1,Natural_Global,src_port,0.6479374766349792,5,mitm
4,1,Natural_Global,ssl_cipher,0.0008266035583801568,23,mitm
4,1,Natural_Global,ssl_established,0.00013729013153351843,31,mitm
4,1,Natural_Global,ssl_resumed,0.0002393154863966629,28,mitm
4,1,Natural_Global,ssl_version,0.004267560318112373,22,mitm
4,1,Natural_Global,weird_name,0.0006562459748238325,25,mitm
4,1,Natural_Global,weird_notice,0.00015273915778379887,29,mitm
4,1,Class_Balanced,conn_state,1.4370439052581787,1,mitm
4,1,Class_Balanced,dns_AA,0.02387327328324318,18,mitm
4,1,Class_Balanced,dns_RA,0.22091251611709595,13,mitm
4,1,Class_Balanced,dns_RD,0.06822916120290756,15,mitm
4,1,Class_Balanced,dns_qclass,0.006017143372446299,21,mitm
4,1,Class_Balanced,dns_qtype,0.04391102492809296,17,mitm
4,1,Class_Balanced,dns_rcode,0.06606538593769073,16,mitm
4,1,Class_Balanced,dns_rejected,0.10987647622823715,14,mitm
4,1,Class_Balanced,dst_bytes,0.31656062602996826,8,mitm
4,1,Class_Balanced,dst_ip_bytes,0.4423467218875885,7,mitm
4,1,Class_Balanced,dst_pkts,0.22430741786956787,12,mitm
4,1,Class_Balanced,dst_port,0.9758342504501343,4,mitm
4,1,Class_Balanced,duration,0.7224327325820923,5,mitm
4,1,Class_Balanced,http_method,0.00036300261854194105,27,mitm
4,1,Class_Balanced,http_orig_mime_types,0.0,33,mitm
4,1,Class_Balanced,http_request_body_len,0.0,33,mitm
4,1,Class_Balanced,http_resp_mime_types,0.0002078558609355241,31,mitm
4,1,Class_Balanced,http_response_body_len,0.0005042225238867104,25,mitm
4,1,Class_Balanced,http_status_code,0.002483522752299905,22,mitm
4,1,Class_Balanced,http_trans_depth,0.000109007021819707,32,mitm
4,1,Class_Balanced,http_version,0.0002661908511072397,29,mitm
4,1,Class_Balanced,missed_bytes,0.013411601074039936,19,mitm
4,1,Class_Balanced,proto,0.31471237540245056,9,mitm
4,1,Class_Balanced,service,0.2743358016014099,10,mitm
4,1,Class_Balanced,src_bytes,0.5599318146705627,6,mitm
4,1,Class_Balanced,src_ip_bytes,1.1607320308685303,2,mitm
4,1,Class_Balanced,src_pkts,0.24708625674247742,11,mitm
4,1,Class_Balanced,src_port,1.0334603786468506,3,mitm
4,1,Class_Balanced,ssl_cipher,0.0011430858867242932,24,mitm
4,1,Class_Balanced,ssl_established,0.0002577635459601879,30,mitm
4,1,Class_Balanced,ssl_resumed,0.00039233319694176316,26,mitm
4,1,Class_Balanced,ssl_version,0.006877940613776445,20,mitm
4,1,Class_Balanced,weird_name,0.0014520244440063834,23,mitm
4,1,Class_Balanced,weird_notice,0.0002944152511190623,28,mitm
4,1,Minority_Diagnostic,conn_state,0.30106931924819946,10,mitm
4,1,Minority_Diagnostic,dns_AA,0.03151591494679451,17,mitm
4,1,Minority_Diagnostic,dns_RA,1.4035134315490723,1,mitm
4,1,Minority_Diagnostic,dns_RD,0.05470734462141991,15,mitm
4,1,Minority_Diagnostic,dns_qclass,0.0013016056036576629,21,mitm
4,1,Minority_Diagnostic,dns_qtype,0.029709793627262115,18,mitm
4,1,Minority_Diagnostic,dns_rcode,0.000876716454513371,22,mitm
4,1,Minority_Diagnostic,dns_rejected,0.05357128381729126,16,mitm
4,1,Minority_Diagnostic,dst_bytes,0.3208412826061249,9,mitm
4,1,Minority_Diagnostic,dst_ip_bytes,1.1680270433425903,2,mitm
4,1,Minority_Diagnostic,dst_pkts,0.3755037486553192,7,mitm
4,1,Minority_Diagnostic,dst_port,0.26025548577308655,12,mitm
4,1,Minority_Diagnostic,duration,0.4702939987182617,5,mitm
4,1,Minority_Diagnostic,http_method,0.0,24,mitm
4,1,Minority_Diagnostic,http_orig_mime_types,0.0,24,mitm
4,1,Minority_Diagnostic,http_request_body_len,0.0,24,mitm
4,1,Minority_Diagnostic,http_resp_mime_types,0.0,24,mitm
4,1,Minority_Diagnostic,http_response_body_len,0.0,24,mitm
4,1,Minority_Diagnostic,http_status_code,0.0,24,mitm
4,1,Minority_Diagnostic,http_trans_depth,0.0,24,mitm
4,1,Minority_Diagnostic,http_version,0.0,24,mitm
4,1,Minority_Diagnostic,missed_bytes,0.09688181430101395,14,mitm
4,1,Minority_Diagnostic,proto,0.14678911864757538,13,mitm
4,1,Minority_Diagnostic,service,0.846510648727417,3,mitm
4,1,Minority_Diagnostic,src_bytes,0.3368505835533142,8,mitm
4,1,Minority_Diagnostic,src_ip_bytes,0.28527116775512695,11,mitm
4,1,Minority_Diagnostic,src_pkts,0.47064483165740967,4,mitm
4,1,Minority_Diagnostic,src_port,0.41334450244903564,6,mitm
4,1,Minority_Diagnostic,ssl_cipher,0.0008066336158663034,23,mitm
4,1,Minority_Diagnostic,ssl_established,0.0014647501520812511,20,mitm
4,1,Minority_Diagnostic,ssl_resumed,0.0,24,mitm
4,1,Minority_Diagnostic,ssl_version,0.016033653169870377,19,mitm
4,1,Minority_Diagnostic,weird_name,0.0,24,mitm
4,1,Minority_Diagnostic,weird_notice,0.0,24,mitm
4,2,Natural_Global,conn_state,0.9191574454307556,2,mitm
4,2,Natural_Global,dns_AA,0.02451038360595703,18,mitm
4,2,Natural_Global,dns_RA,0.08672584593296051,13,mitm
4,2,Natural_Global,dns_RD,0.05732274428009987,15,mitm
4,2,Natural_Global,dns_qclass,0.008267107419669628,20,mitm
4,2,Natural_Global,dns_qtype,0.03638922795653343,16,mitm
4,2,Natural_Global,dns_rcode,0.030475685372948647,17,mitm
4,2,Natural_Global,dns_rejected,0.08322186022996902,14,mitm
4,2,Natural_Global,dst_bytes,0.19857051968574524,11,mitm
4,2,Natural_Global,dst_ip_bytes,0.3966810703277588,7,mitm
4,2,Natural_Global,dst_pkts,0.14600802958011627,12,mitm
4,2,Natural_Global,dst_port,0.9650643467903137,1,mitm
4,2,Natural_Global,duration,0.6837755441665649,4,mitm
4,2,Natural_Global,http_method,0.0011387948179617524,23,mitm
4,2,Natural_Global,http_orig_mime_types,0.0,33,mitm
4,2,Natural_Global,http_request_body_len,0.0,33,mitm
4,2,Natural_Global,http_resp_mime_types,0.0001816485309973359,29,mitm
4,2,Natural_Global,http_response_body_len,0.0007910861168056726,25,mitm
4,2,Natural_Global,http_status_code,0.004899161867797375,21,mitm
4,2,Natural_Global,http_trans_depth,0.00021619517065118998,28,mitm
4,2,Natural_Global,http_version,0.0007069347193464637,26,mitm
4,2,Natural_Global,missed_bytes,0.008894857950508595,19,mitm
4,2,Natural_Global,proto,0.28836923837661743,8,mitm
4,2,Natural_Global,service,0.21949711441993713,10,mitm
4,2,Natural_Global,src_bytes,0.44501587748527527,6,mitm
4,2,Natural_Global,src_ip_bytes,0.7394583225250244,3,mitm
4,2,Natural_Global,src_pkts,0.24139069020748138,9,mitm
4,2,Natural_Global,src_port,0.6827911138534546,5,mitm
4,2,Natural_Global,ssl_cipher,0.0009544534841552377,24,mitm
4,2,Natural_Global,ssl_established,5.036599759478122e-05,32,mitm
4,2,Natural_Global,ssl_resumed,0.0001489257119828835,31,mitm
4,2,Natural_Global,ssl_version,0.004617375787347555,22,mitm
4,2,Natural_Global,weird_name,0.0006949336384423077,27,mitm
4,2,Natural_Global,weird_notice,0.00017952219059225172,30,mitm
4,2,Class_Balanced,conn_state,1.4962552785873413,1,mitm
4,2,Class_Balanced,dns_AA,0.01771751046180725,18,mitm
4,2,Class_Balanced,dns_RA,0.20915603637695312,13,mitm
4,2,Class_Balanced,dns_RD,0.060757528990507126,16,mitm
4,2,Class_Balanced,dns_qclass,0.009712323546409607,19,mitm
4,2,Class_Balanced,dns_qtype,0.06134307384490967,15,mitm
4,2,Class_Balanced,dns_rcode,0.0502624437212944,17,mitm
4,2,Class_Balanced,dns_rejected,0.09652331471443176,14,mitm
4,2,Class_Balanced,dst_bytes,0.3027046322822571,9,mitm
4,2,Class_Balanced,dst_ip_bytes,0.4654480516910553,7,mitm
4,2,Class_Balanced,dst_pkts,0.2202744036912918,12,mitm
4,2,Class_Balanced,dst_port,0.9019320607185364,4,mitm
4,2,Class_Balanced,duration,0.7903084754943848,5,mitm
4,2,Class_Balanced,http_method,0.000795088242739439,24,mitm
4,2,Class_Balanced,http_orig_mime_types,0.0,33,mitm
4,2,Class_Balanced,http_request_body_len,0.0,33,mitm
4,2,Class_Balanced,http_resp_mime_types,0.00010442653729114681,30,mitm
4,2,Class_Balanced,http_response_body_len,0.0004997272044420242,26,mitm
4,2,Class_Balanced,http_status_code,0.0020456728525459766,22,mitm
4,2,Class_Balanced,http_trans_depth,0.00017408188432455063,29,mitm
4,2,Class_Balanced,http_version,0.00031707313610240817,28,mitm
4,2,Class_Balanced,missed_bytes,0.007994422689080238,20,mitm
4,2,Class_Balanced,proto,0.3404342234134674,8,mitm
4,2,Class_Balanced,service,0.2545008659362793,10,mitm
4,2,Class_Balanced,src_bytes,0.6182920932769775,6,mitm
4,2,Class_Balanced,src_ip_bytes,1.1330536603927612,2,mitm
4,2,Class_Balanced,src_pkts,0.2522655129432678,11,mitm
4,2,Class_Balanced,src_port,1.0311577320098877,3,mitm
4,2,Class_Balanced,ssl_cipher,0.0006344013381749392,25,mitm
4,2,Class_Balanced,ssl_established,2.2898066163179465e-05,32,mitm
4,2,Class_Balanced,ssl_resumed,9.124034841079265e-05,31,mitm
4,2,Class_Balanced,ssl_version,0.003976224455982447,21,mitm
4,2,Class_Balanced,weird_name,0.0016146821435540915,23,mitm
4,2,Class_Balanced,weird_notice,0.0004140391247346997,27,mitm
4,2,Minority_Diagnostic,conn_state,0.2998111844062805,11,mitm
4,2,Minority_Diagnostic,dns_AA,0.0008000825764611363,22,mitm
4,2,Minority_Diagnostic,dns_RA,1.2182869911193848,1,mitm
4,2,Minority_Diagnostic,dns_RD,0.0791272222995758,15,mitm
4,2,Minority_Diagnostic,dns_qclass,0.006213277578353882,19,mitm
4,2,Minority_Diagnostic,dns_qtype,0.022804325446486473,17,mitm
4,2,Minority_Diagnostic,dns_rcode,0.005284234415739775,20,mitm
4,2,Minority_Diagnostic,dns_rejected,0.08870386332273483,14,mitm
4,2,Minority_Diagnostic,dst_bytes,0.31137484312057495,9,mitm
4,2,Minority_Diagnostic,dst_ip_bytes,1.0732125043869019,2,mitm
4,2,Minority_Diagnostic,dst_pkts,0.43944838643074036,6,mitm
4,2,Minority_Diagnostic,dst_port,0.3980628252029419,7,mitm
4,2,Minority_Diagnostic,duration,0.6515058279037476,3,mitm
4,2,Minority_Diagnostic,http_method,0.0,23,mitm
4,2,Minority_Diagnostic,http_orig_mime_types,0.0,23,mitm
4,2,Minority_Diagnostic,http_request_body_len,0.0,23,mitm
4,2,Minority_Diagnostic,http_resp_mime_types,0.0,23,mitm
4,2,Minority_Diagnostic,http_response_body_len,0.0,23,mitm
4,2,Minority_Diagnostic,http_status_code,0.0,23,mitm
4,2,Minority_Diagnostic,http_trans_depth,0.0,23,mitm
4,2,Minority_Diagnostic,http_version,0.0,23,mitm
4,2,Minority_Diagnostic,missed_bytes,0.0395011343061924,16,mitm
4,2,Minority_Diagnostic,proto,0.28897759318351746,13,mitm
4,2,Minority_Diagnostic,service,0.6302801370620728,4,mitm
4,2,Minority_Diagnostic,src_bytes,0.34462770819664,8,mitm
4,2,Minority_Diagnostic,src_ip_bytes,0.29743561148643494,12,mitm
4,2,Minority_Diagnostic,src_pkts,0.502065896987915,5,mitm
4,2,Minority_Diagnostic,src_port,0.30299732089042664,10,mitm
4,2,Minority_Diagnostic,ssl_cipher,0.0014581852592527866,21,mitm
4,2,Minority_Diagnostic,ssl_established,0.0,23,mitm
4,2,Minority_Diagnostic,ssl_resumed,0.0,23,mitm
4,2,Minority_Diagnostic,ssl_version,0.018395034596323967,18,mitm
4,2,Minority_Diagnostic,weird_name,0.0,23,mitm
4,2,Minority_Diagnostic,weird_notice,0.0,23,mitm
4,3,Natural_Global,conn_state,0.9553548097610474,2,mitm
4,3,Natural_Global,dns_AA,0.03177126124501228,17,mitm
4,3,Natural_Global,dns_RA,0.09118911623954773,13,mitm
4,3,Natural_Global,dns_RD,0.05284315347671509,15,mitm
4,3,Natural_Global,dns_qclass,0.01048118993639946,19,mitm
4,3,Natural_Global,dns_qtype,0.03798069804906845,16,mitm
4,3,Natural_Global,dns_rcode,0.028624268248677254,18,mitm
4,3,Natural_Global,dns_rejected,0.07683224976062775,14,mitm
4,3,Natural_Global,dst_bytes,0.17790396511554718,11,mitm
4,3,Natural_Global,dst_ip_bytes,0.4127123951911926,7,mitm
4,3,Natural_Global,dst_pkts,0.13447435200214386,12,mitm
4,3,Natural_Global,dst_port,0.9576067924499512,1,mitm
4,3,Natural_Global,duration,0.6802045702934265,5,mitm
4,3,Natural_Global,http_method,0.001097457599826157,23,mitm
4,3,Natural_Global,http_orig_mime_types,0.0,34,mitm
4,3,Natural_Global,http_request_body_len,3.341375531817903e-06,33,mitm
4,3,Natural_Global,http_resp_mime_types,6.717418727930635e-05,32,mitm
4,3,Natural_Global,http_response_body_len,0.0007711477810516953,27,mitm
4,3,Natural_Global,http_status_code,0.003741652239114046,22,mitm
4,3,Natural_Global,http_trans_depth,0.0001512697053840384,31,mitm
4,3,Natural_Global,http_version,0.0009385390440002084,26,mitm
4,3,Natural_Global,missed_bytes,0.0061283777467906475,20,mitm
4,3,Natural_Global,proto,0.2718139886856079,8,mitm
4,3,Natural_Global,service,0.22044309973716736,10,mitm
4,3,Natural_Global,src_bytes,0.4356502592563629,6,mitm
4,3,Natural_Global,src_ip_bytes,0.7438582181930542,3,mitm
4,3,Natural_Global,src_pkts,0.2692406475543976,9,mitm
4,3,Natural_Global,src_port,0.6902100443840027,4,mitm
4,3,Natural_Global,ssl_cipher,0.00098193169105798,24,mitm
4,3,Natural_Global,ssl_established,0.00023014680482447147,29,mitm
4,3,Natural_Global,ssl_resumed,0.0001849899417720735,30,mitm
4,3,Natural_Global,ssl_version,0.005296901799738407,21,mitm
4,3,Natural_Global,weird_name,0.0009478235733695328,25,mitm
4,3,Natural_Global,weird_notice,0.00042612262768670917,28,mitm
4,3,Class_Balanced,conn_state,1.4546973705291748,1,mitm
4,3,Class_Balanced,dns_AA,0.024604557082057,18,mitm
4,3,Class_Balanced,dns_RA,0.1907169669866562,12,mitm
4,3,Class_Balanced,dns_RD,0.05880426615476608,16,mitm
4,3,Class_Balanced,dns_qclass,0.007276621647179127,21,mitm
4,3,Class_Balanced,dns_qtype,0.050489265471696854,17,mitm
4,3,Class_Balanced,dns_rcode,0.07239101827144623,15,mitm
4,3,Class_Balanced,dns_rejected,0.09982535243034363,14,mitm
4,3,Class_Balanced,dst_bytes,0.3200182318687439,8,mitm
4,3,Class_Balanced,dst_ip_bytes,0.5065978765487671,7,mitm
4,3,Class_Balanced,dst_pkts,0.1726193130016327,13,mitm
4,3,Class_Balanced,dst_port,0.8792921900749207,4,mitm
4,3,Class_Balanced,duration,0.8336051106452942,5,mitm
4,3,Class_Balanced,http_method,0.000856393133290112,26,mitm
4,3,Class_Balanced,http_orig_mime_types,0.0,34,mitm
4,3,Class_Balanced,http_request_body_len,1.1079102478106506e-05,33,mitm
4,3,Class_Balanced,http_resp_mime_types,0.00011551827628863975,32,mitm
4,3,Class_Balanced,http_response_body_len,0.00054854282643646,28,mitm
4,3,Class_Balanced,http_status_code,0.002227705903351307,23,mitm
4,3,Class_Balanced,http_trans_depth,0.00015225945389829576,31,mitm
4,3,Class_Balanced,http_version,0.0004091099835932255,30,mitm
4,3,Class_Balanced,missed_bytes,0.007519499398767948,20,mitm
4,3,Class_Balanced,proto,0.30975791811943054,9,mitm
4,3,Class_Balanced,service,0.2758221924304962,10,mitm
4,3,Class_Balanced,src_bytes,0.6001895666122437,6,mitm
4,3,Class_Balanced,src_ip_bytes,1.1253330707550049,2,mitm
4,3,Class_Balanced,src_pkts,0.2567618787288666,11,mitm
4,3,Class_Balanced,src_port,1.0796297788619995,3,mitm
4,3,Class_Balanced,ssl_cipher,0.0022229754831641912,24,mitm
4,3,Class_Balanced,ssl_established,0.00062545295804739,27,mitm
4,3,Class_Balanced,ssl_resumed,0.0004192592459730804,29,mitm
4,3,Class_Balanced,ssl_version,0.014737325720489025,19,mitm
4,3,Class_Balanced,weird_name,0.002550337463617325,22,mitm
4,3,Class_Balanced,weird_notice,0.0013855049619451165,25,mitm
4,3,Minority_Diagnostic,conn_state,0.3755227327346802,8,mitm
4,3,Minority_Diagnostic,dns_AA,0.045581698417663574,15,mitm
4,3,Minority_Diagnostic,dns_RA,1.2264010906219482,1,mitm
4,3,Minority_Diagnostic,dns_RD,0.015667077153921127,19,mitm
4,3,Minority_Diagnostic,dns_qclass,0.0015726712299510837,21,mitm
4,3,Minority_Diagnostic,dns_qtype,0.02029900997877121,18,mitm
4,3,Minority_Diagnostic,dns_rcode,0.003302468918263912,20,mitm
4,3,Minority_Diagnostic,dns_rejected,0.048243939876556396,14,mitm
4,3,Minority_Diagnostic,dst_bytes,0.37763795256614685,7,mitm
4,3,Minority_Diagnostic,dst_ip_bytes,0.9729077816009521,2,mitm
4,3,Minority_Diagnostic,dst_pkts,0.19351820647716522,13,mitm
4,3,Minority_Diagnostic,dst_port,0.30211323499679565,10,mitm
4,3,Minority_Diagnostic,duration,0.48966848850250244,6,mitm
4,3,Minority_Diagnostic,http_method,0.0,23,mitm
4,3,Minority_Diagnostic,http_orig_mime_types,0.0,23,mitm
4,3,Minority_Diagnostic,http_request_body_len,0.0,23,mitm
4,3,Minority_Diagnostic,http_resp_mime_types,0.0,23,mitm
4,3,Minority_Diagnostic,http_response_body_len,0.0,23,mitm
4,3,Minority_Diagnostic,http_status_code,0.0,23,mitm
4,3,Minority_Diagnostic,http_trans_depth,0.0,23,mitm
4,3,Minority_Diagnostic,http_version,0.0,23,mitm
4,3,Minority_Diagnostic,missed_bytes,0.03928764909505844,16,mitm
4,3,Minority_Diagnostic,proto,0.2412988692522049,11,mitm
4,3,Minority_Diagnostic,service,0.8354984521865845,3,mitm
4,3,Minority_Diagnostic,src_bytes,0.6462039947509766,4,mitm
4,3,Minority_Diagnostic,src_ip_bytes,0.23804782330989838,12,mitm
4,3,Minority_Diagnostic,src_pkts,0.5768254399299622,5,mitm
4,3,Minority_Diagnostic,src_port,0.3055073320865631,9,mitm
4,3,Minority_Diagnostic,ssl_cipher,0.0007142421090975404,22,mitm
4,3,Minority_Diagnostic,ssl_established,0.0,23,mitm
4,3,Minority_Diagnostic,ssl_resumed,0.0,23,mitm
4,3,Minority_Diagnostic,ssl_version,0.02839028835296631,17,mitm
4,3,Minority_Diagnostic,weird_name,0.0,23,mitm
4,3,Minority_Diagnostic,weird_notice,0.0,23,mitm
4,4,Natural_Global,conn_state,0.8671712279319763,2,mitm
4,4,Natural_Global,dns_AA,0.021658973768353462,18,mitm
4,4,Natural_Global,dns_RA,0.09754758328199387,13,mitm
4,4,Natural_Global,dns_RD,0.060796309262514114,15,mitm
4,4,Natural_Global,dns_qclass,0.009781721979379654,19,mitm
4,4,Natural_Global,dns_qtype,0.04133760184049606,16,mitm
4,4,Natural_Global,dns_rcode,0.02612089365720749,17,mitm
4,4,Natural_Global,dns_rejected,0.06976477056741714,14,mitm
4,4,Natural_Global,dst_bytes,0.21482275426387787,10,mitm
4,4,Natural_Global,dst_ip_bytes,0.42368051409721375,6,mitm
4,4,Natural_Global,dst_pkts,0.16800549626350403,12,mitm
4,4,Natural_Global,dst_port,0.9775170683860779,1,mitm
4,4,Natural_Global,duration,0.6811657547950745,4,mitm
4,4,Natural_Global,http_method,0.0004265597672201693,28,mitm
4,4,Natural_Global,http_orig_mime_types,0.0,34,mitm
4,4,Natural_Global,http_request_body_len,9.14214069780428e-06,33,mitm
4,4,Natural_Global,http_resp_mime_types,0.00021182952332310379,29,mitm
4,4,Natural_Global,http_response_body_len,0.0008411476737819612,25,mitm
4,4,Natural_Global,http_status_code,0.005326296668499708,20,mitm
4,4,Natural_Global,http_trans_depth,0.00010707478213589638,31,mitm
4,4,Natural_Global,http_version,0.0013017150340601802,23,mitm
4,4,Natural_Global,missed_bytes,0.00432924460619688,22,mitm
4,4,Natural_Global,proto,0.2868679165840149,8,mitm
4,4,Natural_Global,service,0.20300915837287903,11,mitm
4,4,Natural_Global,src_bytes,0.41803881525993347,7,mitm
4,4,Natural_Global,src_ip_bytes,0.7548112869262695,3,mitm
4,4,Natural_Global,src_pkts,0.27232399582862854,9,mitm
4,4,Natural_Global,src_port,0.6498285531997681,5,mitm
4,4,Natural_Global,ssl_cipher,0.0012280622031539679,24,mitm
4,4,Natural_Global,ssl_established,2.8161801310488954e-05,32,mitm
4,4,Natural_Global,ssl_resumed,0.00046930546523071826,27,mitm
4,4,Natural_Global,ssl_version,0.005105382762849331,21,mitm
4,4,Natural_Global,weird_name,0.0006538372836075723,26,mitm
4,4,Natural_Global,weird_notice,0.00014945815200917423,30,mitm
4,4,Class_Balanced,conn_state,1.413456678390503,1,mitm
4,4,Class_Balanced,dns_AA,0.019965484738349915,18,mitm
4,4,Class_Balanced,dns_RA,0.2063521146774292,13,mitm
4,4,Class_Balanced,dns_RD,0.056734975427389145,17,mitm
4,4,Class_Balanced,dns_qclass,0.006657759193331003,21,mitm
4,4,Class_Balanced,dns_qtype,0.058749835938215256,16,mitm
4,4,Class_Balanced,dns_rcode,0.05986566096544266,15,mitm
4,4,Class_Balanced,dns_rejected,0.09712212532758713,14,mitm
4,4,Class_Balanced,dst_bytes,0.31442147493362427,8,mitm
4,4,Class_Balanced,dst_ip_bytes,0.474519819021225,7,mitm
4,4,Class_Balanced,dst_pkts,0.24040305614471436,12,mitm
4,4,Class_Balanced,dst_port,0.9705367088317871,4,mitm
4,4,Class_Balanced,duration,0.7934507131576538,5,mitm
4,4,Class_Balanced,http_method,0.0006640157080255449,27,mitm
4,4,Class_Balanced,http_orig_mime_types,0.0,34,mitm
4,4,Class_Balanced,http_request_body_len,3.0311444788821973e-05,32,mitm
4,4,Class_Balanced,http_resp_mime_types,0.0003358761896379292,28,mitm
4,4,Class_Balanced,http_response_body_len,0.0011771784629672766,24,mitm
4,4,Class_Balanced,http_status_code,0.007317847106605768,20,mitm
4,4,Class_Balanced,http_trans_depth,0.00011137792171211913,31,mitm
4,4,Class_Balanced,http_version,0.0015730943996459246,23,mitm
4,4,Class_Balanced,missed_bytes,0.012978089042007923,19,mitm
4,4,Class_Balanced,proto,0.31032079458236694,9,mitm
4,4,Class_Balanced,service,0.2565881013870239,11,mitm
4,4,Class_Balanced,src_bytes,0.5570785403251648,6,mitm
4,4,Class_Balanced,src_ip_bytes,1.1386961936950684,2,mitm
4,4,Class_Balanced,src_pkts,0.2867596745491028,10,mitm
4,4,Class_Balanced,src_port,1.0311005115509033,3,mitm
4,4,Class_Balanced,ssl_cipher,0.0007848420063965023,26,mitm
4,4,Class_Balanced,ssl_established,1.9717746909009293e-05,33,mitm
4,4,Class_Balanced,ssl_resumed,0.00022860690660309047,29,mitm
4,4,Class_Balanced,ssl_version,0.004456443712115288,22,mitm
4,4,Class_Balanced,weird_name,0.0009258897043764591,25,mitm
4,4,Class_Balanced,weird_notice,0.00018941696907859296,30,mitm
4,4,Minority_Diagnostic,conn_state,0.37987232208251953,8,mitm
4,4,Minority_Diagnostic,dns_AA,0.06584936380386353,16,mitm
4,4,Minority_Diagnostic,dns_RA,1.3065370321273804,1,mitm
4,4,Minority_Diagnostic,dns_RD,0.02733701467514038,18,mitm
4,4,Minority_Diagnostic,dns_qclass,0.0025291230995208025,21,mitm
4,4,Minority_Diagnostic,dns_qtype,0.07661564648151398,15,mitm
4,4,Minority_Diagnostic,dns_rcode,0.003760848892852664,20,mitm
4,4,Minority_Diagnostic,dns_rejected,0.0374995619058609,17,mitm
4,4,Minority_Diagnostic,dst_bytes,0.22866003215312958,13,mitm
4,4,Minority_Diagnostic,dst_ip_bytes,0.9200907945632935,2,mitm
4,4,Minority_Diagnostic,dst_pkts,0.43784862756729126,6,mitm
4,4,Minority_Diagnostic,dst_port,0.3028939962387085,11,mitm
4,4,Minority_Diagnostic,duration,0.5308478474617004,5,mitm
4,4,Minority_Diagnostic,http_method,0.0,23,mitm
4,4,Minority_Diagnostic,http_orig_mime_types,0.0,23,mitm
4,4,Minority_Diagnostic,http_request_body_len,0.0,23,mitm
4,4,Minority_Diagnostic,http_resp_mime_types,0.0,23,mitm
4,4,Minority_Diagnostic,http_response_body_len,0.0,23,mitm
4,4,Minority_Diagnostic,http_status_code,0.0,23,mitm
4,4,Minority_Diagnostic,http_trans_depth,0.0,23,mitm
4,4,Minority_Diagnostic,http_version,0.0,23,mitm
4,4,Minority_Diagnostic,missed_bytes,0.10519067198038101,14,mitm
4,4,Minority_Diagnostic,proto,0.378182977437973,9,mitm
4,4,Minority_Diagnostic,service,0.8329525589942932,3,mitm
4,4,Minority_Diagnostic,src_bytes,0.3990612030029297,7,mitm
4,4,Minority_Diagnostic,src_ip_bytes,0.24591229856014252,12,mitm
4,4,Minority_Diagnostic,src_pkts,0.6458854675292969,4,mitm
4,4,Minority_Diagnostic,src_port,0.36190566420555115,10,mitm
4,4,Minority_Diagnostic,ssl_cipher,0.0019416476134210825,22,mitm
4,4,Minority_Diagnostic,ssl_established,0.0,23,mitm
4,4,Minority_Diagnostic,ssl_resumed,0.0,23,mitm
4,4,Minority_Diagnostic,ssl_version,0.02235647290945053,19,mitm
4,4,Minority_Diagnostic,weird_name,0.0,23,mitm
4,4,Minority_Diagnostic,weird_notice,0.0,23,mitm
4,5,Natural_Global,conn_state,0.9037567377090454,2,mitm
4,5,Natural_Global,dns_AA,0.021840441972017288,18,mitm
4,5,Natural_Global,dns_RA,0.09337282925844193,13,mitm
4,5,Natural_Global,dns_RD,0.05986085161566734,15,mitm
4,5,Natural_Global,dns_qclass,0.00883355550467968,19,mitm
4,5,Natural_Global,dns_qtype,0.03743899613618851,16,mitm
4,5,Natural_Global,dns_rcode,0.0314350500702858,17,mitm
4,5,Natural_Global,dns_rejected,0.07870669662952423,14,mitm
4,5,Natural_Global,dst_bytes,0.17625577747821808,11,mitm
4,5,Natural_Global,dst_ip_bytes,0.4091108739376068,7,mitm
4,5,Natural_Global,dst_pkts,0.14846596121788025,12,mitm
4,5,Natural_Global,dst_port,0.9769828915596008,1,mitm
4,5,Natural_Global,duration,0.6427451372146606,5,mitm
4,5,Natural_Global,http_method,0.0007601105608046055,24,mitm
4,5,Natural_Global,http_orig_mime_types,0.0,34,mitm
4,5,Natural_Global,http_request_body_len,1.8500213627703488e-06,33,mitm
4,5,Natural_Global,http_resp_mime_types,9.605062223272398e-05,31,mitm
4,5,Natural_Global,http_response_body_len,0.0006904838373884559,25,mitm
4,5,Natural_Global,http_status_code,0.003215610748156905,22,mitm
4,5,Natural_Global,http_trans_depth,0.00016281032003462315,29,mitm
4,5,Natural_Global,http_version,0.0009174862643703818,23,mitm
4,5,Natural_Global,missed_bytes,0.0043641612865030766,21,mitm
4,5,Natural_Global,proto,0.2794085443019867,8,mitm
4,5,Natural_Global,service,0.23016060888767242,10,mitm
4,5,Natural_Global,src_bytes,0.459400475025177,6,mitm
4,5,Natural_Global,src_ip_bytes,0.776871919631958,3,mitm
4,5,Natural_Global,src_pkts,0.2767546474933624,9,mitm
4,5,Natural_Global,src_port,0.6674641370773315,4,mitm
4,5,Natural_Global,ssl_cipher,0.000646684318780899,27,mitm
4,5,Natural_Global,ssl_established,3.0028777473489754e-05,32,mitm
4,5,Natural_Global,ssl_resumed,0.00017884299450088292,28,mitm
4,5,Natural_Global,ssl_version,0.004381166305392981,20,mitm
4,5,Natural_Global,weird_name,0.000669024302624166,26,mitm
4,5,Natural_Global,weird_notice,0.0001481365179643035,30,mitm
4,5,Class_Balanced,conn_state,1.5088894367218018,1,mitm
4,5,Class_Balanced,dns_AA,0.017731722444295883,18,mitm
4,5,Class_Balanced,dns_RA,0.1836066097021103,13,mitm
4,5,Class_Balanced,dns_RD,0.0571444109082222,16,mitm
4,5,Class_Balanced,dns_qclass,0.00689079612493515,20,mitm
4,5,Class_Balanced,dns_qtype,0.05259905382990837,17,mitm
4,5,Class_Balanced,dns_rcode,0.06756802648305893,15,mitm
4,5,Class_Balanced,dns_rejected,0.10390561074018478,14,mitm
4,5,Class_Balanced,dst_bytes,0.30772024393081665,9,mitm
4,5,Class_Balanced,dst_ip_bytes,0.44955772161483765,7,mitm
4,5,Class_Balanced,dst_pkts,0.20470991730690002,12,mitm
4,5,Class_Balanced,dst_port,0.9483019709587097,4,mitm
4,5,Class_Balanced,duration,0.7440792322158813,5,mitm
4,5,Class_Balanced,http_method,0.0010737868724390864,25,mitm
4,5,Class_Balanced,http_orig_mime_types,0.0,34,mitm
4,5,Class_Balanced,http_request_body_len,6.451722583733499e-06,33,mitm
4,5,Class_Balanced,http_resp_mime_types,0.00030777702340856194,29,mitm
4,5,Class_Balanced,http_response_body_len,0.0008997854893095791,26,mitm
4,5,Class_Balanced,http_status_code,0.0046776593662798405,21,mitm
4,5,Class_Balanced,http_trans_depth,0.00029326725052669644,30,mitm
4,5,Class_Balanced,http_version,0.0011383818928152323,24,mitm
4,5,Class_Balanced,missed_bytes,0.012844890356063843,19,mitm
4,5,Class_Balanced,proto,0.3281416893005371,8,mitm
4,5,Class_Balanced,service,0.27898934483528137,10,mitm
4,5,Class_Balanced,src_bytes,0.60690838098526,6,mitm
4,5,Class_Balanced,src_ip_bytes,1.1495070457458496,2,mitm
4,5,Class_Balanced,src_pkts,0.25530070066452026,11,mitm
4,5,Class_Balanced,src_port,1.0265971422195435,3,mitm
4,5,Class_Balanced,ssl_cipher,0.0005868997541256249,27,mitm
4,5,Class_Balanced,ssl_established,2.86069462163141e-05,32,mitm
4,5,Class_Balanced,ssl_resumed,9.156887972494587e-05,31,mitm
4,5,Class_Balanced,ssl_version,0.003781234845519066,22,mitm
4,5,Class_Balanced,weird_name,0.0028916385490447283,23,mitm
4,5,Class_Balanced,weird_notice,0.0005176311242394149,28,mitm
4,5,Minority_Diagnostic,conn_state,0.4104342460632324,7,mitm
4,5,Minority_Diagnostic,dns_AA,0.016962062567472458,18,mitm
4,5,Minority_Diagnostic,dns_RA,1.1074669361114502,2,mitm
4,5,Minority_Diagnostic,dns_RD,0.05833328142762184,16,mitm
4,5,Minority_Diagnostic,dns_qclass,0.012476234696805477,20,mitm
4,5,Minority_Diagnostic,dns_qtype,0.029955018311738968,17,mitm
4,5,Minority_Diagnostic,dns_rcode,0.0008687292574904859,22,mitm
4,5,Minority_Diagnostic,dns_rejected,0.0669863373041153,15,mitm
4,5,Minority_Diagnostic,dst_bytes,0.3080316185951233,10,mitm
4,5,Minority_Diagnostic,dst_ip_bytes,1.1264803409576416,1,mitm
4,5,Minority_Diagnostic,dst_pkts,0.18691109120845795,13,mitm
4,5,Minority_Diagnostic,dst_port,0.30832570791244507,9,mitm
4,5,Minority_Diagnostic,duration,0.6505767703056335,4,mitm
4,5,Minority_Diagnostic,http_method,0.0,23,mitm
4,5,Minority_Diagnostic,http_orig_mime_types,0.0,23,mitm
4,5,Minority_Diagnostic,http_request_body_len,0.0,23,mitm
4,5,Minority_Diagnostic,http_resp_mime_types,0.0,23,mitm
4,5,Minority_Diagnostic,http_response_body_len,0.0,23,mitm
4,5,Minority_Diagnostic,http_status_code,0.0,23,mitm
4,5,Minority_Diagnostic,http_trans_depth,0.0,23,mitm
4,5,Minority_Diagnostic,http_version,0.0,23,mitm
4,5,Minority_Diagnostic,missed_bytes,0.09166941791772842,14,mitm
4,5,Minority_Diagnostic,proto,0.2773047089576721,12,mitm
4,5,Minority_Diagnostic,service,0.9900254011154175,3,mitm
4,5,Minority_Diagnostic,src_bytes,0.44347208738327026,6,mitm
4,5,Minority_Diagnostic,src_ip_bytes,0.2856655716896057,11,mitm
4,5,Minority_Diagnostic,src_pkts,0.6084241271018982,5,mitm
4,5,Minority_Diagnostic,src_port,0.3668442368507385,8,mitm
4,5,Minority_Diagnostic,ssl_cipher,0.0009858333505690098,21,mitm
4,5,Minority_Diagnostic,ssl_established,0.0,23,mitm
4,5,Minority_Diagnostic,ssl_resumed,0.0,23,mitm
4,5,Minority_Diagnostic,ssl_version,0.013812625780701637,19,mitm
4,5,Minority_Diagnostic,weird_name,0.0,23,mitm
4,5,Minority_Diagnostic,weird_notice,0.0,23,mitm
5,1,Natural_Global,conn_state,0.8868002891540527,2,mitm
5,1,Natural_Global,dns_AA,0.028738295659422874,18,mitm
5,1,Natural_Global,dns_RA,0.09886611998081207,13,mitm
5,1,Natural_Global,dns_RD,0.061321236193180084,15,mitm
5,1,Natural_Global,dns_qclass,0.008437490090727806,19,mitm
5,1,Natural_Global,dns_qtype,0.04943106696009636,16,mitm
5,1,Natural_Global,dns_rcode,0.033666498959064484,17,mitm
5,1,Natural_Global,dns_rejected,0.07566440105438232,14,mitm
5,1,Natural_Global,dst_bytes,0.18790094554424286,11,mitm
5,1,Natural_Global,dst_ip_bytes,0.3558675944805145,7,mitm
5,1,Natural_Global,dst_pkts,0.16407668590545654,12,mitm
5,1,Natural_Global,dst_port,0.9922186732292175,1,mitm
5,1,Natural_Global,duration,0.6225894093513489,5,mitm
5,1,Natural_Global,http_method,0.0009000419522635639,23,mitm
5,1,Natural_Global,http_orig_mime_types,8.393433859055222e-07,34,mitm
5,1,Natural_Global,http_request_body_len,9.973332453228068e-06,33,mitm
5,1,Natural_Global,http_resp_mime_types,0.0001436670427210629,29,mitm
5,1,Natural_Global,http_response_body_len,0.0006192281725816429,25,mitm
5,1,Natural_Global,http_status_code,0.004162940196692944,22,mitm
5,1,Natural_Global,http_trans_depth,6.312448385870084e-05,32,mitm
5,1,Natural_Global,http_version,0.0007430585683323443,24,mitm
5,1,Natural_Global,missed_bytes,0.005396604537963867,20,mitm
5,1,Natural_Global,proto,0.2726615071296692,8,mitm
5,1,Natural_Global,service,0.2098429948091507,10,mitm
5,1,Natural_Global,src_bytes,0.4625297486782074,6,mitm
5,1,Natural_Global,src_ip_bytes,0.7717042565345764,3,mitm
5,1,Natural_Global,src_pkts,0.244625523686409,9,mitm
5,1,Natural_Global,src_port,0.6747937202453613,4,mitm
5,1,Natural_Global,ssl_cipher,0.0005938971298746765,26,mitm
5,1,Natural_Global,ssl_established,7.504152017645538e-05,31,mitm
5,1,Natural_Global,ssl_resumed,0.00024179817410185933,28,mitm
5,1,Natural_Global,ssl_version,0.005000153556466103,21,mitm
5,1,Natural_Global,weird_name,0.0004014072474092245,27,mitm
5,1,Natural_Global,weird_notice,0.00012206467363284901,30,mitm
5,1,Class_Balanced,conn_state,1.4618781805038452,1,mitm
5,1,Class_Balanced,dns_AA,0.0215230081230402,18,mitm
5,1,Class_Balanced,dns_RA,0.2118007242679596,13,mitm
5,1,Class_Balanced,dns_RD,0.0716901570558548,15,mitm
5,1,Class_Balanced,dns_qclass,0.009075070731341839,20,mitm
5,1,Class_Balanced,dns_qtype,0.061130594462156296,16,mitm
5,1,Class_Balanced,dns_rcode,0.04561639577150345,17,mitm
5,1,Class_Balanced,dns_rejected,0.07611928880214691,14,mitm
5,1,Class_Balanced,dst_bytes,0.2705850899219513,10,mitm
5,1,Class_Balanced,dst_ip_bytes,0.4240446090698242,7,mitm
5,1,Class_Balanced,dst_pkts,0.22596843540668488,12,mitm
5,1,Class_Balanced,dst_port,0.9513187408447266,4,mitm
5,1,Class_Balanced,duration,0.696164071559906,5,mitm
5,1,Class_Balanced,http_method,0.000860669300891459,26,mitm
5,1,Class_Balanced,http_orig_mime_types,2.566744569776347e-06,34,mitm
5,1,Class_Balanced,http_request_body_len,3.4284559660591185e-05,33,mitm
5,1,Class_Balanced,http_resp_mime_types,0.00014905710122548044,30,mitm
5,1,Class_Balanced,http_response_body_len,0.0009240519138984382,25,mitm
5,1,Class_Balanced,http_status_code,0.004144440405070782,22,mitm
5,1,Class_Balanced,http_trans_depth,0.00010540727816987783,31,mitm
5,1,Class_Balanced,http_version,0.0008233871776610613,27,mitm
5,1,Class_Balanced,missed_bytes,0.014488558284938335,19,mitm
5,1,Class_Balanced,proto,0.3134094178676605,8,mitm
5,1,Class_Balanced,service,0.28749069571495056,9,mitm
5,1,Class_Balanced,src_bytes,0.5991235971450806,6,mitm
5,1,Class_Balanced,src_ip_bytes,1.1654388904571533,2,mitm
5,1,Class_Balanced,src_pkts,0.23995403945446014,11,mitm
5,1,Class_Balanced,src_port,1.1080999374389648,3,mitm
5,1,Class_Balanced,ssl_cipher,0.0009442673763260245,23,mitm
5,1,Class_Balanced,ssl_established,0.00010182076948694885,32,mitm
5,1,Class_Balanced,ssl_resumed,0.0002974388771690428,28,mitm
5,1,Class_Balanced,ssl_version,0.007574716582894325,21,mitm
5,1,Class_Balanced,weird_name,0.0009313521441072226,24,mitm
5,1,Class_Balanced,weird_notice,0.00027792423497885466,29,mitm
5,1,Minority_Diagnostic,conn_state,0.21474796533584595,11,mitm
5,1,Minority_Diagnostic,dns_AA,0.03708798810839653,18,mitm
5,1,Minority_Diagnostic,dns_RA,1.3244938850402832,1,mitm
5,1,Minority_Diagnostic,dns_RD,0.07609638571739197,15,mitm
5,1,Minority_Diagnostic,dns_qclass,0.00940985418856144,20,mitm
5,1,Minority_Diagnostic,dns_qtype,0.06062418967485428,16,mitm
5,1,Minority_Diagnostic,dns_rcode,0.005735483486205339,21,mitm
5,1,Minority_Diagnostic,dns_rejected,0.042872704565525055,17,mitm
5,1,Minority_Diagnostic,dst_bytes,0.3062228560447693,8,mitm
5,1,Minority_Diagnostic,dst_ip_bytes,1.1135977506637573,2,mitm
5,1,Minority_Diagnostic,dst_pkts,0.12965930998325348,13,mitm
5,1,Minority_Diagnostic,dst_port,0.23253999650478363,10,mitm
5,1,Minority_Diagnostic,duration,0.5155103206634521,4,mitm
5,1,Minority_Diagnostic,http_method,0.0,23,mitm
5,1,Minority_Diagnostic,http_orig_mime_types,0.0,23,mitm
5,1,Minority_Diagnostic,http_request_body_len,0.0,23,mitm
5,1,Minority_Diagnostic,http_resp_mime_types,0.0,23,mitm
5,1,Minority_Diagnostic,http_response_body_len,0.0,23,mitm
5,1,Minority_Diagnostic,http_status_code,0.0,23,mitm
5,1,Minority_Diagnostic,http_trans_depth,0.0,23,mitm
5,1,Minority_Diagnostic,http_version,0.0,23,mitm
5,1,Minority_Diagnostic,missed_bytes,0.09735912829637527,14,mitm
5,1,Minority_Diagnostic,proto,0.19308160245418549,12,mitm
5,1,Minority_Diagnostic,service,1.037840485572815,3,mitm
5,1,Minority_Diagnostic,src_bytes,0.3498600125312805,7,mitm
5,1,Minority_Diagnostic,src_ip_bytes,0.24585339426994324,9,mitm
5,1,Minority_Diagnostic,src_pkts,0.5022176504135132,5,mitm
5,1,Minority_Diagnostic,src_port,0.35612717270851135,6,mitm
5,1,Minority_Diagnostic,ssl_cipher,0.0039626131765544415,22,mitm
5,1,Minority_Diagnostic,ssl_established,0.0,23,mitm
5,1,Minority_Diagnostic,ssl_resumed,0.0,23,mitm
5,1,Minority_Diagnostic,ssl_version,0.014817362651228905,19,mitm
5,1,Minority_Diagnostic,weird_name,0.0,23,mitm
5,1,Minority_Diagnostic,weird_notice,0.0,23,mitm
5,2,Natural_Global,conn_state,0.9074779152870178,2,mitm
5,2,Natural_Global,dns_AA,0.03582565858960152,17,mitm
5,2,Natural_Global,dns_RA,0.11770207434892654,13,mitm
5,2,Natural_Global,dns_RD,0.06144428253173828,15,mitm
5,2,Natural_Global,dns_qclass,0.01575305126607418,19,mitm
5,2,Natural_Global,dns_qtype,0.047323983162641525,16,mitm
5,2,Natural_Global,dns_rcode,0.028086723759770393,18,mitm
5,2,Natural_Global,dns_rejected,0.0791528970003128,14,mitm
5,2,Natural_Global,dst_bytes,0.19920969009399414,11,mitm
5,2,Natural_Global,dst_ip_bytes,0.3805902898311615,7,mitm
5,2,Natural_Global,dst_pkts,0.14734287559986115,12,mitm
5,2,Natural_Global,dst_port,0.9749059081077576,1,mitm
5,2,Natural_Global,duration,0.6176771521568298,5,mitm
5,2,Natural_Global,http_method,0.0007412070990540087,26,mitm
5,2,Natural_Global,http_orig_mime_types,2.9950804218970006e-06,33,mitm
5,2,Natural_Global,http_request_body_len,0.0,34,mitm
5,2,Natural_Global,http_resp_mime_types,8.594810060458258e-05,31,mitm
5,2,Natural_Global,http_response_body_len,0.0009307892178185284,23,mitm
5,2,Natural_Global,http_status_code,0.004997103475034237,21,mitm
5,2,Natural_Global,http_trans_depth,0.0003803832514677197,29,mitm
5,2,Natural_Global,http_version,0.00043434923281893134,28,mitm
5,2,Natural_Global,missed_bytes,0.00630237627774477,20,mitm
5,2,Natural_Global,proto,0.26447418332099915,8,mitm
5,2,Natural_Global,service,0.22362323105335236,10,mitm
5,2,Natural_Global,src_bytes,0.5002961158752441,6,mitm
5,2,Natural_Global,src_ip_bytes,0.7228540182113647,3,mitm
5,2,Natural_Global,src_pkts,0.248148575425148,9,mitm
5,2,Natural_Global,src_port,0.700770914554596,4,mitm
5,2,Natural_Global,ssl_cipher,0.0008592657977715135,24,mitm
5,2,Natural_Global,ssl_established,5.571553992922418e-05,32,mitm
5,2,Natural_Global,ssl_resumed,0.00046022897004149854,27,mitm
5,2,Natural_Global,ssl_version,0.004632114432752132,22,mitm
5,2,Natural_Global,weird_name,0.0007778214639984071,25,mitm
5,2,Natural_Global,weird_notice,0.00011288931273156777,30,mitm
5,2,Class_Balanced,conn_state,1.502310037612915,1,mitm
5,2,Class_Balanced,dns_AA,0.1014111265540123,15,mitm
5,2,Class_Balanced,dns_RA,0.1179732084274292,13,mitm
5,2,Class_Balanced,dns_RD,0.05610109493136406,17,mitm
5,2,Class_Balanced,dns_qclass,0.01266949437558651,19,mitm
5,2,Class_Balanced,dns_qtype,0.05844810605049133,16,mitm
5,2,Class_Balanced,dns_rcode,0.04864710196852684,18,mitm
5,2,Class_Balanced,dns_rejected,0.11511245369911194,14,mitm
5,2,Class_Balanced,dst_bytes,0.3606696128845215,8,mitm
5,2,Class_Balanced,dst_ip_bytes,0.3811463415622711,7,mitm
5,2,Class_Balanced,dst_pkts,0.2322542667388916,12,mitm
5,2,Class_Balanced,dst_port,0.9570196866989136,4,mitm
5,2,Class_Balanced,duration,0.679241955280304,5,mitm
5,2,Class_Balanced,http_method,0.0004172081535216421,28,mitm
5,2,Class_Balanced,http_orig_mime_types,1.0190916327701416e-05,33,mitm
5,2,Class_Balanced,http_request_body_len,0.0,34,mitm
5,2,Class_Balanced,http_resp_mime_types,0.00020175268582534045,30,mitm
5,2,Class_Balanced,http_response_body_len,0.0010755870025604963,25,mitm
5,2,Class_Balanced,http_status_code,0.004955363925546408,22,mitm
5,2,Class_Balanced,http_trans_depth,0.00027223178767599165,29,mitm
5,2,Class_Balanced,http_version,0.0007698166882619262,27,mitm
5,2,Class_Balanced,missed_bytes,0.009090444073081017,21,mitm
5,2,Class_Balanced,proto,0.3340223431587219,9,mitm
5,2,Class_Balanced,service,0.25578048825263977,10,mitm
5,2,Class_Balanced,src_bytes,0.5949060916900635,6,mitm
5,2,Class_Balanced,src_ip_bytes,1.1730841398239136,2,mitm
5,2,Class_Balanced,src_pkts,0.24483606219291687,11,mitm
5,2,Class_Balanced,src_port,1.0748426914215088,3,mitm
5,2,Class_Balanced,ssl_cipher,0.0017781031783670187,23,mitm
5,2,Class_Balanced,ssl_established,9.629901614971459e-05,32,mitm
5,2,Class_Balanced,ssl_resumed,0.000773914682213217,26,mitm
5,2,Class_Balanced,ssl_version,0.009471298195421696,20,mitm
5,2,Class_Balanced,weird_name,0.001197324600070715,24,mitm
5,2,Class_Balanced,weird_notice,0.00016193999908864498,31,mitm
5,2,Minority_Diagnostic,conn_state,0.27790704369544983,13,mitm
5,2,Minority_Diagnostic,dns_AA,0.8215678334236145,1,mitm
5,2,Minority_Diagnostic,dns_RA,0.3659219443798065,10,mitm
5,2,Minority_Diagnostic,dns_RD,0.04893975332379341,18,mitm
5,2,Minority_Diagnostic,dns_qclass,0.023034054785966873,19,mitm
5,2,Minority_Diagnostic,dns_qtype,0.05904940143227577,15,mitm
5,2,Minority_Diagnostic,dns_rcode,0.006056179758161306,21,mitm
5,2,Minority_Diagnostic,dns_rejected,0.049839336425065994,17,mitm
5,2,Minority_Diagnostic,dst_bytes,0.7392598986625671,3,mitm
5,2,Minority_Diagnostic,dst_ip_bytes,0.3289342224597931,12,mitm
5,2,Minority_Diagnostic,dst_pkts,0.47939735651016235,6,mitm
5,2,Minority_Diagnostic,dst_port,0.39415010809898376,9,mitm
5,2,Minority_Diagnostic,duration,0.49834734201431274,5,mitm
5,2,Minority_Diagnostic,http_method,0.0,23,mitm
5,2,Minority_Diagnostic,http_orig_mime_types,0.0,23,mitm
5,2,Minority_Diagnostic,http_request_body_len,0.0,23,mitm
5,2,Minority_Diagnostic,http_resp_mime_types,0.0,23,mitm
5,2,Minority_Diagnostic,http_response_body_len,0.0,23,mitm
5,2,Minority_Diagnostic,http_status_code,0.0,23,mitm
5,2,Minority_Diagnostic,http_trans_depth,0.0,23,mitm
5,2,Minority_Diagnostic,http_version,0.0,23,mitm
5,2,Minority_Diagnostic,missed_bytes,0.05606607347726822,16,mitm
5,2,Minority_Diagnostic,proto,0.348431259393692,11,mitm
5,2,Minority_Diagnostic,service,0.5699751377105713,4,mitm
5,2,Minority_Diagnostic,src_bytes,0.41588449478149414,8,mitm
5,2,Minority_Diagnostic,src_ip_bytes,0.19731706380844116,14,mitm
5,2,Minority_Diagnostic,src_pkts,0.781096339225769,2,mitm
5,2,Minority_Diagnostic,src_port,0.42704281210899353,7,mitm
5,2,Minority_Diagnostic,ssl_cipher,0.0025725008454173803,22,mitm
5,2,Minority_Diagnostic,ssl_established,0.0,23,mitm
5,2,Minority_Diagnostic,ssl_resumed,0.0,23,mitm
5,2,Minority_Diagnostic,ssl_version,0.011365890502929688,20,mitm
5,2,Minority_Diagnostic,weird_name,0.0,23,mitm
5,2,Minority_Diagnostic,weird_notice,0.0,23,mitm
5,3,Natural_Global,conn_state,0.8669808506965637,2,mitm
5,3,Natural_Global,dns_AA,0.028899597004055977,18,mitm
5,3,Natural_Global,dns_RA,0.09580380469560623,13,mitm
5,3,Natural_Global,dns_RD,0.05392323061823845,15,mitm
5,3,Natural_Global,dns_qclass,0.011695864610373974,19,mitm
5,3,Natural_Global,dns_qtype,0.05353012681007385,16,mitm
5,3,Natural_Global,dns_rcode,0.032702211290597916,17,mitm
5,3,Natural_Global,dns_rejected,0.08862027525901794,14,mitm
5,3,Natural_Global,dst_bytes,0.1902754306793213,11,mitm
5,3,Natural_Global,dst_ip_bytes,0.38269758224487305,7,mitm
5,3,Natural_Global,dst_pkts,0.16584160923957825,12,mitm
5,3,Natural_Global,dst_port,0.9846494197845459,1,mitm
5,3,Natural_Global,duration,0.6464555859565735,5,mitm
5,3,Natural_Global,http_method,0.00046368822222575545,27,mitm
5,3,Natural_Global,http_orig_mime_types,1.4988667089710361e-06,34,mitm
5,3,Natural_Global,http_request_body_len,6.166800631035585e-06,33,mitm
5,3,Natural_Global,http_resp_mime_types,9.828108159126714e-05,32,mitm
5,3,Natural_Global,http_response_body_len,0.0005659097223542631,25,mitm
5,3,Natural_Global,http_status_code,0.004400877747684717,22,mitm
5,3,Natural_Global,http_trans_depth,0.00017365702660754323,30,mitm
5,3,Natural_Global,http_version,0.00049916363786906,26,mitm
5,3,Natural_Global,missed_bytes,0.006219950504601002,20,mitm
5,3,Natural_Global,proto,0.2819032073020935,8,mitm
5,3,Natural_Global,service,0.21992447972297668,10,mitm
5,3,Natural_Global,src_bytes,0.4343317151069641,6,mitm
5,3,Natural_Global,src_ip_bytes,0.7675449252128601,3,mitm
5,3,Natural_Global,src_pkts,0.25603964924812317,9,mitm
5,3,Natural_Global,src_port,0.6773015260696411,4,mitm
5,3,Natural_Global,ssl_cipher,0.0012799652758985758,23,mitm
5,3,Natural_Global,ssl_established,0.00013616206706501544,31,mitm
5,3,Natural_Global,ssl_resumed,0.00023590937780681998,28,mitm
5,3,Natural_Global,ssl_version,0.005398888606578112,21,mitm
5,3,Natural_Global,weird_name,0.001277923583984375,24,mitm
5,3,Natural_Global,weird_notice,0.0002341475192224607,29,mitm
5,3,Class_Balanced,conn_state,1.3681186437606812,1,mitm
5,3,Class_Balanced,dns_AA,0.02626417949795723,18,mitm
5,3,Class_Balanced,dns_RA,0.1775582879781723,13,mitm
5,3,Class_Balanced,dns_RD,0.052944034337997437,17,mitm
5,3,Class_Balanced,dns_qclass,0.00873076543211937,21,mitm
5,3,Class_Balanced,dns_qtype,0.06562410295009613,15,mitm
5,3,Class_Balanced,dns_rcode,0.05596425011754036,16,mitm
5,3,Class_Balanced,dns_rejected,0.10694650560617447,14,mitm
5,3,Class_Balanced,dst_bytes,0.3343411087989807,8,mitm
5,3,Class_Balanced,dst_ip_bytes,0.36584219336509705,7,mitm
5,3,Class_Balanced,dst_pkts,0.2492152452468872,12,mitm
5,3,Class_Balanced,dst_port,0.9341203570365906,4,mitm
5,3,Class_Balanced,duration,0.7511788606643677,5,mitm
5,3,Class_Balanced,http_method,0.00033134102704934776,29,mitm
5,3,Class_Balanced,http_orig_mime_types,6.831397968198871e-06,34,mitm
5,3,Class_Balanced,http_request_body_len,1.413356039847713e-05,33,mitm
5,3,Class_Balanced,http_resp_mime_types,0.00011975290544796735,32,mitm
5,3,Class_Balanced,http_response_body_len,0.0005305347731336951,25,mitm
5,3,Class_Balanced,http_status_code,0.002500804839655757,22,mitm
5,3,Class_Balanced,http_trans_depth,0.00034324234002269804,28,mitm
5,3,Class_Balanced,http_version,0.00025178317446261644,30,mitm
5,3,Class_Balanced,missed_bytes,0.018678460270166397,19,mitm
5,3,Class_Balanced,proto,0.3151246905326843,9,mitm
5,3,Class_Balanced,service,0.3008943796157837,10,mitm
5,3,Class_Balanced,src_bytes,0.6070107817649841,6,mitm
5,3,Class_Balanced,src_ip_bytes,1.2388842105865479,2,mitm
5,3,Class_Balanced,src_pkts,0.25771623849868774,11,mitm
5,3,Class_Balanced,src_port,1.0597569942474365,3,mitm
5,3,Class_Balanced,ssl_cipher,0.002008412964642048,23,mitm
5,3,Class_Balanced,ssl_established,0.0002292877179570496,31,mitm
5,3,Class_Balanced,ssl_resumed,0.00043836524127982557,26,mitm
5,3,Class_Balanced,ssl_version,0.01124359481036663,20,mitm
5,3,Class_Balanced,weird_name,0.001917857676744461,24,mitm
5,3,Class_Balanced,weird_notice,0.0004138156946282834,27,mitm
5,3,Minority_Diagnostic,conn_state,0.44312912225723267,7,mitm
5,3,Minority_Diagnostic,dns_AA,0.0887351706624031,15,mitm
5,3,Minority_Diagnostic,dns_RA,1.0750166177749634,2,mitm
5,3,Minority_Diagnostic,dns_RD,0.016525128856301308,19,mitm
5,3,Minority_Diagnostic,dns_qclass,0.00481864158064127,21,mitm
5,3,Minority_Diagnostic,dns_qtype,0.028388429433107376,17,mitm
5,3,Minority_Diagnostic,dns_rcode,0.007010902278125286,20,mitm
5,3,Minority_Diagnostic,dns_rejected,0.08309666067361832,16,mitm
5,3,Minority_Diagnostic,dst_bytes,0.6454431414604187,4,mitm
5,3,Minority_Diagnostic,dst_ip_bytes,0.4641883969306946,6,mitm
5,3,Minority_Diagnostic,dst_pkts,0.20603086054325104,13,mitm
5,3,Minority_Diagnostic,dst_port,0.2629753053188324,12,mitm
5,3,Minority_Diagnostic,duration,0.46500301361083984,5,mitm
5,3,Minority_Diagnostic,http_method,0.0,24,mitm
5,3,Minority_Diagnostic,http_orig_mime_types,0.0,24,mitm
5,3,Minority_Diagnostic,http_request_body_len,0.0,24,mitm
5,3,Minority_Diagnostic,http_resp_mime_types,0.0,24,mitm
5,3,Minority_Diagnostic,http_response_body_len,0.0,24,mitm
5,3,Minority_Diagnostic,http_status_code,0.0,24,mitm
5,3,Minority_Diagnostic,http_trans_depth,0.0,24,mitm
5,3,Minority_Diagnostic,http_version,0.0,24,mitm
5,3,Minority_Diagnostic,missed_bytes,0.1312050223350525,14,mitm
5,3,Minority_Diagnostic,proto,0.2755378484725952,11,mitm
5,3,Minority_Diagnostic,service,1.134469747543335,1,mitm
5,3,Minority_Diagnostic,src_bytes,0.3621404469013214,9,mitm
5,3,Minority_Diagnostic,src_ip_bytes,0.2777802646160126,10,mitm
5,3,Minority_Diagnostic,src_pkts,0.6498598456382751,3,mitm
5,3,Minority_Diagnostic,src_port,0.3648216128349304,8,mitm
5,3,Minority_Diagnostic,ssl_cipher,0.001057649846188724,23,mitm
5,3,Minority_Diagnostic,ssl_established,0.0,24,mitm
5,3,Minority_Diagnostic,ssl_resumed,0.0012054377002641559,22,mitm
5,3,Minority_Diagnostic,ssl_version,0.0278320275247097,18,mitm
5,3,Minority_Diagnostic,weird_name,0.0,24,mitm
5,3,Minority_Diagnostic,weird_notice,0.0,24,mitm
5,4,Natural_Global,conn_state,0.8769669532775879,2,mitm
5,4,Natural_Global,dns_AA,0.026745904237031937,18,mitm
5,4,Natural_Global,dns_RA,0.0914064571261406,13,mitm
5,4,Natural_Global,dns_RD,0.05590664595365524,15,mitm
5,4,Natural_Global,dns_qclass,0.010660889558494091,19,mitm
5,4,Natural_Global,dns_qtype,0.04243144765496254,16,mitm
5,4,Natural_Global,dns_rcode,0.027953771874308586,17,mitm
5,4,Natural_Global,dns_rejected,0.08552819490432739,14,mitm
5,4,Natural_Global,dst_bytes,0.18411846458911896,11,mitm
5,4,Natural_Global,dst_ip_bytes,0.3710187077522278,7,mitm
5,4,Natural_Global,dst_pkts,0.16186995804309845,12,mitm
5,4,Natural_Global,dst_port,0.9614364504814148,1,mitm
5,4,Natural_Global,duration,0.6624036431312561,5,mitm
5,4,Natural_Global,http_method,0.0007131033926270902,26,mitm
5,4,Natural_Global,http_orig_mime_types,0.0,34,mitm
5,4,Natural_Global,http_request_body_len,7.182677109085489e-06,33,mitm
5,4,Natural_Global,http_resp_mime_types,0.00010540783841861412,29,mitm
5,4,Natural_Global,http_response_body_len,0.0006861808942630887,27,mitm
5,4,Natural_Global,http_status_code,0.00384986842982471,22,mitm
5,4,Natural_Global,http_trans_depth,0.00014264688070397824,28,mitm
5,4,Natural_Global,http_version,0.0008812556625343859,24,mitm
5,4,Natural_Global,missed_bytes,0.007749935612082481,20,mitm
5,4,Natural_Global,proto,0.27062708139419556,8,mitm
5,4,Natural_Global,service,0.23384453356266022,10,mitm
5,4,Natural_Global,src_bytes,0.43648263812065125,6,mitm
5,4,Natural_Global,src_ip_bytes,0.728567361831665,3,mitm
5,4,Natural_Global,src_pkts,0.24861590564250946,9,mitm
5,4,Natural_Global,src_port,0.7096895575523376,4,mitm
5,4,Natural_Global,ssl_cipher,0.0011670086532831192,23,mitm
5,4,Natural_Global,ssl_established,7.827913213986903e-05,32,mitm
5,4,Natural_Global,ssl_resumed,9.159454930340871e-05,30,mitm
5,4,Natural_Global,ssl_version,0.00450875423848629,21,mitm
5,4,Natural_Global,weird_name,0.0008783914963714778,25,mitm
5,4,Natural_Global,weird_notice,8.176756091415882e-05,31,mitm
5,4,Class_Balanced,conn_state,1.4505971670150757,1,mitm
5,4,Class_Balanced,dns_AA,0.01968289166688919,18,mitm
5,4,Class_Balanced,dns_RA,0.1969417780637741,13,mitm
5,4,Class_Balanced,dns_RD,0.0567324124276638,15,mitm
5,4,Class_Balanced,dns_qclass,0.007779967971146107,20,mitm
5,4,Class_Balanced,dns_qtype,0.055023252964019775,16,mitm
5,4,Class_Balanced,dns_rcode,0.053263742476701736,17,mitm
5,4,Class_Balanced,dns_rejected,0.11643467098474503,14,mitm
5,4,Class_Balanced,dst_bytes,0.31347623467445374,8,mitm
5,4,Class_Balanced,dst_ip_bytes,0.383655309677124,7,mitm
5,4,Class_Balanced,dst_pkts,0.2310095727443695,11,mitm
5,4,Class_Balanced,dst_port,0.9858396649360657,4,mitm
5,4,Class_Balanced,duration,0.7269770503044128,5,mitm
5,4,Class_Balanced,http_method,0.0004754259716719389,26,mitm
5,4,Class_Balanced,http_orig_mime_types,0.0,34,mitm
5,4,Class_Balanced,http_request_body_len,6.003408088872675e-06,33,mitm
5,4,Class_Balanced,http_resp_mime_types,0.00011821723455796018,31,mitm
5,4,Class_Balanced,http_response_body_len,0.0005499486578628421,25,mitm
5,4,Class_Balanced,http_status_code,0.001928776502609253,23,mitm
5,4,Class_Balanced,http_trans_depth,0.00018080504378303885,29,mitm
5,4,Class_Balanced,http_version,0.000294787430902943,27,mitm
5,4,Class_Balanced,missed_bytes,0.007306058891117573,21,mitm
5,4,Class_Balanced,proto,0.2959279417991638,9,mitm
5,4,Class_Balanced,service,0.2902649939060211,10,mitm
5,4,Class_Balanced,src_bytes,0.5879579186439514,6,mitm
5,4,Class_Balanced,src_ip_bytes,1.140281081199646,2,mitm
5,4,Class_Balanced,src_pkts,0.2275000810623169,12,mitm
5,4,Class_Balanced,src_port,1.1119540929794312,3,mitm
5,4,Class_Balanced,ssl_cipher,0.002248506061732769,22,mitm
5,4,Class_Balanced,ssl_established,0.00017955545627046376,30,mitm
5,4,Class_Balanced,ssl_resumed,0.0002147760969819501,28,mitm
5,4,Class_Balanced,ssl_version,0.0172995887696743,19,mitm
5,4,Class_Balanced,weird_name,0.0011408176505938172,24,mitm
5,4,Class_Balanced,weird_notice,9.081841562874615e-05,32,mitm
5,4,Minority_Diagnostic,conn_state,0.5559230446815491,4,mitm
5,4,Minority_Diagnostic,dns_AA,0.014882070943713188,19,mitm
5,4,Minority_Diagnostic,dns_RA,1.304532766342163,1,mitm
5,4,Minority_Diagnostic,dns_RD,0.04895269125699997,15,mitm
5,4,Minority_Diagnostic,dns_qclass,0.006730669178068638,20,mitm
5,4,Minority_Diagnostic,dns_qtype,0.02727111428976059,18,mitm
5,4,Minority_Diagnostic,dns_rcode,0.005736527498811483,21,mitm
5,4,Minority_Diagnostic,dns_rejected,0.03209676593542099,17,mitm
5,4,Minority_Diagnostic,dst_bytes,0.28354594111442566,10,mitm
5,4,Minority_Diagnostic,dst_ip_bytes,0.8970016241073608,3,mitm
5,4,Minority_Diagnostic,dst_pkts,0.29525139927864075,9,mitm
5,4,Minority_Diagnostic,dst_port,0.14587759971618652,13,mitm
5,4,Minority_Diagnostic,duration,0.4982571303844452,5,mitm
5,4,Minority_Diagnostic,http_method,0.0,22,mitm
5,4,Minority_Diagnostic,http_orig_mime_types,0.0,22,mitm
5,4,Minority_Diagnostic,http_request_body_len,0.0,22,mitm
5,4,Minority_Diagnostic,http_resp_mime_types,0.0,22,mitm
5,4,Minority_Diagnostic,http_response_body_len,0.0,22,mitm
5,4,Minority_Diagnostic,http_status_code,0.0,22,mitm
5,4,Minority_Diagnostic,http_trans_depth,0.0,22,mitm
5,4,Minority_Diagnostic,http_version,0.0,22,mitm
5,4,Minority_Diagnostic,missed_bytes,0.03211725875735283,16,mitm
5,4,Minority_Diagnostic,proto,0.14749932289123535,12,mitm
5,4,Minority_Diagnostic,service,1.0303750038146973,2,mitm
5,4,Minority_Diagnostic,src_bytes,0.35655853152275085,8,mitm
5,4,Minority_Diagnostic,src_ip_bytes,0.21494527161121368,11,mitm
5,4,Minority_Diagnostic,src_pkts,0.47551870346069336,6,mitm
5,4,Minority_Diagnostic,src_port,0.3601924777030945,7,mitm
5,4,Minority_Diagnostic,ssl_cipher,0.0,22,mitm
5,4,Minority_Diagnostic,ssl_established,0.0,22,mitm
5,4,Minority_Diagnostic,ssl_resumed,0.0,22,mitm
5,4,Minority_Diagnostic,ssl_version,0.0974309891462326,14,mitm
5,4,Minority_Diagnostic,weird_name,0.0,22,mitm
5,4,Minority_Diagnostic,weird_notice,0.0,22,mitm
5,5,Natural_Global,conn_state,0.8315747976303101,2,mitm
5,5,Natural_Global,dns_AA,0.025106456130743027,18,mitm
5,5,Natural_Global,dns_RA,0.0915423259139061,13,mitm
5,5,Natural_Global,dns_RD,0.05209978297352791,15,mitm
5,5,Natural_Global,dns_qclass,0.008101314306259155,19,mitm
5,5,Natural_Global,dns_qtype,0.04722844436764717,16,mitm
5,5,Natural_Global,dns_rcode,0.030985701829195023,17,mitm
5,5,Natural_Global,dns_rejected,0.07957218587398529,14,mitm
5,5,Natural_Global,dst_bytes,0.2023387849330902,11,mitm
5,5,Natural_Global,dst_ip_bytes,0.37272489070892334,7,mitm
5,5,Natural_Global,dst_pkts,0.1533290147781372,12,mitm
5,5,Natural_Global,dst_port,1.0153204202651978,1,mitm
5,5,Natural_Global,duration,0.6576578617095947,5,mitm
5,5,Natural_Global,http_method,0.0009906140621751547,24,mitm
5,5,Natural_Global,http_orig_mime_types,0.0,34,mitm
5,5,Natural_Global,http_request_body_len,3.170418131048791e-05,33,mitm
5,5,Natural_Global,http_resp_mime_types,0.0001822394406190142,29,mitm
5,5,Natural_Global,http_response_body_len,0.0012851188657805324,23,mitm
5,5,Natural_Global,http_status_code,0.004662779625505209,21,mitm
5,5,Natural_Global,http_trans_depth,8.21998473838903e-05,31,mitm
5,5,Natural_Global,http_version,0.0009312338661402464,25,mitm
5,5,Natural_Global,missed_bytes,0.007664483971893787,20,mitm
5,5,Natural_Global,proto,0.2691938579082489,8,mitm
5,5,Natural_Global,service,0.24340659379959106,9,mitm
5,5,Natural_Global,src_bytes,0.4285714030265808,6,mitm
5,5,Natural_Global,src_ip_bytes,0.7436631917953491,3,mitm
5,5,Natural_Global,src_pkts,0.2214558869600296,10,mitm
5,5,Natural_Global,src_port,0.6675541996955872,4,mitm
5,5,Natural_Global,ssl_cipher,0.0005354033783078194,26,mitm
5,5,Natural_Global,ssl_established,3.7034089473308995e-05,32,mitm
5,5,Natural_Global,ssl_resumed,0.0002500600239727646,28,mitm
5,5,Natural_Global,ssl_version,0.004228647332638502,22,mitm
5,5,Natural_Global,weird_name,0.000387169566238299,27,mitm
5,5,Natural_Global,weird_notice,9.135433356277645e-05,30,mitm
5,5,Class_Balanced,conn_state,1.3349107503890991,1,mitm
5,5,Class_Balanced,dns_AA,0.01925298012793064,18,mitm
5,5,Class_Balanced,dns_RA,0.2286139577627182,12,mitm
5,5,Class_Balanced,dns_RD,0.05488612875342369,16,mitm
5,5,Class_Balanced,dns_qclass,0.007404798176139593,20,mitm
5,5,Class_Balanced,dns_qtype,0.05161800980567932,17,mitm
5,5,Class_Balanced,dns_rcode,0.08536380529403687,15,mitm
5,5,Class_Balanced,dns_rejected,0.09635640680789948,14,mitm
5,5,Class_Balanced,dst_bytes,0.31137678027153015,9,mitm
5,5,Class_Balanced,dst_ip_bytes,0.4423375725746155,7,mitm
5,5,Class_Balanced,dst_pkts,0.20246092975139618,13,mitm
5,5,Class_Balanced,dst_port,1.0309432744979858,4,mitm
5,5,Class_Balanced,duration,0.7320724725723267,5,mitm
5,5,Class_Balanced,http_method,0.0006417602417059243,24,mitm
5,5,Class_Balanced,http_orig_mime_types,0.0,34,mitm
5,5,Class_Balanced,http_request_body_len,7.541469676652923e-05,31,mitm
5,5,Class_Balanced,http_resp_mime_types,0.00028031974215991795,28,mitm
5,5,Class_Balanced,http_response_body_len,0.001228135428391397,23,mitm
5,5,Class_Balanced,http_status_code,0.0025497409515082836,22,mitm
5,5,Class_Balanced,http_trans_depth,0.0001283771125599742,30,mitm
5,5,Class_Balanced,http_version,0.0003674658655654639,26,mitm
5,5,Class_Balanced,missed_bytes,0.009667228907346725,19,mitm
5,5,Class_Balanced,proto,0.3319392204284668,8,mitm
5,5,Class_Balanced,service,0.25474581122398376,10,mitm
5,5,Class_Balanced,src_bytes,0.6130794286727905,6,mitm
5,5,Class_Balanced,src_ip_bytes,1.1837482452392578,2,mitm
5,5,Class_Balanced,src_pkts,0.24836790561676025,11,mitm
5,5,Class_Balanced,src_port,1.0410773754119873,3,mitm
5,5,Class_Balanced,ssl_cipher,0.0004130469751544297,25,mitm
5,5,Class_Balanced,ssl_established,3.63844410458114e-05,33,mitm
5,5,Class_Balanced,ssl_resumed,0.0001290486252401024,29,mitm
5,5,Class_Balanced,ssl_version,0.0032633489463478327,21,mitm
5,5,Class_Balanced,weird_name,0.0003290163876954466,27,mitm
5,5,Class_Balanced,weird_notice,5.040143878431991e-05,32,mitm
5,5,Minority_Diagnostic,conn_state,0.24115343391895294,11,mitm
5,5,Minority_Diagnostic,dns_AA,0.016517046838998795,17,mitm
5,5,Minority_Diagnostic,dns_RA,1.463032841682434,1,mitm
5,5,Minority_Diagnostic,dns_RD,0.016076352447271347,18,mitm
5,5,Minority_Diagnostic,dns_qclass,0.00930527038872242,19,mitm
5,5,Minority_Diagnostic,dns_qtype,0.03621929511427879,16,mitm
5,5,Minority_Diagnostic,dns_rcode,0.0026718052104115486,21,mitm
5,5,Minority_Diagnostic,dns_rejected,0.0927400141954422,14,mitm
5,5,Minority_Diagnostic,dst_bytes,0.24029715359210968,12,mitm
5,5,Minority_Diagnostic,dst_ip_bytes,1.1932803392410278,2,mitm
5,5,Minority_Diagnostic,dst_pkts,0.22224821150302887,13,mitm
5,5,Minority_Diagnostic,dst_port,0.2769850790500641,9,mitm
5,5,Minority_Diagnostic,duration,0.6188340783119202,5,mitm
5,5,Minority_Diagnostic,http_method,0.0,23,mitm
5,5,Minority_Diagnostic,http_orig_mime_types,0.0,23,mitm
5,5,Minority_Diagnostic,http_request_body_len,0.0,23,mitm
5,5,Minority_Diagnostic,http_resp_mime_types,0.0,23,mitm
5,5,Minority_Diagnostic,http_response_body_len,0.0,23,mitm
5,5,Minority_Diagnostic,http_status_code,0.0,23,mitm
5,5,Minority_Diagnostic,http_trans_depth,0.0,23,mitm
5,5,Minority_Diagnostic,http_version,0.0,23,mitm
5,5,Minority_Diagnostic,missed_bytes,0.039566513150930405,15,mitm
5,5,Minority_Diagnostic,proto,0.30983421206474304,8,mitm
5,5,Minority_Diagnostic,service,0.6220088601112366,4,mitm
5,5,Minority_Diagnostic,src_bytes,0.43373236060142517,6,mitm
5,5,Minority_Diagnostic,src_ip_bytes,0.3722516894340515,7,mitm
5,5,Minority_Diagnostic,src_pkts,0.767600953578949,3,mitm
5,5,Minority_Diagnostic,src_port,0.26719847321510315,10,mitm
5,5,Minority_Diagnostic,ssl_cipher,0.0004923397209495306,22,mitm
5,5,Minority_Diagnostic,ssl_established,0.0,23,mitm
5,5,Minority_Diagnostic,ssl_resumed,0.0,23,mitm
5,5,Minority_Diagnostic,ssl_version,0.006635056342929602,20,mitm
5,5,Minority_Diagnostic,weird_name,0.0,23,mitm
5,5,Minority_Diagnostic,weird_notice,0.0,23,mitm
