outer_fold,selector,classifier,feature_count,accuracy,macro_f1,weighted_f1,balanced_accuracy,mcc,training_seconds,inference_seconds,milliseconds_per_record,serialized_model_bytes,record_type,class_name,class_precision,class_recall,class_f1,class_support
1,Full_42,XGBoost,42,0.9765506807866868,0.9685622487133548,0.9764470106685874,0.9644667315187242,0.9744531568724446,54.10265980400072,0.8194433310000022,0.0326237491440402,7262425.0,aggregate,,,,,
1,Full_42,XGBoost,42,,,,,,,,,,per_class,Backdoor,1.0,0.9650521152667076,0.9822152886115444,1631.0
1,Full_42,XGBoost,42,,,,,,,,,,per_class,DDoS_HTTP,0.9784043191361728,0.9650887573964496,0.9717009234435507,1690.0
1,Full_42,XGBoost,42,,,,,,,,,,per_class,DDoS_ICMP,0.9960124058484714,0.997338065661047,0.9966747949456884,2254.0
1,Full_42,XGBoost,42,,,,,,,,,,per_class,DDoS_TCP,1.0,1.0,1.0,1639.0
1,Full_42,XGBoost,42,,,,,,,,,,per_class,DDoS_UDP,1.0,1.0,1.0,2320.0
1,Full_42,XGBoost,42,,,,,,,,,,per_class,Fingerprinting,0.9555555555555556,0.80625,0.8745762711864408,160.0
1,Full_42,XGBoost,42,,,,,,,,,,per_class,MITM,1.0,1.0,1.0,64.0
1,Full_42,XGBoost,42,,,,,,,,,,per_class,Normal,1.0,1.0,1.0,3888.0
1,Full_42,XGBoost,42,,,,,,,,,,per_class,Password,0.9661602209944752,0.8754693366708386,0.9185817465528564,1598.0
1,Full_42,XGBoost,42,,,,,,,,,,per_class,Port_Scanning,0.9270334928229664,0.9615384615384616,0.943970767356882,1612.0
1,Full_42,XGBoost,42,,,,,,,,,,per_class,Ransomware,0.9405772495755518,0.9508009153318078,0.9456614509246088,1748.0
1,Full_42,XGBoost,42,,,,,,,,,,per_class,SQL_injection,0.9159090909090908,0.9769696969696968,0.9454545454545454,1650.0
1,Full_42,XGBoost,42,,,,,,,,,,per_class,Uploading,0.9685086155674392,0.9920876445526476,0.9801563439567048,1643.0
1,Full_42,XGBoost,42,,,,,,,,,,per_class,Vulnerability_scanner,0.9937578027465668,0.9875930521091812,0.9906658369632856,1612.0
1,Full_42,XGBoost,42,,,,,,,,,,per_class,XSS,0.9689403166869672,0.9888129272840274,0.978775761304214,1609.0
1,Full_42,Random_Forest,42,0.9711760490484912,0.9430186779985696,0.973747687131668,0.968179327587516,0.96871202988244,22.029584979999527,0.8945501449998119,0.0356139081535079,200018047.0,aggregate,,,,,
1,Full_42,Random_Forest,42,,,,,,,,,,per_class,Backdoor,1.0,0.9650521152667076,0.9822152886115444,1631.0
1,Full_42,Random_Forest,42,,,,,,,,,,per_class,DDoS_HTTP,0.9720902612826604,0.968639053254438,0.97036158861885,1690.0
1,Full_42,Random_Forest,42,,,,,,,,,,per_class,DDoS_ICMP,1.0,1.0,1.0,2254.0
1,Full_42,Random_Forest,42,,,,,,,,,,per_class,DDoS_TCP,1.0,1.0,1.0,1639.0
1,Full_42,Random_Forest,42,,,,,,,,,,per_class,DDoS_UDP,1.0,1.0,1.0,2320.0
1,Full_42,Random_Forest,42,,,,,,,,,,per_class,Fingerprinting,0.3355263157894737,0.95625,0.4967532467532467,160.0
1,Full_42,Random_Forest,42,,,,,,,,,,per_class,MITM,1.0,1.0,1.0,64.0
1,Full_42,Random_Forest,42,,,,,,,,,,per_class,Normal,1.0,1.0,1.0,3888.0
1,Full_42,Random_Forest,42,,,,,,,,,,per_class,Password,0.9604095563139932,0.8804755944931164,0.9187071498530852,1598.0
1,Full_42,Random_Forest,42,,,,,,,,,,per_class,Port_Scanning,0.9579885423297264,0.9336228287841192,0.9456487590323592,1612.0
1,Full_42,Random_Forest,42,,,,,,,,,,per_class,Ransomware,1.0,0.8867276887871853,0.939963614311704,1748.0
1,Full_42,Random_Forest,42,,,,,,,,,,per_class,SQL_injection,0.9187643020594966,0.9733333333333334,0.9452619187757504,1650.0
1,Full_42,Random_Forest,42,,,,,,,,,,per_class,Uploading,0.969606674612634,0.9902617163724894,0.9798253538090936,1643.0
1,Full_42,Random_Forest,42,,,,,,,,,,per_class,Vulnerability_scanner,0.9931335830212236,0.9869727047146402,0.9900435594275044,1612.0
1,Full_42,Random_Forest,42,,,,,,,,,,per_class,XSS,0.9716923076923076,0.9813548788067122,0.9764996907854052,1609.0
1,Natural_Global_20,XGBoost,20,0.9765904928736364,0.968829980279833,0.9764914991753482,0.9648758405853866,0.974497778729688,44.410923983999965,0.7722935390002021,0.0307466175252887,7357507.0,aggregate,,,,,
1,Natural_Global_20,XGBoost,20,,,,,,,,,,per_class,Backdoor,1.0,0.9650521152667076,0.9822152886115444,1631.0
1,Natural_Global_20,XGBoost,20,,,,,,,,,,per_class,DDoS_HTTP,0.9772727272727272,0.9668639053254438,0.9720404521118382,1690.0
1,Natural_Global_20,XGBoost,20,,,,,,,,,,per_class,DDoS_ICMP,0.99645390070922,0.997338065661047,0.9968957871396896,2254.0
1,Natural_Global_20,XGBoost,20,,,,,,,,,,per_class,DDoS_TCP,1.0,1.0,1.0,1639.0
1,Natural_Global_20,XGBoost,20,,,,,,,,,,per_class,DDoS_UDP,1.0,1.0,1.0,2320.0
1,Natural_Global_20,XGBoost,20,,,,,,,,,,per_class,Fingerprinting,0.9558823529411764,0.8125,0.8783783783783784,160.0
1,Natural_Global_20,XGBoost,20,,,,,,,,,,per_class,MITM,1.0,1.0,1.0,64.0
1,Natural_Global_20,XGBoost,20,,,,,,,,,,per_class,Normal,1.0,1.0,1.0,3888.0
1,Natural_Global_20,XGBoost,20,,,,,,,,,,per_class,Password,0.9667820069204152,0.8742177722152691,0.9181728557344726,1598.0
1,Natural_Global_20,XGBoost,20,,,,,,,,,,per_class,Port_Scanning,0.9270334928229664,0.9615384615384616,0.943970767356882,1612.0
1,Natural_Global_20,XGBoost,20,,,,,,,,,,per_class,Ransomware,0.9405772495755518,0.9508009153318078,0.9456614509246088,1748.0
1,Natural_Global_20,XGBoost,20,,,,,,,,,,per_class,SQL_injection,0.9143990929705216,0.9775757575757577,0.9449326303456356,1650.0
1,Natural_Global_20,XGBoost,20,,,,,,,,,,per_class,Uploading,0.9690844233055886,0.9920876445526476,0.9804511278195488,1643.0
1,Natural_Global_20,XGBoost,20,,,,,,,,,,per_class,Vulnerability_scanner,0.995,0.9875930521091812,0.991282689912827,1612.0
1,Natural_Global_20,XGBoost,20,,,,,,,,,,per_class,XSS,0.9694935936546676,0.9875699192044748,0.978448275862069,1609.0
1,Natural_Global_20,Random_Forest,20,0.9716537940918863,0.9435167328172118,0.9742309621976598,0.96867028828366,0.9692325975002276,25.07949969000037,0.6709627079999336,0.026712425670831,188521937.0,aggregate,,,,,
1,Natural_Global_20,Random_Forest,20,,,,,,,,,,per_class,Backdoor,1.0,0.9650521152667076,0.9822152886115444,1631.0
1,Natural_Global_20,Random_Forest,20,,,,,,,,,,per_class,DDoS_HTTP,0.972123368920522,0.9698224852071006,0.9709715639810428,1690.0
1,Natural_Global_20,Random_Forest,20,,,,,,,,,,per_class,DDoS_ICMP,1.0,1.0,1.0,2254.0
1,Natural_Global_20,Random_Forest,20,,,,,,,,,,per_class,DDoS_TCP,1.0,1.0,1.0,1639.0
1,Natural_Global_20,Random_Forest,20,,,,,,,,,,per_class,DDoS_UDP,1.0,1.0,1.0,2320.0
1,Natural_Global_20,Random_Forest,20,,,,,,,,,,per_class,Fingerprinting,0.3355263157894737,0.95625,0.4967532467532467,160.0
1,Natural_Global_20,Random_Forest,20,,,,,,,,,,per_class,MITM,1.0,1.0,1.0,64.0
1,Natural_Global_20,Random_Forest,20,,,,,,,,,,per_class,Normal,1.0,1.0,1.0,3888.0
1,Natural_Global_20,Random_Forest,20,,,,,,,,,,per_class,Password,0.9631650750341064,0.8836045056320401,0.9216710182767625,1598.0
1,Natural_Global_20,Random_Forest,20,,,,,,,,,,per_class,Port_Scanning,0.9579885423297264,0.9336228287841192,0.9456487590323592,1612.0
1,Natural_Global_20,Random_Forest,20,,,,,,,,,,per_class,Ransomware,1.0,0.8867276887871853,0.939963614311704,1748.0
1,Natural_Global_20,Random_Forest,20,,,,,,,,,,per_class,SQL_injection,0.9204350314825416,0.9745454545454544,0.946717692081248,1650.0
1,Natural_Global_20,Random_Forest,20,,,,,,,,,,per_class,Uploading,0.970798569725864,0.9914790018259282,0.981029810298103,1643.0
1,Natural_Global_20,Random_Forest,20,,,,,,,,,,per_class,Vulnerability_scanner,0.9943714821763602,0.9863523573200992,0.990345686701962,1612.0
1,Natural_Global_20,Random_Forest,20,,,,,,,,,,per_class,XSS,0.9723247232472324,0.9825978868862648,0.9774343122102008,1609.0
1,Class_Balanced_15,XGBoost,15,0.9747989489609046,0.9671805384282502,0.9747651661685176,0.9627965837950376,0.972625529178441,33.93419501599965,0.6886334060000081,0.02741593303607,7487921.0,aggregate,,,,,
1,Class_Balanced_15,XGBoost,15,,,,,,,,,,per_class,Backdoor,1.0,0.9650521152667076,0.9822152886115444,1631.0
1,Class_Balanced_15,XGBoost,15,,,,,,,,,,per_class,DDoS_HTTP,0.979591836734694,0.9656804733727812,0.9725864123957092,1690.0
1,Class_Balanced_15,XGBoost,15,,,,,,,,,,per_class,DDoS_ICMP,0.9960070984915704,0.9960070984915704,0.9960070984915704,2254.0
1,Class_Balanced_15,XGBoost,15,,,,,,,,,,per_class,DDoS_TCP,1.0,1.0,1.0,1639.0
1,Class_Balanced_15,XGBoost,15,,,,,,,,,,per_class,DDoS_UDP,0.9987080103359172,0.9995689655172414,0.999138302455838,2320.0
1,Class_Balanced_15,XGBoost,15,,,,,,,,,,per_class,Fingerprinting,0.9558823529411764,0.8125,0.8783783783783784,160.0
1,Class_Balanced_15,XGBoost,15,,,,,,,,,,per_class,MITM,1.0,1.0,1.0,64.0
1,Class_Balanced_15,XGBoost,15,,,,,,,,,,per_class,Normal,1.0,1.0,1.0,3888.0
1,Class_Balanced_15,XGBoost,15,,,,,,,,,,per_class,Password,0.963573883161512,0.8773466833541927,0.9184408778250902,1598.0
1,Class_Balanced_15,XGBoost,15,,,,,,,,,,per_class,Port_Scanning,1.0,0.8821339950372209,0.937376400791035,1612.0
1,Class_Balanced_15,XGBoost,15,,,,,,,,,,per_class,Ransomware,0.8666336142786316,1.0,0.9285524568393092,1748.0
1,Class_Balanced_15,XGBoost,15,,,,,,,,,,per_class,SQL_injection,0.9157175398633256,0.9745454545454544,0.9442160892542572,1650.0
1,Class_Balanced_15,XGBoost,15,,,,,,,,,,per_class,Uploading,0.9702380952380952,0.9920876445526476,0.9810412278061992,1643.0
1,Class_Balanced_15,XGBoost,15,,,,,,,,,,per_class,Vulnerability_scanner,0.9937616968184654,0.988213399503722,0.9909797822706066,1612.0
1,Class_Balanced_15,XGBoost,15,,,,,,,,,,per_class,XSS,0.9689403166869672,0.9888129272840274,0.978775761304214,1609.0
1,Class_Balanced_15,Random_Forest,15,0.9683892029620192,0.9374843418259348,0.9729587896439412,0.9679082433146922,0.9658071708593786,19.377527224000005,0.753419851000217,0.0299952166175737,188180039.0,aggregate,,,,,
1,Class_Balanced_15,Random_Forest,15,,,,,,,,,,per_class,Backdoor,1.0,0.9650521152667076,0.9822152886115444,1631.0
1,Class_Balanced_15,Random_Forest,15,,,,,,,,,,per_class,DDoS_HTTP,0.9732779097387172,0.9698224852071006,0.971547125074096,1690.0
1,Class_Balanced_15,Random_Forest,15,,,,,,,,,,per_class,DDoS_ICMP,1.0,1.0,1.0,2254.0
1,Class_Balanced_15,Random_Forest,15,,,,,,,,,,per_class,DDoS_TCP,1.0,1.0,1.0,1639.0
1,Class_Balanced_15,Random_Forest,15,,,,,,,,,,per_class,DDoS_UDP,1.0,1.0,1.0,2320.0
1,Class_Balanced_15,Random_Forest,15,,,,,,,,,,per_class,Fingerprinting,0.2644628099173554,1.0,0.4183006535947712,160.0
1,Class_Balanced_15,Random_Forest,15,,,,,,,,,,per_class,MITM,1.0,1.0,1.0,64.0
1,Class_Balanced_15,Random_Forest,15,,,,,,,,,,per_class,Normal,1.0,1.0,1.0,3888.0
1,Class_Balanced_15,Random_Forest,15,,,,,,,,,,per_class,Password,0.96043656207367,0.8811013767209012,0.9190600522193212,1598.0
1,Class_Balanced_15,Random_Forest,15,,,,,,,,,,per_class,Port_Scanning,1.0,0.8821339950372209,0.937376400791035,1612.0
1,Class_Balanced_15,Random_Forest,15,,,,,,,,,,per_class,Ransomware,1.0,0.8867276887871853,0.939963614311704,1748.0
1,Class_Balanced_15,Random_Forest,15,,,,,,,,,,per_class,SQL_injection,0.9182389937106918,0.9733333333333334,0.9449838187702264,1650.0
1,Class_Balanced_15,Random_Forest,15,,,,,,,,,,per_class,Uploading,0.970763723150358,0.9902617163724894,0.980415787887918,1643.0
1,Class_Balanced_15,Random_Forest,15,,,,,,,,,,per_class,Vulnerability_scanner,0.9937578027465668,0.9875930521091812,0.9906658369632856,1612.0
1,Class_Balanced_15,Random_Forest,15,,,,,,,,,,per_class,XSS,0.9729230769230768,0.9825978868862648,0.9777365491651206,1609.0
1,Stable_Balanced_Core,XGBoost,14,0.9759534994824428,0.9683537796387862,0.975909465332984,0.963987937479184,0.9738984844260172,34.26144330199986,0.6854317950001132,0.0272884702205634,7017512.0,aggregate,,,,,
1,Stable_Balanced_Core,XGBoost,14,,,,,,,,,,per_class,Backdoor,1.0,0.9650521152667076,0.9822152886115444,1631.0
1,Stable_Balanced_Core,XGBoost,14,,,,,,,,,,per_class,DDoS_HTTP,0.9896593673965935,0.9627218934911242,0.976004799040192,1690.0
1,Stable_Balanced_Core,XGBoost,14,,,,,,,,,,per_class,DDoS_ICMP,0.9960070984915704,0.9960070984915704,0.9960070984915704,2254.0
1,Stable_Balanced_Core,XGBoost,14,,,,,,,,,,per_class,DDoS_TCP,1.0,1.0,1.0,1639.0
1,Stable_Balanced_Core,XGBoost,14,,,,,,,,,,per_class,DDoS_UDP,0.9987080103359172,0.9995689655172414,0.999138302455838,2320.0
1,Stable_Balanced_Core,XGBoost,14,,,,,,,,,,per_class,Fingerprinting,0.9558823529411764,0.8125,0.8783783783783784,160.0
1,Stable_Balanced_Core,XGBoost,14,,,,,,,,,,per_class,MITM,1.0,1.0,1.0,64.0
1,Stable_Balanced_Core,XGBoost,14,,,,,,,,,,per_class,Normal,1.0,1.0,1.0,3888.0
1,Stable_Balanced_Core,XGBoost,14,,,,,,,,,,per_class,Password,0.9762735519888346,0.8754693366708386,0.9231276806334544,1598.0
1,Stable_Balanced_Core,XGBoost,14,,,,,,,,,,per_class,Port_Scanning,1.0,0.8821339950372209,0.937376400791035,1612.0
1,Stable_Balanced_Core,XGBoost,14,,,,,,,,,,per_class,Ransomware,0.8666336142786316,1.0,0.9285524568393092,1748.0
1,Stable_Balanced_Core,XGBoost,14,,,,,,,,,,per_class,SQL_injection,0.9139482564679416,0.9848484848484848,0.9480746791131855,1650.0
1,Stable_Balanced_Core,XGBoost,14,,,,,,,,,,per_class,Uploading,0.9714285714285714,0.9933049300060864,0.9822449593740596,1643.0
1,Stable_Balanced_Core,XGBoost,14,,,,,,,,,,per_class,Vulnerability_scanner,0.9943855271366188,0.988833746898263,0.991601866251944,1612.0
1,Stable_Balanced_Core,XGBoost,14,,,,,,,,,,per_class,XSS,0.966346153846154,0.9993784959602238,0.9825847846012832,1609.0
1,Stable_Balanced_Core,Random_Forest,14,0.966518034875388,0.9356046778818564,0.9711234174976462,0.9660182929616112,0.9637521244890762,18.822473378000723,0.6526764310001454,0.025984410820931,168586569.0,aggregate,,,,,
1,Stable_Balanced_Core,Random_Forest,14,,,,,,,,,,per_class,Backdoor,1.0,0.9650521152667076,0.9822152886115444,1631.0
1,Stable_Balanced_Core,Random_Forest,14,,,,,,,,,,per_class,DDoS_HTTP,0.9656804733727812,0.9656804733727812,0.9656804733727812,1690.0
1,Stable_Balanced_Core,Random_Forest,14,,,,,,,,,,per_class,DDoS_ICMP,1.0,1.0,1.0,2254.0
1,Stable_Balanced_Core,Random_Forest,14,,,,,,,,,,per_class,DDoS_TCP,1.0,1.0,1.0,1639.0
1,Stable_Balanced_Core,Random_Forest,14,,,,,,,,,,per_class,DDoS_UDP,1.0,1.0,1.0,2320.0
1,Stable_Balanced_Core,Random_Forest,14,,,,,,,,,,per_class,Fingerprinting,0.2644628099173554,1.0,0.4183006535947712,160.0
1,Stable_Balanced_Core,Random_Forest,14,,,,,,,,,,per_class,MITM,1.0,1.0,1.0,64.0
1,Stable_Balanced_Core,Random_Forest,14,,,,,,,,,,per_class,Normal,1.0,1.0,1.0,3888.0
1,Stable_Balanced_Core,Random_Forest,14,,,,,,,,,,per_class,Password,0.9349112426035504,0.8898623279098874,0.9118307149727476,1598.0
1,Stable_Balanced_Core,Random_Forest,14,,,,,,,,,,per_class,Port_Scanning,1.0,0.8821339950372209,0.937376400791035,1612.0
1,Stable_Balanced_Core,Random_Forest,14,,,,,,,,,,per_class,Ransomware,1.0,0.8867276887871853,0.939963614311704,1748.0
1,Stable_Balanced_Core,Random_Forest,14,,,,,,,,,,per_class,SQL_injection,0.923481308411215,0.958181818181818,0.9405116002379535,1650.0
1,Stable_Balanced_Core,Random_Forest,14,,,,,,,,,,per_class,Uploading,0.971652593486128,0.9805234327449788,0.9760678582247804,1643.0
1,Stable_Balanced_Core,Random_Forest,14,,,,,,,,,,per_class,Vulnerability_scanner,0.9888129272840274,0.9869727047146402,0.987891959018938,1612.0
1,Stable_Balanced_Core,Random_Forest,14,,,,,,,,,,per_class,XSS,0.9733250620347396,0.9751398384089496,0.9742316050915864,1609.0
1,Stable_Minority_Only,XGBoost,14,0.950871884704196,0.943093302885993,0.950776157234173,0.93939792123083,0.9464878522750476,32.32245845500074,0.8168147349997525,0.0325190992515229,8650321.0,aggregate,,,,,
1,Stable_Minority_Only,XGBoost,14,,,,,,,,,,per_class,Backdoor,1.0,0.9650521152667076,0.9822152886115444,1631.0
1,Stable_Minority_Only,XGBoost,14,,,,,,,,,,per_class,DDoS_HTTP,0.8303416328894035,0.8485207100591716,0.839332748024583,1690.0
1,Stable_Minority_Only,XGBoost,14,,,,,,,,,,per_class,DDoS_ICMP,0.9959946595460614,0.9929015084294588,0.9944456787380582,2254.0
1,Stable_Minority_Only,XGBoost,14,,,,,,,,,,per_class,DDoS_TCP,1.0,1.0,1.0,1639.0
1,Stable_Minority_Only,XGBoost,14,,,,,,,,,,per_class,DDoS_UDP,0.9957026214009456,0.9987068965517242,0.9972024962341296,2320.0
1,Stable_Minority_Only,XGBoost,14,,,,,,,,,,per_class,Fingerprinting,0.9558823529411764,0.8125,0.8783783783783784,160.0
1,Stable_Minority_Only,XGBoost,14,,,,,,,,,,per_class,MITM,1.0,1.0,1.0,64.0
1,Stable_Minority_Only,XGBoost,14,,,,,,,,,,per_class,Normal,1.0,0.9945987654320988,0.9972920696324952,3888.0
1,Stable_Minority_Only,XGBoost,14,,,,,,,,,,per_class,Password,0.9348298334540188,0.8078848560700876,0.8667338032896945,1598.0
1,Stable_Minority_Only,XGBoost,14,,,,,,,,,,per_class,Port_Scanning,0.9220701963117192,0.9615384615384616,0.9413908290312786,1612.0
1,Stable_Minority_Only,XGBoost,14,,,,,,,,,,per_class,Ransomware,0.9331836047164516,0.9508009153318078,0.9419098894871069,1748.0
1,Stable_Minority_Only,XGBoost,14,,,,,,,,,,per_class,SQL_injection,0.8789131718842291,0.901818181818182,0.8902183667364643,1650.0
1,Stable_Minority_Only,XGBoost,14,,,,,,,,,,per_class,Uploading,0.938685208596713,0.9038344491783324,0.9209302325581395,1643.0
1,Stable_Minority_Only,XGBoost,14,,,,,,,,,,per_class,Vulnerability_scanner,0.978829389788294,0.9751861042183624,0.9770043505282784,1612.0
1,Stable_Minority_Only,XGBoost,14,,,,,,,,,,per_class,XSS,0.8676227247655819,0.9776258545680548,0.9193454120397428,1609.0
1,Stable_Minority_Only,Random_Forest,14,0.940998487140696,0.91214363955279,0.9437480842493818,0.9380754639874128,0.935822227400002,22.76019426199946,0.7419258039999477,0.0295376146189962,405315188.0,aggregate,,,,,
1,Stable_Minority_Only,Random_Forest,14,,,,,,,,,,per_class,Backdoor,1.0,0.9650521152667076,0.9822152886115444,1631.0
1,Stable_Minority_Only,Random_Forest,14,,,,,,,,,,per_class,DDoS_HTTP,0.8353884093711468,0.8017751479289941,0.8182367149758454,1690.0
1,Stable_Minority_Only,Random_Forest,14,,,,,,,,,,per_class,DDoS_ICMP,1.0,1.0,1.0,2254.0
1,Stable_Minority_Only,Random_Forest,14,,,,,,,,,,per_class,DDoS_TCP,1.0,1.0,1.0,1639.0
1,Stable_Minority_Only,Random_Forest,14,,,,,,,,,,per_class,DDoS_UDP,1.0,0.9995689655172414,0.999784436300927,2320.0
1,Stable_Minority_Only,Random_Forest,14,,,,,,,,,,per_class,Fingerprinting,0.326226012793177,0.95625,0.4864864864864864,160.0
1,Stable_Minority_Only,Random_Forest,14,,,,,,,,,,per_class,MITM,1.0,1.0,1.0,64.0
1,Stable_Minority_Only,Random_Forest,14,,,,,,,,,,per_class,Normal,1.0,0.9945987654320988,0.9972920696324952,3888.0
1,Stable_Minority_Only,Random_Forest,14,,,,,,,,,,per_class,Password,0.8713259307642064,0.8347934918648311,0.8526685842122085,1598.0
1,Stable_Minority_Only,Random_Forest,14,,,,,,,,,,per_class,Port_Scanning,0.9525316455696202,0.9336228287841192,0.9429824561403508,1612.0
1,Stable_Minority_Only,Random_Forest,14,,,,,,,,,,per_class,Ransomware,1.0,0.8867276887871853,0.939963614311704,1748.0
1,Stable_Minority_Only,Random_Forest,14,,,,,,,,,,per_class,SQL_injection,0.8495475113122172,0.9103030303030304,0.8788765359859567,1650.0
1,Stable_Minority_Only,Random_Forest,14,,,,,,,,,,per_class,Uploading,0.9137717121588088,0.8965307364576993,0.9050691244239631,1643.0
1,Stable_Minority_Only,Random_Forest,14,,,,,,,,,,per_class,Vulnerability_scanner,0.9769470404984424,0.9727047146401984,0.974821262045384,1612.0
1,Stable_Minority_Only,Random_Forest,14,,,,,,,,,,per_class,XSS,0.8888221153846154,0.9192044748290864,0.9037580201649862,1609.0
1,CS_SHAP_Union,XGBoost,18,0.9775459829604268,0.9696218036327066,0.9774369334816684,0.965541163216944,0.9755497817558716,33.334216355000535,0.6994406979993073,0.0278461938848358,7154887.0,aggregate,,,,,
1,CS_SHAP_Union,XGBoost,18,,,,,,,,,,per_class,Backdoor,1.0,0.9650521152667076,0.9822152886115444,1631.0
1,CS_SHAP_Union,XGBoost,18,,,,,,,,,,per_class,DDoS_HTTP,0.98906439854192,0.9633136094674556,0.9760191846522782,1690.0
1,CS_SHAP_Union,XGBoost,18,,,,,,,,,,per_class,DDoS_ICMP,0.9955654101995566,0.9960070984915704,0.9957862053670437,2254.0
1,CS_SHAP_Union,XGBoost,18,,,,,,,,,,per_class,DDoS_TCP,1.0,1.0,1.0,1639.0
1,CS_SHAP_Union,XGBoost,18,,,,,,,,,,per_class,DDoS_UDP,0.9987080103359172,0.9995689655172414,0.999138302455838,2320.0
1,CS_SHAP_Union,XGBoost,18,,,,,,,,,,per_class,Fingerprinting,0.9555555555555556,0.80625,0.8745762711864408,160.0
1,CS_SHAP_Union,XGBoost,18,,,,,,,,,,per_class,MITM,1.0,1.0,1.0,64.0
1,CS_SHAP_Union,XGBoost,18,,,,,,,,,,per_class,Normal,1.0,1.0,1.0,3888.0
1,CS_SHAP_Union,XGBoost,18,,,,,,,,,,per_class,Password,0.9762569832402236,0.8748435544430538,0.9227722772277228,1598.0
1,CS_SHAP_Union,XGBoost,18,,,,,,,,,,per_class,Port_Scanning,0.9270334928229664,0.9615384615384616,0.943970767356882,1612.0
1,CS_SHAP_Union,XGBoost,18,,,,,,,,,,per_class,Ransomware,0.9405772495755518,0.9508009153318078,0.9456614509246088,1748.0
1,CS_SHAP_Union,XGBoost,18,,,,,,,,,,per_class,SQL_injection,0.9145106861642296,0.9854545454545456,0.9486581096849476,1650.0
1,CS_SHAP_Union,XGBoost,18,,,,,,,,,,per_class,Uploading,0.9702558001189768,0.992696287279367,0.9813477737665464,1643.0
1,CS_SHAP_Union,XGBoost,18,,,,,,,,,,per_class,Vulnerability_scanner,0.9950031230480948,0.988213399503722,0.9915966386554622,1612.0
1,CS_SHAP_Union,XGBoost,18,,,,,,,,,,per_class,XSS,0.966346153846154,0.9993784959602238,0.9825847846012832,1609.0
1,CS_SHAP_Union,Random_Forest,18,0.969703001831356,0.9415497354378808,0.9723126430869276,0.9666968968967428,0.967090846656306,18.111805106000247,0.8631344909999825,0.0343631854048882,170906820.0,aggregate,,,,,
1,CS_SHAP_Union,Random_Forest,18,,,,,,,,,,per_class,Backdoor,1.0,0.9650521152667076,0.9822152886115444,1631.0
1,CS_SHAP_Union,Random_Forest,18,,,,,,,,,,per_class,DDoS_HTTP,0.9656804733727812,0.9656804733727812,0.9656804733727812,1690.0
1,CS_SHAP_Union,Random_Forest,18,,,,,,,,,,per_class,DDoS_ICMP,1.0,1.0,1.0,2254.0
1,CS_SHAP_Union,Random_Forest,18,,,,,,,,,,per_class,DDoS_TCP,1.0,1.0,1.0,1639.0
1,CS_SHAP_Union,Random_Forest,18,,,,,,,,,,per_class,DDoS_UDP,1.0,1.0,1.0,2320.0
1,CS_SHAP_Union,Random_Forest,18,,,,,,,,,,per_class,Fingerprinting,0.3355263157894737,0.95625,0.4967532467532467,160.0
1,CS_SHAP_Union,Random_Forest,18,,,,,,,,,,per_class,MITM,1.0,1.0,1.0,64.0
1,CS_SHAP_Union,Random_Forest,18,,,,,,,,,,per_class,Normal,1.0,1.0,1.0,3888.0
1,CS_SHAP_Union,Random_Forest,18,,,,,,,,,,per_class,Password,0.936800526662278,0.890488110137672,0.9130574270131536,1598.0
1,CS_SHAP_Union,Random_Forest,18,,,,,,,,,,per_class,Port_Scanning,0.9579885423297264,0.9336228287841192,0.9456487590323592,1612.0
1,CS_SHAP_Union,Random_Forest,18,,,,,,,,,,per_class,Ransomware,1.0,0.8867276887871853,0.939963614311704,1748.0
1,CS_SHAP_Union,Random_Forest,18,,,,,,,,,,per_class,SQL_injection,0.924198250728863,0.9606060606060606,0.9420505200594352,1650.0
1,CS_SHAP_Union,Random_Forest,18,,,,,,,,,,per_class,Uploading,0.971635485817743,0.9799147900182592,0.9757575757575758,1643.0
1,CS_SHAP_Union,Random_Forest,18,,,,,,,,,,per_class,Vulnerability_scanner,0.9888198757763976,0.9875930521091812,0.9882060831781504,1612.0
1,CS_SHAP_Union,Random_Forest,18,,,,,,,,,,per_class,XSS,0.973308504034761,0.9745183343691732,0.9739130434782608,1609.0
1,Mutual_Information_19,XGBoost,19,0.9748785731348036,0.9672537898998927,0.9748352488456588,0.9628698655493724,0.972717730802934,37.07415021599991,0.6777427889992396,0.0269823548451007,7410644.0,aggregate,,,,,
1,Mutual_Information_19,XGBoost,19,,,,,,,,,,per_class,Backdoor,1.0,0.9650521152667076,0.9822152886115444,1631.0
1,Mutual_Information_19,XGBoost,19,,,,,,,,,,per_class,DDoS_HTTP,0.9784172661870504,0.9656804733727812,0.972007147111376,1690.0
1,Mutual_Information_19,XGBoost,19,,,,,,,,,,per_class,DDoS_ICMP,0.9960070984915704,0.9960070984915704,0.9960070984915704,2254.0
1,Mutual_Information_19,XGBoost,19,,,,,,,,,,per_class,DDoS_TCP,1.0,1.0,1.0,1639.0
1,Mutual_Information_19,XGBoost,19,,,,,,,,,,per_class,DDoS_UDP,0.9987080103359172,0.9995689655172414,0.999138302455838,2320.0
1,Mutual_Information_19,XGBoost,19,,,,,,,,,,per_class,Fingerprinting,0.9558823529411764,0.8125,0.8783783783783784,160.0
1,Mutual_Information_19,XGBoost,19,,,,,,,,,,per_class,MITM,1.0,1.0,1.0,64.0
1,Mutual_Information_19,XGBoost,19,,,,,,,,,,per_class,Normal,1.0,1.0,1.0,3888.0
1,Mutual_Information_19,XGBoost,19,,,,,,,,,,per_class,Password,0.9687933425797504,0.8742177722152691,0.919078947368421,1598.0
1,Mutual_Information_19,XGBoost,19,,,,,,,,,,per_class,Port_Scanning,1.0,0.8821339950372209,0.937376400791035,1612.0
1,Mutual_Information_19,XGBoost,19,,,,,,,,,,per_class,Ransomware,0.8666336142786316,1.0,0.9285524568393092,1748.0
1,Mutual_Information_19,XGBoost,19,,,,,,,,,,per_class,SQL_injection,0.9145444255800792,0.9793939393939394,0.9458589405911618,1650.0
1,Mutual_Information_19,XGBoost,19,,,,,,,,,,per_class,Uploading,0.9690844233055886,0.9920876445526476,0.9804511278195488,1643.0
1,Mutual_Information_19,XGBoost,19,,,,,,,,,,per_class,Vulnerability_scanner,0.9937578027465668,0.9875930521091812,0.9906658369632856,1612.0
1,Mutual_Information_19,XGBoost,19,,,,,,,,,,per_class,XSS,0.9695307739183424,0.9888129272840274,0.9790769230769232,1609.0
1,Mutual_Information_19,Random_Forest,19,0.9684290150489688,0.9375243379300372,0.972995735804645,0.9679430828855364,0.9658525190970048,19.23137224199945,0.6647831660002339,0.0264664052074302,188286862.0,aggregate,,,,,
1,Mutual_Information_19,Random_Forest,19,,,,,,,,,,per_class,Backdoor,1.0,0.9650521152667076,0.9822152886115444,1631.0
1,Mutual_Information_19,Random_Forest,19,,,,,,,,,,per_class,DDoS_HTTP,0.9709887507400828,0.970414201183432,0.9707013909440662,1690.0
1,Mutual_Information_19,Random_Forest,19,,,,,,,,,,per_class,DDoS_ICMP,1.0,1.0,1.0,2254.0
1,Mutual_Information_19,Random_Forest,19,,,,,,,,,,per_class,DDoS_TCP,1.0,1.0,1.0,1639.0
1,Mutual_Information_19,Random_Forest,19,,,,,,,,,,per_class,DDoS_UDP,1.0,1.0,1.0,2320.0
1,Mutual_Information_19,Random_Forest,19,,,,,,,,,,per_class,Fingerprinting,0.2644628099173554,1.0,0.4183006535947712,160.0
1,Mutual_Information_19,Random_Forest,19,,,,,,,,,,per_class,MITM,1.0,1.0,1.0,64.0
1,Mutual_Information_19,Random_Forest,19,,,,,,,,,,per_class,Normal,1.0,1.0,1.0,3888.0
1,Mutual_Information_19,Random_Forest,19,,,,,,,,,,per_class,Password,0.9636986301369864,0.8804755944931164,0.920209287115762,1598.0
1,Mutual_Information_19,Random_Forest,19,,,,,,,,,,per_class,Port_Scanning,1.0,0.8821339950372209,0.937376400791035,1612.0
1,Mutual_Information_19,Random_Forest,19,,,,,,,,,,per_class,Ransomware,1.0,0.8867276887871853,0.939963614311704,1748.0
1,Mutual_Information_19,Random_Forest,19,,,,,,,,,,per_class,SQL_injection,0.9183323814962878,0.9745454545454544,0.9456042340488092,1650.0
1,Mutual_Information_19,Random_Forest,19,,,,,,,,,,per_class,Uploading,0.9702380952380952,0.9920876445526476,0.9810412278061992,1643.0
1,Mutual_Information_19,Random_Forest,19,,,,,,,,,,per_class,Vulnerability_scanner,0.9943644333124608,0.9851116625310172,0.9897164225615456,1612.0
1,Mutual_Information_19,Random_Forest,19,,,,,,,,,,per_class,XSS,0.9729230769230768,0.9825978868862648,0.9777365491651206,1609.0
1,Random_Forest_Importance_19,XGBoost,19,0.9745202643522574,0.966891225049998,0.9744823324633723,0.9625041700612406,0.9723237247141854,37.23687387499922,0.6662388570002804,0.0265243593040958,7467282.0,aggregate,,,,,
1,Random_Forest_Importance_19,XGBoost,19,,,,,,,,,,per_class,Backdoor,1.0,0.9650521152667076,0.9822152886115444,1631.0
1,Random_Forest_Importance_19,XGBoost,19,,,,,,,,,,per_class,DDoS_HTTP,0.977245508982036,0.9656804733727812,0.9714285714285714,1690.0
1,Random_Forest_Importance_19,XGBoost,19,,,,,,,,,,per_class,DDoS_ICMP,0.9960070984915704,0.9960070984915704,0.9960070984915704,2254.0
1,Random_Forest_Importance_19,XGBoost,19,,,,,,,,,,per_class,DDoS_TCP,1.0,1.0,1.0,1639.0
1,Random_Forest_Importance_19,XGBoost,19,,,,,,,,,,per_class,DDoS_UDP,0.9987080103359172,0.9995689655172414,0.999138302455838,2320.0
1,Random_Forest_Importance_19,XGBoost,19,,,,,,,,,,per_class,Fingerprinting,0.9558823529411764,0.8125,0.8783783783783784,160.0
1,Random_Forest_Importance_19,XGBoost,19,,,,,,,,,,per_class,MITM,1.0,1.0,1.0,64.0
1,Random_Forest_Importance_19,XGBoost,19,,,,,,,,,,per_class,Normal,1.0,1.0,1.0,3888.0
1,Random_Forest_Importance_19,XGBoost,19,,,,,,,,,,per_class,Password,0.964113181504486,0.8742177722152691,0.9169675090252708,1598.0
1,Random_Forest_Importance_19,XGBoost,19,,,,,,,,,,per_class,Port_Scanning,1.0,0.8821339950372209,0.937376400791035,1612.0
1,Random_Forest_Importance_19,XGBoost,19,,,,,,,,,,per_class,Ransomware,0.8666336142786316,1.0,0.9285524568393092,1748.0
1,Random_Forest_Importance_19,XGBoost,19,,,,,,,,,,per_class,SQL_injection,0.91316685584563,0.9751515151515152,0.9431418522860492,1650.0
1,Random_Forest_Importance_19,XGBoost,19,,,,,,,,,,per_class,Uploading,0.9702380952380952,0.9920876445526476,0.9810412278061992,1643.0
1,Random_Forest_Importance_19,XGBoost,19,,,,,,,,,,per_class,Vulnerability_scanner,0.9943785134291068,0.9875930521091812,0.9909741674447556,1612.0
1,Random_Forest_Importance_19,XGBoost,19,,,,,,,,,,per_class,XSS,0.9689024390243902,0.9875699192044748,0.9781471221914436,1609.0
1,Random_Forest_Importance_19,Random_Forest,19,0.9683892029620192,0.937483607398522,0.9729556739154388,0.9679015721732024,0.9658089969944726,20.29682167899955,0.7783881889999975,0.0309892582610079,189701188.0,aggregate,,,,,
1,Random_Forest_Importance_19,Random_Forest,19,,,,,,,,,,per_class,Backdoor,1.0,0.9650521152667076,0.9822152886115444,1631.0
1,Random_Forest_Importance_19,Random_Forest,19,,,,,,,,,,per_class,DDoS_HTTP,0.970414201183432,0.970414201183432,0.970414201183432,1690.0
1,Random_Forest_Importance_19,Random_Forest,19,,,,,,,,,,per_class,DDoS_ICMP,1.0,1.0,1.0,2254.0
1,Random_Forest_Importance_19,Random_Forest,19,,,,,,,,,,per_class,DDoS_TCP,1.0,1.0,1.0,1639.0
1,Random_Forest_Importance_19,Random_Forest,19,,,,,,,,,,per_class,DDoS_UDP,1.0,1.0,1.0,2320.0
1,Random_Forest_Importance_19,Random_Forest,19,,,,,,,,,,per_class,Fingerprinting,0.2644628099173554,1.0,0.4183006535947712,160.0
1,Random_Forest_Importance_19,Random_Forest,19,,,,,,,,,,per_class,MITM,1.0,1.0,1.0,64.0
1,Random_Forest_Importance_19,Random_Forest,19,,,,,,,,,,per_class,Normal,1.0,1.0,1.0,3888.0
1,Random_Forest_Importance_19,Random_Forest,19,,,,,,,,,,per_class,Password,0.9636986301369864,0.8804755944931164,0.920209287115762,1598.0
1,Random_Forest_Importance_19,Random_Forest,19,,,,,,,,,,per_class,Port_Scanning,1.0,0.8821339950372209,0.937376400791035,1612.0
1,Random_Forest_Importance_19,Random_Forest,19,,,,,,,,,,per_class,Ransomware,1.0,0.8867276887871853,0.939963614311704,1748.0
1,Random_Forest_Importance_19,Random_Forest,19,,,,,,,,,,per_class,SQL_injection,0.9183323814962878,0.9745454545454544,0.9456042340488092,1650.0
1,Random_Forest_Importance_19,Random_Forest,19,,,,,,,,,,per_class,Uploading,0.9702380952380952,0.9920876445526476,0.9810412278061992,1643.0
1,Random_Forest_Importance_19,Random_Forest,19,,,,,,,,,,per_class,Vulnerability_scanner,0.9937460913070668,0.9857320099255584,0.989722827779508,1612.0
1,Random_Forest_Importance_19,Random_Forest,19,,,,,,,,,,per_class,XSS,0.9734895191122072,0.9813548788067122,0.9774063757350664,1609.0
2,Full_42,XGBoost,42,0.977625607134326,0.9700416047200912,0.9775352708486588,0.9671047711101028,0.9756267447513212,45.15689670600023,0.7557083370002147,0.0300863260211885,7204141.0,aggregate,,,,,
2,Full_42,XGBoost,42,,,,,,,,,,per_class,Backdoor,1.0,0.965665236051502,0.982532751091703,1631.0
2,Full_42,XGBoost,42,,,,,,,,,,per_class,DDoS_HTTP,0.9854280510018216,0.9603550295857988,0.9727299970032964,1690.0
2,Full_42,XGBoost,42,,,,,,,,,,per_class,DDoS_ICMP,0.9982214317474432,0.9960070984915704,0.9971130357539418,2254.0
2,Full_42,XGBoost,42,,,,,,,,,,per_class,DDoS_TCP,1.0,1.0,1.0,1639.0
2,Full_42,XGBoost,42,,,,,,,,,,per_class,DDoS_UDP,1.0,1.0,1.0,2320.0
2,Full_42,XGBoost,42,,,,,,,,,,per_class,Fingerprinting,0.9366197183098592,0.83125,0.8807947019867549,160.0
2,Full_42,XGBoost,42,,,,,,,,,,per_class,MITM,1.0,1.0,1.0,64.0
2,Full_42,XGBoost,42,,,,,,,,,,per_class,Normal,1.0,1.0,1.0,3889.0
2,Full_42,XGBoost,42,,,,,,,,,,per_class,Password,0.9730476848652384,0.8811013767209012,0.9247947454844008,1598.0
2,Full_42,XGBoost,42,,,,,,,,,,per_class,Port_Scanning,0.930639324487334,0.957196029776675,0.9437308868501528,1612.0
2,Full_42,XGBoost,42,,,,,,,,,,per_class,Ransomware,0.9371139809096012,0.9548054919908466,0.9458770189855484,1748.0
2,Full_42,XGBoost,42,,,,,,,,,,per_class,SQL_injection,0.9257142857142856,0.9818181818181818,0.9529411764705882,1650.0
2,Full_42,XGBoost,42,,,,,,,,,,per_class,Uploading,0.9645808736717828,0.9945222154595252,0.9793227449805216,1643.0
2,Full_42,XGBoost,42,,,,,,,,,,per_class,Vulnerability_scanner,0.9937849596022374,0.9919354838709676,0.992859360447066,1612.0
2,Full_42,XGBoost,42,,,,,,,,,,per_class,XSS,0.964328899637243,0.991915422885572,0.9779276517473944,1608.0
2,Full_42,Random_Forest,42,0.9761525599171909,0.9598507630210552,0.97642731592673,0.9696391902154304,0.9740171212485852,20.66914827400069,0.6831374140001572,0.0271971261246977,201113823.0,aggregate,,,,,
2,Full_42,Random_Forest,42,,,,,,,,,,per_class,Backdoor,1.0,0.965665236051502,0.982532751091703,1631.0
2,Full_42,Random_Forest,42,,,,,,,,,,per_class,DDoS_HTTP,0.9753605769230768,0.9603550295857988,0.9677996422182468,1690.0
2,Full_42,Random_Forest,42,,,,,,,,,,per_class,DDoS_ICMP,0.9995563442768411,0.9995563442768411,0.9995563442768411,2254.0
2,Full_42,Random_Forest,42,,,,,,,,,,per_class,DDoS_TCP,1.0,1.0,1.0,1639.0
2,Full_42,Random_Forest,42,,,,,,,,,,per_class,DDoS_UDP,1.0,0.9995689655172414,0.999784436300927,2320.0
2,Full_42,Random_Forest,42,,,,,,,,,,per_class,Fingerprinting,0.6153846153846154,0.9,0.7309644670050762,160.0
2,Full_42,Random_Forest,42,,,,,,,,,,per_class,MITM,1.0,1.0,1.0,64.0
2,Full_42,Random_Forest,42,,,,,,,,,,per_class,Normal,1.0,1.0,1.0,3889.0
2,Full_42,Random_Forest,42,,,,,,,,,,per_class,Password,0.9641407307171854,0.8917396745932415,0.9265279583875162,1598.0
2,Full_42,Random_Forest,42,,,,,,,,,,per_class,Port_Scanning,0.9628681177976952,0.9330024813895782,0.9477000630119724,1612.0
2,Full_42,Random_Forest,42,,,,,,,,,,per_class,Ransomware,0.9371139809096012,0.9548054919908466,0.9458770189855484,1748.0
2,Full_42,Random_Forest,42,,,,,,,,,,per_class,SQL_injection,0.9300173510699826,0.9745454545454544,0.9517608759988162,1650.0
2,Full_42,Random_Forest,42,,,,,,,,,,per_class,Uploading,0.9691211401425178,0.9933049300060864,0.9810640216411182,1643.0
2,Full_42,Random_Forest,42,,,,,,,,,,per_class,Vulnerability_scanner,0.9919053549190536,0.988213399503722,0.9900559353635798,1612.0
2,Full_42,Random_Forest,42,,,,,,,,,,per_class,XSS,0.9646341463414634,0.9838308457711444,0.9741379310344828,1608.0
2,Natural_Global_20,XGBoost,20,0.9777450433951748,0.969950280709618,0.9776540682892052,0.9668462020362856,0.9757595865113418,34.96885229600048,0.6786276110005929,0.0270175814555535,7329790.0,aggregate,,,,,
2,Natural_Global_20,XGBoost,20,,,,,,,,,,per_class,Backdoor,1.0,0.965665236051502,0.982532751091703,1631.0
2,Natural_Global_20,XGBoost,20,,,,,,,,,,per_class,DDoS_HTTP,0.9830508474576272,0.9609467455621302,0.971873129862358,1690.0
2,Natural_Global_20,XGBoost,20,,,,,,,,,,per_class,DDoS_ICMP,0.9977777777777778,0.9960070984915704,0.9968916518650088,2254.0
2,Natural_Global_20,XGBoost,20,,,,,,,,,,per_class,DDoS_TCP,1.0,1.0,1.0,1639.0
2,Natural_Global_20,XGBoost,20,,,,,,,,,,per_class,DDoS_UDP,1.0,1.0,1.0,2320.0
2,Natural_Global_20,XGBoost,20,,,,,,,,,,per_class,Fingerprinting,0.9361702127659576,0.825,0.8770764119601329,160.0
2,Natural_Global_20,XGBoost,20,,,,,,,,,,per_class,MITM,1.0,1.0,1.0,64.0
2,Natural_Global_20,XGBoost,20,,,,,,,,,,per_class,Normal,1.0,1.0,1.0,3889.0
2,Natural_Global_20,XGBoost,20,,,,,,,,,,per_class,Password,0.9791521890201528,0.8817271589486858,0.927889364504445,1598.0
2,Natural_Global_20,XGBoost,20,,,,,,,,,,per_class,Port_Scanning,0.930639324487334,0.957196029776675,0.9437308868501528,1612.0
2,Natural_Global_20,XGBoost,20,,,,,,,,,,per_class,Ransomware,0.9371139809096012,0.9548054919908466,0.9458770189855484,1748.0
2,Natural_Global_20,XGBoost,20,,,,,,,,,,per_class,SQL_injection,0.9243027888446216,0.9842424242424244,0.9533313765776342,1650.0
2,Natural_Global_20,XGBoost,20,,,,,,,,,,per_class,Uploading,0.9651917404129794,0.995739500912964,0.9802276812462551,1643.0
2,Natural_Global_20,XGBoost,20,,,,,,,,,,per_class,Vulnerability_scanner,0.993167701863354,0.9919354838709676,0.9925512104283054,1612.0
2,Natural_Global_20,XGBoost,20,,,,,,,,,,per_class,XSS,0.9654126213592232,0.9894278606965174,0.9772727272727272,1608.0
2,Natural_Global_20,Random_Forest,20,0.97623218409109,0.9599254333972216,0.9765031305027606,0.9697234652132244,0.9741051044021246,19.817631359999723,0.6651252589999785,0.0264800246436809,190297425.0,aggregate,,,,,
2,Natural_Global_20,Random_Forest,20,,,,,,,,,,per_class,Backdoor,1.0,0.965665236051502,0.982532751091703,1631.0
2,Natural_Global_20,Random_Forest,20,,,,,,,,,,per_class,DDoS_HTTP,0.9788774894387448,0.9597633136094674,0.9692261726919628,1690.0
2,Natural_Global_20,Random_Forest,20,,,,,,,,,,per_class,DDoS_ICMP,0.9995563442768411,0.9995563442768411,0.9995563442768411,2254.0
2,Natural_Global_20,Random_Forest,20,,,,,,,,,,per_class,DDoS_TCP,1.0,1.0,1.0,1639.0
2,Natural_Global_20,Random_Forest,20,,,,,,,,,,per_class,DDoS_UDP,1.0,0.9995689655172414,0.999784436300927,2320.0
2,Natural_Global_20,Random_Forest,20,,,,,,,,,,per_class,Fingerprinting,0.6153846153846154,0.9,0.7309644670050762,160.0
2,Natural_Global_20,Random_Forest,20,,,,,,,,,,per_class,MITM,1.0,1.0,1.0,64.0
2,Natural_Global_20,Random_Forest,20,,,,,,,,,,per_class,Normal,1.0,1.0,1.0,3889.0
2,Natural_Global_20,Random_Forest,20,,,,,,,,,,per_class,Password,0.9640921409214092,0.890488110137672,0.925829538061158,1598.0
2,Natural_Global_20,Random_Forest,20,,,,,,,,,,per_class,Port_Scanning,0.9628681177976952,0.9330024813895782,0.9477000630119724,1612.0
2,Natural_Global_20,Random_Forest,20,,,,,,,,,,per_class,Ransomware,0.9371139809096012,0.9548054919908466,0.9458770189855484,1748.0
2,Natural_Global_20,Random_Forest,20,,,,,,,,,,per_class,SQL_injection,0.929438982070561,0.973939393939394,0.9511689849067771,1650.0
2,Natural_Global_20,Random_Forest,20,,,,,,,,,,per_class,Uploading,0.968564650059312,0.993913572732806,0.9810753980174226,1643.0
2,Natural_Global_20,Random_Forest,20,,,,,,,,,,per_class,Vulnerability_scanner,0.9919204474829086,0.9900744416873448,0.990996584911518,1612.0
2,Natural_Global_20,Random_Forest,20,,,,,,,,,,per_class,XSS,0.9635036496350364,0.9850746268656716,0.9741697416974172,1608.0
2,Class_Balanced_15,XGBoost,15,0.9765904928736364,0.9690156237026188,0.9765559627185856,0.9655180989462658,0.9745953877066378,30.941598735999836,0.6759544989999995,0.0269111592881598,6982855.0,aggregate,,,,,
2,Class_Balanced_15,XGBoost,15,,,,,,,,,,per_class,Backdoor,1.0,0.965665236051502,0.982532751091703,1631.0
2,Class_Balanced_15,XGBoost,15,,,,,,,,,,per_class,DDoS_HTTP,0.992638036809816,0.957396449704142,0.9746987951807228,1690.0
2,Class_Balanced_15,XGBoost,15,,,,,,,,,,per_class,DDoS_ICMP,0.9951154529307282,0.9942324755989352,0.9946737683089216,2254.0
2,Class_Balanced_15,XGBoost,15,,,,,,,,,,per_class,DDoS_TCP,1.0,1.0,1.0,1639.0
2,Class_Balanced_15,XGBoost,15,,,,,,,,,,per_class,DDoS_UDP,0.998274374460742,0.9974137931034482,0.9978438982319964,2320.0
2,Class_Balanced_15,XGBoost,15,,,,,,,,,,per_class,Fingerprinting,0.9361702127659576,0.825,0.8770764119601329,160.0
2,Class_Balanced_15,XGBoost,15,,,,,,,,,,per_class,MITM,1.0,1.0,1.0,64.0
2,Class_Balanced_15,XGBoost,15,,,,,,,,,,per_class,Normal,1.0,1.0,1.0,3889.0
2,Class_Balanced_15,XGBoost,15,,,,,,,,,,per_class,Password,0.9866946778711484,0.8817271589486858,0.9312623925974884,1598.0
2,Class_Balanced_15,XGBoost,15,,,,,,,,,,per_class,Port_Scanning,1.0,0.8827543424317618,0.9377265238879736,1612.0
2,Class_Balanced_15,XGBoost,15,,,,,,,,,,per_class,Ransomware,0.8670634920634921,1.0,0.9287991498405952,1748.0
2,Class_Balanced_15,XGBoost,15,,,,,,,,,,per_class,SQL_injection,0.92420814479638,0.9903030303030304,0.9561146869514336,1650.0
2,Class_Balanced_15,XGBoost,15,,,,,,,,,,per_class,Uploading,0.9657817109144544,0.9963481436396836,0.9808268424206112,1643.0
2,Class_Balanced_15,XGBoost,15,,,,,,,,,,per_class,Vulnerability_scanner,0.995649471721566,0.9937965260545906,0.994722135982614,1612.0
2,Class_Balanced_15,XGBoost,15,,,,,,,,,,per_class,XSS,0.9605026929982048,0.9981343283582088,0.9789569990850868,1608.0
2,Class_Balanced_15,Random_Forest,15,0.9665578469623378,0.935474967474338,0.971305490075206,0.9661449713599914,0.9638082771695152,17.784571903000142,0.655841177000184,0.0261104059638579,170778931.0,aggregate,,,,,
2,Class_Balanced_15,Random_Forest,15,,,,,,,,,,per_class,Backdoor,1.0,0.965665236051502,0.982532751091703,1631.0
2,Class_Balanced_15,Random_Forest,15,,,,,,,,,,per_class,DDoS_HTTP,0.9723723723723724,0.9579881656804734,0.9651266766020864,1690.0
2,Class_Balanced_15,Random_Forest,15,,,,,,,,,,per_class,DDoS_ICMP,0.9995563442768411,0.9995563442768411,0.9995563442768411,2254.0
2,Class_Balanced_15,Random_Forest,15,,,,,,,,,,per_class,DDoS_TCP,1.0,1.0,1.0,1639.0
2,Class_Balanced_15,Random_Forest,15,,,,,,,,,,per_class,DDoS_UDP,1.0,0.9995689655172414,0.999784436300927,2320.0
2,Class_Balanced_15,Random_Forest,15,,,,,,,,,,per_class,Fingerprinting,0.2597402597402597,1.0,0.4123711340206185,160.0
2,Class_Balanced_15,Random_Forest,15,,,,,,,,,,per_class,MITM,1.0,1.0,1.0,64.0
2,Class_Balanced_15,Random_Forest,15,,,,,,,,,,per_class,Normal,1.0,1.0,1.0,3889.0
2,Class_Balanced_15,Random_Forest,15,,,,,,,,,,per_class,Password,0.9395532194480948,0.8948685857321652,0.9166666666666669,1598.0
2,Class_Balanced_15,Random_Forest,15,,,,,,,,,,per_class,Port_Scanning,1.0,0.8827543424317618,0.9377265238879736,1612.0
2,Class_Balanced_15,Random_Forest,15,,,,,,,,,,per_class,Ransomware,1.0,0.879862700228833,0.9360925136944614,1748.0
2,Class_Balanced_15,Random_Forest,15,,,,,,,,,,per_class,SQL_injection,0.9292869770182676,0.9557575757575758,0.9423364206752316,1650.0
2,Class_Balanced_15,Random_Forest,15,,,,,,,,,,per_class,Uploading,0.9694976076555024,0.9866098600121728,0.9779788838612368,1643.0
2,Class_Balanced_15,Random_Forest,15,,,,,,,,,,per_class,Vulnerability_scanner,0.9888888888888888,0.9937965260545906,0.9913366336633664,1612.0
2,Class_Balanced_15,Random_Forest,15,,,,,,,,,,per_class,XSS,0.9655384615384616,0.9757462686567164,0.970615527373956,1608.0
2,Stable_Balanced_Core,XGBoost,14,0.9761923720041404,0.9688364170150044,0.9761572365577408,0.9655009322177712,0.9741603457079456,31.013391548000072,0.6527445500005342,0.0259871227804974,7014175.0,aggregate,,,,,
2,Stable_Balanced_Core,XGBoost,14,,,,,,,,,,per_class,Backdoor,1.0,0.965665236051502,0.982532751091703,1631.0
2,Stable_Balanced_Core,XGBoost,14,,,,,,,,,,per_class,DDoS_HTTP,0.992014742014742,0.955621301775148,0.9734779987944544,1690.0
2,Stable_Balanced_Core,XGBoost,14,,,,,,,,,,per_class,DDoS_ICMP,0.9951154529307282,0.9942324755989352,0.9946737683089216,2254.0
2,Stable_Balanced_Core,XGBoost,14,,,,,,,,,,per_class,DDoS_TCP,1.0,1.0,1.0,1639.0
2,Stable_Balanced_Core,XGBoost,14,,,,,,,,,,per_class,DDoS_UDP,0.9982736296935693,0.9969827586206896,0.9976277765796852,2320.0
2,Stable_Balanced_Core,XGBoost,14,,,,,,,,,,per_class,Fingerprinting,0.9366197183098592,0.83125,0.8807947019867549,160.0
2,Stable_Balanced_Core,XGBoost,14,,,,,,,,,,per_class,MITM,1.0,1.0,1.0,64.0
2,Stable_Balanced_Core,XGBoost,14,,,,,,,,,,per_class,Normal,1.0,1.0,1.0,3889.0
2,Stable_Balanced_Core,XGBoost,14,,,,,,,,,,per_class,Password,0.983916083916084,0.8804755944931164,0.929326287978864,1598.0
2,Stable_Balanced_Core,XGBoost,14,,,,,,,,,,per_class,Port_Scanning,1.0,0.8827543424317618,0.9377265238879736,1612.0
2,Stable_Balanced_Core,XGBoost,14,,,,,,,,,,per_class,Ransomware,0.8670634920634921,1.0,0.9287991498405952,1748.0
2,Stable_Balanced_Core,XGBoost,14,,,,,,,,,,per_class,SQL_injection,0.9235993208828522,0.9890909090909092,0.9552238805970148,1650.0
2,Stable_Balanced_Core,XGBoost,14,,,,,,,,,,per_class,Uploading,0.9651711924439196,0.9951308581862448,0.9799220857057236,1643.0
2,Stable_Balanced_Core,XGBoost,14,,,,,,,,,,per_class,Vulnerability_scanner,0.9937926753569212,0.9931761786600496,0.9934843313682904,1612.0
2,Stable_Balanced_Core,XGBoost,14,,,,,,,,,,per_class,XSS,0.9605026929982048,0.9981343283582088,0.9789569990850868,1608.0
2,Stable_Balanced_Core,Random_Forest,14,0.966438410701489,0.9353525351647478,0.971187011266106,0.9660194149649244,0.963678517600954,17.346747795999363,0.652151713999956,0.0259635207420955,169860809.0,aggregate,,,,,
2,Stable_Balanced_Core,Random_Forest,14,,,,,,,,,,per_class,Backdoor,1.0,0.965665236051502,0.982532751091703,1631.0
2,Stable_Balanced_Core,Random_Forest,14,,,,,,,,,,per_class,DDoS_HTTP,0.9717887154861944,0.9579881656804734,0.964839094159714,1690.0
2,Stable_Balanced_Core,Random_Forest,14,,,,,,,,,,per_class,DDoS_ICMP,0.9995563442768411,0.9995563442768411,0.9995563442768411,2254.0
2,Stable_Balanced_Core,Random_Forest,14,,,,,,,,,,per_class,DDoS_TCP,1.0,1.0,1.0,1639.0
2,Stable_Balanced_Core,Random_Forest,14,,,,,,,,,,per_class,DDoS_UDP,1.0,0.9995689655172414,0.999784436300927,2320.0
2,Stable_Balanced_Core,Random_Forest,14,,,,,,,,,,per_class,Fingerprinting,0.2597402597402597,1.0,0.4123711340206185,160.0
2,Stable_Balanced_Core,Random_Forest,14,,,,,,,,,,per_class,MITM,1.0,1.0,1.0,64.0
2,Stable_Balanced_Core,Random_Forest,14,,,,,,,,,,per_class,Normal,1.0,1.0,1.0,3889.0
2,Stable_Balanced_Core,Random_Forest,14,,,,,,,,,,per_class,Password,0.9401315789473684,0.8942428035043805,0.9166132135984606,1598.0
2,Stable_Balanced_Core,Random_Forest,14,,,,,,,,,,per_class,Port_Scanning,1.0,0.8827543424317618,0.9377265238879736,1612.0
2,Stable_Balanced_Core,Random_Forest,14,,,,,,,,,,per_class,Ransomware,1.0,0.879862700228833,0.9360925136944614,1748.0
2,Stable_Balanced_Core,Random_Forest,14,,,,,,,,,,per_class,SQL_injection,0.9288235294117648,0.9569696969696968,0.942686567164179,1650.0
2,Stable_Balanced_Core,Random_Forest,14,,,,,,,,,,per_class,Uploading,0.9694793536804308,0.9860012172854534,0.9776704888352444,1643.0
2,Stable_Balanced_Core,Random_Forest,14,,,,,,,,,,per_class,Vulnerability_scanner,0.9888682745825604,0.9919354838709676,0.9903995044905544,1612.0
2,Stable_Balanced_Core,Random_Forest,14,,,,,,,,,,per_class,XSS,0.9643515673017824,0.9757462686567164,0.970015455950541,1608.0
2,Stable_Minority_Only,XGBoost,14,0.9519069989648856,0.9445406476493232,0.9518424186746292,0.9420462509630212,0.9476156470045988,34.336613591999594,0.8126807880007618,0.032354518194154,8589553.0,aggregate,,,,,
2,Stable_Minority_Only,XGBoost,14,,,,,,,,,,per_class,Backdoor,1.0,0.965665236051502,0.982532751091703,1631.0
2,Stable_Minority_Only,XGBoost,14,,,,,,,,,,per_class,DDoS_HTTP,0.8457415128052412,0.8402366863905325,0.8429801127931138,1690.0
2,Stable_Minority_Only,XGBoost,14,,,,,,,,,,per_class,DDoS_ICMP,0.9986595174262736,0.9915705412599822,0.9951024042742652,2254.0
2,Stable_Minority_Only,XGBoost,14,,,,,,,,,,per_class,DDoS_TCP,1.0,1.0,1.0,1639.0
2,Stable_Minority_Only,XGBoost,14,,,,,,,,,,per_class,DDoS_UDP,0.9957026214009456,0.9987068965517242,0.9972024962341296,2320.0
2,Stable_Minority_Only,XGBoost,14,,,,,,,,,,per_class,Fingerprinting,0.9370629370629372,0.8375,0.8844884488448846,160.0
2,Stable_Minority_Only,XGBoost,14,,,,,,,,,,per_class,MITM,1.0,1.0,1.0,64.0
2,Stable_Minority_Only,XGBoost,14,,,,,,,,,,per_class,Normal,1.0,0.9943430187708924,0.9971634863331614,3889.0
2,Stable_Minority_Only,XGBoost,14,,,,,,,,,,per_class,Password,0.9237762237762238,0.8266583229036295,0.8725231175693527,1598.0
2,Stable_Minority_Only,XGBoost,14,,,,,,,,,,per_class,Port_Scanning,0.9250599520383692,0.957196029776675,0.9408536585365856,1612.0
2,Stable_Minority_Only,XGBoost,14,,,,,,,,,,per_class,Ransomware,0.9292873051224944,0.9548054919908466,0.9418735891647856,1748.0
2,Stable_Minority_Only,XGBoost,14,,,,,,,,,,per_class,SQL_injection,0.8845700824499411,0.9103030303030304,0.8972520908004779,1650.0
2,Stable_Minority_Only,XGBoost,14,,,,,,,,,,per_class,Uploading,0.9459807073954984,0.8953134510042605,0.9199499687304564,1643.0
2,Stable_Minority_Only,XGBoost,14,,,,,,,,,,per_class,Vulnerability_scanner,0.9831144465290806,0.9751861042183624,0.9791342260977888,1612.0
2,Stable_Minority_Only,XGBoost,14,,,,,,,,,,per_class,XSS,0.8592391304347826,0.9832089552238806,0.9170533642691414,1608.0
2,Stable_Minority_Only,Random_Forest,14,0.946930488096186,0.9302419089592284,0.9471863505775792,0.9404997438627578,0.9421478270998572,22.29852238200056,0.7382679599995754,0.0293919882156053,407042804.0,aggregate,,,,,
2,Stable_Minority_Only,Random_Forest,14,,,,,,,,,,per_class,Backdoor,1.0,0.965665236051502,0.982532751091703,1631.0
2,Stable_Minority_Only,Random_Forest,14,,,,,,,,,,per_class,DDoS_HTTP,0.8519218651543793,0.8,0.8251449496490691,1690.0
2,Stable_Minority_Only,Random_Forest,14,,,,,,,,,,per_class,DDoS_ICMP,1.0,0.9995563442768411,0.9997781229199024,2254.0
2,Stable_Minority_Only,Random_Forest,14,,,,,,,,,,per_class,DDoS_TCP,1.0,1.0,1.0,1639.0
2,Stable_Minority_Only,Random_Forest,14,,,,,,,,,,per_class,DDoS_UDP,1.0,1.0,1.0,2320.0
2,Stable_Minority_Only,Random_Forest,14,,,,,,,,,,per_class,Fingerprinting,0.6127659574468085,0.9,0.729113924050633,160.0
2,Stable_Minority_Only,Random_Forest,14,,,,,,,,,,per_class,MITM,1.0,1.0,1.0,64.0
2,Stable_Minority_Only,Random_Forest,14,,,,,,,,,,per_class,Normal,1.0,0.9943430187708924,0.9971634863331614,3889.0
2,Stable_Minority_Only,Random_Forest,14,,,,,,,,,,per_class,Password,0.8688419705694178,0.8498122653316645,0.8592217652641568,1598.0
2,Stable_Minority_Only,Random_Forest,14,,,,,,,,,,per_class,Port_Scanning,0.957352005092298,0.9330024813895782,0.9450204209864908,1612.0
2,Stable_Minority_Only,Random_Forest,14,,,,,,,,,,per_class,Ransomware,0.9308421639709984,0.9548054919908466,0.9426715617057329,1748.0
2,Stable_Minority_Only,Random_Forest,14,,,,,,,,,,per_class,SQL_injection,0.8628013777267508,0.9109090909090908,0.8862028301886793,1650.0
2,Stable_Minority_Only,Random_Forest,14,,,,,,,,,,per_class,Uploading,0.9127764127764127,0.9044430919050518,0.908590645062672,1643.0
2,Stable_Minority_Only,Random_Forest,14,,,,,,,,,,per_class,Vulnerability_scanner,0.9831355402873204,0.9764267990074442,0.9797696856520384,1612.0
2,Stable_Minority_Only,Random_Forest,14,,,,,,,,,,per_class,XSS,0.8791666666666667,0.9185323383084576,0.8984184914841848,1608.0
2,CS_SHAP_Union,XGBoost,18,0.9777848554821243,0.9703177186025016,0.9776905731707732,0.9673977115601322,0.975807629172696,38.59767577099956,0.7320159929995498,0.0291430843617943,7132987.0,aggregate,,,,,
2,CS_SHAP_Union,XGBoost,18,,,,,,,,,,per_class,Backdoor,1.0,0.965665236051502,0.982532751091703,1631.0
2,CS_SHAP_Union,XGBoost,18,,,,,,,,,,per_class,DDoS_HTTP,0.992633517495396,0.9568047337278106,0.974389876468816,1690.0
2,CS_SHAP_Union,XGBoost,18,,,,,,,,,,per_class,DDoS_ICMP,0.9955575299866726,0.9942324755989352,0.9948945615982242,2254.0
2,CS_SHAP_Union,XGBoost,18,,,,,,,,,,per_class,DDoS_TCP,1.0,1.0,1.0,1639.0
2,CS_SHAP_Union,XGBoost,18,,,,,,,,,,per_class,DDoS_UDP,0.998274374460742,0.9974137931034482,0.9978438982319964,2320.0
2,CS_SHAP_Union,XGBoost,18,,,,,,,,,,per_class,Fingerprinting,0.9366197183098592,0.83125,0.8807947019867549,160.0
2,CS_SHAP_Union,XGBoost,18,,,,,,,,,,per_class,MITM,1.0,1.0,1.0,64.0
2,CS_SHAP_Union,XGBoost,18,,,,,,,,,,per_class,Normal,1.0,1.0,1.0,3889.0
2,CS_SHAP_Union,XGBoost,18,,,,,,,,,,per_class,Password,0.978442280945758,0.8804755944931164,0.9268774703557312,1598.0
2,CS_SHAP_Union,XGBoost,18,,,,,,,,,,per_class,Port_Scanning,0.930639324487334,0.957196029776675,0.9437308868501528,1612.0
2,CS_SHAP_Union,XGBoost,18,,,,,,,,,,per_class,Ransomware,0.9371139809096012,0.9548054919908466,0.9458770189855484,1748.0
2,CS_SHAP_Union,XGBoost,18,,,,,,,,,,per_class,SQL_injection,0.9249573621375782,0.986060606060606,0.954532120856556,1650.0
2,CS_SHAP_Union,XGBoost,18,,,,,,,,,,per_class,Uploading,0.9651711924439196,0.9951308581862448,0.9799220857057236,1643.0
2,CS_SHAP_Union,XGBoost,18,,,,,,,,,,per_class,Vulnerability_scanner,0.9950310559006212,0.9937965260545906,0.9944134078212292,1612.0
2,CS_SHAP_Union,XGBoost,18,,,,,,,,,,per_class,XSS,0.9605026929982048,0.9981343283582088,0.9789569990850868,1608.0
2,CS_SHAP_Union,Random_Forest,18,0.9742813918305596,0.957946761330936,0.9745758197970428,0.9677393826719444,0.9719635448747628,17.979131312999925,0.6541560510004274,0.0260433175810346,173093796.0,aggregate,,,,,
2,CS_SHAP_Union,Random_Forest,18,,,,,,,,,,per_class,Backdoor,1.0,0.965665236051502,0.982532751091703,1631.0
2,CS_SHAP_Union,Random_Forest,18,,,,,,,,,,per_class,DDoS_HTTP,0.9718056388722256,0.9585798816568049,0.96514745308311,1690.0
2,CS_SHAP_Union,Random_Forest,18,,,,,,,,,,per_class,DDoS_ICMP,0.9995563442768411,0.9995563442768411,0.9995563442768411,2254.0
2,CS_SHAP_Union,Random_Forest,18,,,,,,,,,,per_class,DDoS_TCP,1.0,1.0,1.0,1639.0
2,CS_SHAP_Union,Random_Forest,18,,,,,,,,,,per_class,DDoS_UDP,1.0,0.9995689655172414,0.999784436300927,2320.0
2,CS_SHAP_Union,Random_Forest,18,,,,,,,,,,per_class,Fingerprinting,0.6153846153846154,0.9,0.7309644670050762,160.0
2,CS_SHAP_Union,Random_Forest,18,,,,,,,,,,per_class,MITM,1.0,1.0,1.0,64.0
2,CS_SHAP_Union,Random_Forest,18,,,,,,,,,,per_class,Normal,1.0,1.0,1.0,3889.0
2,CS_SHAP_Union,Random_Forest,18,,,,,,,,,,per_class,Password,0.9376640419947506,0.8942428035043805,0.9154388212684176,1598.0
2,CS_SHAP_Union,Random_Forest,18,,,,,,,,,,per_class,Port_Scanning,0.9628681177976952,0.9330024813895782,0.9477000630119724,1612.0
2,CS_SHAP_Union,Random_Forest,18,,,,,,,,,,per_class,Ransomware,0.9371139809096012,0.9548054919908466,0.9458770189855484,1748.0
2,CS_SHAP_Union,Random_Forest,18,,,,,,,,,,per_class,SQL_injection,0.9309327036599764,0.9557575757575758,0.943181818181818,1650.0
2,CS_SHAP_Union,Random_Forest,18,,,,,,,,,,per_class,Uploading,0.9689181111775254,0.9866098600121728,0.9776839565741858,1643.0
2,CS_SHAP_Union,Random_Forest,18,,,,,,,,,,per_class,Vulnerability_scanner,0.989486703772418,0.9925558312655088,0.9910188912976154,1612.0
2,CS_SHAP_Union,Random_Forest,18,,,,,,,,,,per_class,XSS,0.9649446494464944,0.9757462686567164,0.9703153988868276,1608.0
2,Mutual_Information_19,XGBoost,19,0.975635002786846,0.9677584577908716,0.975595579712726,0.963764079770904,0.973541157397732,38.901106541000445,0.6814120669996555,0.0271284364598955,7442178.0,aggregate,,,,,
2,Mutual_Information_19,XGBoost,19,,,,,,,,,,per_class,Backdoor,1.0,0.965665236051502,0.982532751091703,1631.0
2,Mutual_Information_19,XGBoost,19,,,,,,,,,,per_class,DDoS_HTTP,0.984251968503937,0.9615384615384616,0.9727626459143968,1690.0
2,Mutual_Information_19,XGBoost,19,,,,,,,,,,per_class,DDoS_ICMP,0.9942350332594236,0.994676131322094,0.9944555333776892,2254.0
2,Mutual_Information_19,XGBoost,19,,,,,,,,,,per_class,DDoS_TCP,1.0,1.0,1.0,1639.0
2,Mutual_Information_19,XGBoost,19,,,,,,,,,,per_class,DDoS_UDP,0.998274374460742,0.9974137931034482,0.9978438982319964,2320.0
2,Mutual_Information_19,XGBoost,19,,,,,,,,,,per_class,Fingerprinting,0.9420289855072465,0.8125,0.8724832214765101,160.0
2,Mutual_Information_19,XGBoost,19,,,,,,,,,,per_class,MITM,1.0,1.0,1.0,64.0
2,Mutual_Information_19,XGBoost,19,,,,,,,,,,per_class,Normal,1.0,1.0,1.0,3889.0
2,Mutual_Information_19,XGBoost,19,,,,,,,,,,per_class,Password,0.9757785467128028,0.8823529411764706,0.9267170555372988,1598.0
2,Mutual_Information_19,XGBoost,19,,,,,,,,,,per_class,Port_Scanning,1.0,0.8827543424317618,0.9377265238879736,1612.0
2,Mutual_Information_19,XGBoost,19,,,,,,,,,,per_class,Ransomware,0.8670634920634921,1.0,0.9287991498405952,1748.0
2,Mutual_Information_19,XGBoost,19,,,,,,,,,,per_class,SQL_injection,0.9251428571428572,0.9812121212121212,0.9523529411764706,1650.0
2,Mutual_Information_19,XGBoost,19,,,,,,,,,,per_class,Uploading,0.964622641509434,0.995739500912964,0.9799341120095836,1643.0
2,Mutual_Information_19,XGBoost,19,,,,,,,,,,per_class,Vulnerability_scanner,0.9943995021779714,0.9913151364764268,0.9928549238894068,1612.0
2,Mutual_Information_19,XGBoost,19,,,,,,,,,,per_class,XSS,0.9648910411622276,0.9912935323383084,0.977914110429448,1608.0
2,Mutual_Information_19,Random_Forest,19,0.9689465721793136,0.9379075761954864,0.9736715273584634,0.9685728209113758,0.9664299862752906,19.80947973000002,0.6661491320001005,0.0265207871645871,189523790.0,aggregate,,,,,
2,Mutual_Information_19,Random_Forest,19,,,,,,,,,,per_class,Backdoor,1.0,0.965665236051502,0.982532751091703,1631.0
2,Mutual_Information_19,Random_Forest,19,,,,,,,,,,per_class,DDoS_HTTP,0.9782739891369946,0.959171597633136,0.9686286226471468,1690.0
2,Mutual_Information_19,Random_Forest,19,,,,,,,,,,per_class,DDoS_ICMP,0.9995563442768411,0.9995563442768411,0.9995563442768411,2254.0
2,Mutual_Information_19,Random_Forest,19,,,,,,,,,,per_class,DDoS_TCP,1.0,1.0,1.0,1639.0
2,Mutual_Information_19,Random_Forest,19,,,,,,,,,,per_class,DDoS_UDP,1.0,0.9995689655172414,0.999784436300927,2320.0
2,Mutual_Information_19,Random_Forest,19,,,,,,,,,,per_class,Fingerprinting,0.2597402597402597,1.0,0.4123711340206185,160.0
2,Mutual_Information_19,Random_Forest,19,,,,,,,,,,per_class,MITM,1.0,1.0,1.0,64.0
2,Mutual_Information_19,Random_Forest,19,,,,,,,,,,per_class,Normal,1.0,1.0,1.0,3889.0
2,Mutual_Information_19,Random_Forest,19,,,,,,,,,,per_class,Password,0.9740082079343364,0.8911138923654568,0.930718954248366,1598.0
2,Mutual_Information_19,Random_Forest,19,,,,,,,,,,per_class,Port_Scanning,1.0,0.8827543424317618,0.9377265238879736,1612.0
2,Mutual_Information_19,Random_Forest,19,,,,,,,,,,per_class,Ransomware,1.0,0.879862700228833,0.9360925136944614,1748.0
2,Mutual_Information_19,Random_Forest,19,,,,,,,,,,per_class,SQL_injection,0.9282845668387836,0.9806060606060606,0.9537282640730916,1650.0
2,Mutual_Information_19,Random_Forest,19,,,,,,,,,,per_class,Uploading,0.9691577698695136,0.9945222154595252,0.9816761790327426,1643.0
2,Mutual_Information_19,Random_Forest,19,,,,,,,,,,per_class,Vulnerability_scanner,0.9931549471064096,0.9900744416873448,0.9916123019571296,1612.0
2,Mutual_Information_19,Random_Forest,19,,,,,,,,,,per_class,XSS,0.9629404617253948,0.9856965174129352,0.9741856177012908,1608.0
2,Random_Forest_Importance_19,XGBoost,19,0.97523688191735,0.9678637663224764,0.975209960414546,0.9645123306168616,0.9731057126891104,36.75655719600036,0.6937259650003398,0.0276186784377872,7426491.0,aggregate,,,,,
2,Random_Forest_Importance_19,XGBoost,19,,,,,,,,,,per_class,Backdoor,1.0,0.965665236051502,0.982532751091703,1631.0
2,Random_Forest_Importance_19,XGBoost,19,,,,,,,,,,per_class,DDoS_HTTP,0.9836165048543688,0.959171597633136,0.9712402636309168,1690.0
2,Random_Forest_Importance_19,XGBoost,19,,,,,,,,,,per_class,DDoS_ICMP,0.9951154529307282,0.9942324755989352,0.9946737683089216,2254.0
2,Random_Forest_Importance_19,XGBoost,19,,,,,,,,,,per_class,DDoS_TCP,1.0,1.0,1.0,1639.0
2,Random_Forest_Importance_19,XGBoost,19,,,,,,,,,,per_class,DDoS_UDP,0.9982736296935693,0.9969827586206896,0.9976277765796852,2320.0
2,Random_Forest_Importance_19,XGBoost,19,,,,,,,,,,per_class,Fingerprinting,0.9366197183098592,0.83125,0.8807947019867549,160.0
2,Random_Forest_Importance_19,XGBoost,19,,,,,,,,,,per_class,MITM,1.0,1.0,1.0,64.0
2,Random_Forest_Importance_19,XGBoost,19,,,,,,,,,,per_class,Normal,1.0,1.0,1.0,3889.0
2,Random_Forest_Importance_19,XGBoost,19,,,,,,,,,,per_class,Password,0.9723947550034506,0.8817271589486858,0.9248441089596324,1598.0
2,Random_Forest_Importance_19,XGBoost,19,,,,,,,,,,per_class,Port_Scanning,1.0,0.8827543424317618,0.9377265238879736,1612.0
2,Random_Forest_Importance_19,XGBoost,19,,,,,,,,,,per_class,Ransomware,0.8670634920634921,1.0,0.9287991498405952,1748.0
2,Random_Forest_Importance_19,XGBoost,19,,,,,,,,,,per_class,SQL_injection,0.9244851258581236,0.9793939393939394,0.9511477339611536,1650.0
2,Random_Forest_Importance_19,XGBoost,19,,,,,,,,,,per_class,Uploading,0.9645808736717828,0.9945222154595252,0.9793227449805216,1643.0
2,Random_Forest_Importance_19,XGBoost,19,,,,,,,,,,per_class,Vulnerability_scanner,0.9937849596022374,0.9919354838709676,0.992859360447066,1612.0
2,Random_Forest_Importance_19,XGBoost,19,,,,,,,,,,per_class,XSS,0.9630973986690864,0.9900497512437813,0.9763876111622202,1608.0
2,Random_Forest_Importance_19,Random_Forest,19,0.968508639222868,0.9374537472322544,0.9732313673802256,0.9681307070732004,0.9659494642783336,19.640820810999685,0.6704178840000168,0.0266907350903741,190333380.0,aggregate,,,,,
2,Random_Forest_Importance_19,Random_Forest,19,,,,,,,,,,per_class,Backdoor,1.0,0.965665236051502,0.982532751091703,1631.0
2,Random_Forest_Importance_19,Random_Forest,19,,,,,,,,,,per_class,DDoS_HTTP,0.9794313369630974,0.9579881656804734,0.968591085851032,1690.0
2,Random_Forest_Importance_19,Random_Forest,19,,,,,,,,,,per_class,DDoS_ICMP,0.9995563442768411,0.9995563442768411,0.9995563442768411,2254.0
2,Random_Forest_Importance_19,Random_Forest,19,,,,,,,,,,per_class,DDoS_TCP,1.0,1.0,1.0,1639.0
2,Random_Forest_Importance_19,Random_Forest,19,,,,,,,,,,per_class,DDoS_UDP,1.0,0.9995689655172414,0.999784436300927,2320.0
2,Random_Forest_Importance_19,Random_Forest,19,,,,,,,,,,per_class,Fingerprinting,0.2597402597402597,1.0,0.4123711340206185,160.0
2,Random_Forest_Importance_19,Random_Forest,19,,,,,,,,,,per_class,MITM,1.0,1.0,1.0,64.0
2,Random_Forest_Importance_19,Random_Forest,19,,,,,,,,,,per_class,Normal,1.0,1.0,1.0,3889.0
2,Random_Forest_Importance_19,Random_Forest,19,,,,,,,,,,per_class,Password,0.9673691366417404,0.890488110137672,0.9273378950798306,1598.0
2,Random_Forest_Importance_19,Random_Forest,19,,,,,,,,,,per_class,Port_Scanning,1.0,0.8827543424317618,0.9377265238879736,1612.0
2,Random_Forest_Importance_19,Random_Forest,19,,,,,,,,,,per_class,Ransomware,1.0,0.879862700228833,0.9360925136944614,1748.0
2,Random_Forest_Importance_19,Random_Forest,19,,,,,,,,,,per_class,SQL_injection,0.9279123414071512,0.9751515151515152,0.9509456264775412,1650.0
2,Random_Forest_Importance_19,Random_Forest,19,,,,,,,,,,per_class,Uploading,0.968564650059312,0.993913572732806,0.9810753980174226,1643.0
2,Random_Forest_Importance_19,Random_Forest,19,,,,,,,,,,per_class,Vulnerability_scanner,0.990700557966522,0.9913151364764268,0.9910077519379844,1612.0
2,Random_Forest_Importance_19,Random_Forest,19,,,,,,,,,,per_class,XSS,0.9641119221411192,0.9856965174129352,0.9747847478474784,1608.0
3,Full_42,XGBoost,42,0.9783024126124692,0.9703348900303858,0.9781807829263576,0.967485534954586,0.976375685366472,46.96609326900034,0.7508988719991976,0.029894851182387,7251771.0,aggregate,,,,,
3,Full_42,XGBoost,42,,,,,,,,,,per_class,Backdoor,1.0,0.9717964438994482,0.9856965174129352,1631.0
3,Full_42,XGBoost,42,,,,,,,,,,per_class,DDoS_HTTP,0.98421372191864,0.959171597633136,0.9715313155528916,1690.0
3,Full_42,XGBoost,42,,,,,,,,,,per_class,DDoS_ICMP,0.9986642920747996,0.9951197870452528,0.9968888888888888,2254.0
3,Full_42,XGBoost,42,,,,,,,,,,per_class,DDoS_TCP,1.0,1.0,1.0,1640.0
3,Full_42,XGBoost,42,,,,,,,,,,per_class,DDoS_UDP,1.0,1.0,1.0,2319.0
3,Full_42,XGBoost,42,,,,,,,,,,per_class,Fingerprinting,0.93006993006993,0.8260869565217391,0.8750000000000001,161.0
3,Full_42,XGBoost,42,,,,,,,,,,per_class,MITM,1.0,1.0,1.0,64.0
3,Full_42,XGBoost,42,,,,,,,,,,per_class,Normal,1.0,1.0,1.0,3888.0
3,Full_42,XGBoost,42,,,,,,,,,,per_class,Password,0.976157082748948,0.8710888610763454,0.9206349206349206,1598.0
3,Full_42,XGBoost,42,,,,,,,,,,per_class,Port_Scanning,0.9397227245328512,0.96772191185599,0.9535168195718656,1611.0
3,Full_42,XGBoost,42,,,,,,,,,,per_class,Ransomware,0.9469525959367946,0.959954233409611,0.953409090909091,1748.0
3,Full_42,XGBoost,42,,,,,,,,,,per_class,SQL_injection,0.915406162464986,0.9903030303030304,0.9513828238719068,1650.0
3,Full_42,XGBoost,42,,,,,,,,,,per_class,Uploading,0.9666666666666668,0.9884357881923312,0.9774300331026182,1643.0
3,Full_42,XGBoost,42,,,,,,,,,,per_class,Vulnerability_scanner,0.9919604205318492,0.9944203347799132,0.993188854489164,1613.0
3,Full_42,XGBoost,42,,,,,,,,,,per_class,XSS,0.9647844565877352,0.98818407960199,0.9763440860215054,1608.0
3,Full_42,Random_Forest,42,0.9763914324388884,0.9597406108630848,0.9766540205946208,0.9691397098971114,0.9742805801561508,20.00055209199945,0.7822448019996955,0.0311427980730828,199631893.0,aggregate,,,,,
3,Full_42,Random_Forest,42,,,,,,,,,,per_class,Backdoor,1.0,0.9717964438994482,0.9856965174129352,1631.0
3,Full_42,Random_Forest,42,,,,,,,,,,per_class,DDoS_HTTP,0.9771771771771772,0.9627218934911242,0.9698956780923996,1690.0
3,Full_42,Random_Forest,42,,,,,,,,,,per_class,DDoS_ICMP,1.0,0.9991126885536824,0.9995561473590768,2254.0
3,Full_42,Random_Forest,42,,,,,,,,,,per_class,DDoS_TCP,1.0,1.0,1.0,1640.0
3,Full_42,Random_Forest,42,,,,,,,,,,per_class,DDoS_UDP,1.0,1.0,1.0,2319.0
3,Full_42,Random_Forest,42,,,,,,,,,,per_class,Fingerprinting,0.6137339055793991,0.8881987577639752,0.7258883248730965,161.0
3,Full_42,Random_Forest,42,,,,,,,,,,per_class,MITM,1.0,1.0,1.0,64.0
3,Full_42,Random_Forest,42,,,,,,,,,,per_class,Normal,1.0,1.0,1.0,3888.0
3,Full_42,Random_Forest,42,,,,,,,,,,per_class,Password,0.9584468664850136,0.8804755944931164,0.9178082191780822,1598.0
3,Full_42,Random_Forest,42,,,,,,,,,,per_class,Port_Scanning,0.9673704414587332,0.9385474860335196,0.9527410207939508,1611.0
3,Full_42,Random_Forest,42,,,,,,,,,,per_class,Ransomware,0.9469525959367946,0.959954233409611,0.953409090909091,1748.0
3,Full_42,Random_Forest,42,,,,,,,,,,per_class,SQL_injection,0.9188107489994284,0.973939393939394,0.9455722271256252,1650.0
3,Full_42,Random_Forest,42,,,,,,,,,,per_class,Uploading,0.970131421744325,0.9884357881923312,0.979198070545674,1643.0
3,Full_42,Random_Forest,42,,,,,,,,,,per_class,Vulnerability_scanner,0.9919204474829086,0.9894606323620584,0.9906890130353816,1613.0
3,Full_42,Random_Forest,42,,,,,,,,,,per_class,XSS,0.9670128283445328,0.984452736318408,0.9756548536209554,1608.0
3,Natural_Global_20,XGBoost,20,0.9781829763516204,0.9698295708269192,0.9780633782537232,0.9670010082775402,0.9762419205386328,34.86379674799991,0.6898101599999791,0.0274627820686352,7326004.0,aggregate,,,,,
3,Natural_Global_20,XGBoost,20,,,,,,,,,,per_class,Backdoor,1.0,0.9717964438994482,0.9856965174129352,1631.0
3,Natural_Global_20,XGBoost,20,,,,,,,,,,per_class,DDoS_HTTP,0.9836363636363636,0.9603550295857988,0.9718562874251496,1690.0
3,Natural_Global_20,XGBoost,20,,,,,,,,,,per_class,DDoS_ICMP,0.9982190560997328,0.994676131322094,0.9964444444444444,2254.0
3,Natural_Global_20,XGBoost,20,,,,,,,,,,per_class,DDoS_TCP,1.0,1.0,1.0,1640.0
3,Natural_Global_20,XGBoost,20,,,,,,,,,,per_class,DDoS_UDP,1.0,1.0,1.0,2319.0
3,Natural_Global_20,XGBoost,20,,,,,,,,,,per_class,Fingerprinting,0.9230769230769232,0.8198757763975155,0.868421052631579,161.0
3,Natural_Global_20,XGBoost,20,,,,,,,,,,per_class,MITM,1.0,1.0,1.0,64.0
3,Natural_Global_20,XGBoost,20,,,,,,,,,,per_class,Normal,1.0,1.0,1.0,3888.0
3,Natural_Global_20,XGBoost,20,,,,,,,,,,per_class,Password,0.973463687150838,0.8723404255319149,0.92013201320132,1598.0
3,Natural_Global_20,XGBoost,20,,,,,,,,,,per_class,Port_Scanning,0.9397227245328512,0.96772191185599,0.9535168195718656,1611.0
3,Natural_Global_20,XGBoost,20,,,,,,,,,,per_class,Ransomware,0.9469525959367946,0.959954233409611,0.953409090909091,1748.0
3,Natural_Global_20,XGBoost,20,,,,,,,,,,per_class,SQL_injection,0.9162450815064644,0.987878787878788,0.9507144940215808,1650.0
3,Natural_Global_20,XGBoost,20,,,,,,,,,,per_class,Uploading,0.9666666666666668,0.9884357881923312,0.9774300331026182,1643.0
3,Natural_Global_20,XGBoost,20,,,,,,,,,,per_class,Vulnerability_scanner,0.9925788497217068,0.9950402975821452,0.9938080495356038,1613.0
3,Natural_Global_20,XGBoost,20,,,,,,,,,,per_class,XSS,0.9653284671532848,0.9869402985074628,0.9760147601476016,1608.0
3,Natural_Global_20,Random_Forest,20,0.9768691774822836,0.9602310055440282,0.977132339290632,0.9696353205511344,0.974802562824993,19.47206231600012,0.6708222300003399,0.0267068329484966,187341671.0,aggregate,,,,,
3,Natural_Global_20,Random_Forest,20,,,,,,,,,,per_class,Backdoor,1.0,0.9717964438994482,0.9856965174129352,1631.0
3,Natural_Global_20,Random_Forest,20,,,,,,,,,,per_class,DDoS_HTTP,0.9806996381182148,0.9621301775147928,0.971326164874552,1690.0
3,Natural_Global_20,Random_Forest,20,,,,,,,,,,per_class,DDoS_ICMP,1.0,0.9991126885536824,0.9995561473590768,2254.0
3,Natural_Global_20,Random_Forest,20,,,,,,,,,,per_class,DDoS_TCP,1.0,1.0,1.0,1640.0
3,Natural_Global_20,Random_Forest,20,,,,,,,,,,per_class,DDoS_UDP,1.0,1.0,1.0,2319.0
3,Natural_Global_20,Random_Forest,20,,,,,,,,,,per_class,Fingerprinting,0.6137339055793991,0.8881987577639752,0.7258883248730965,161.0
3,Natural_Global_20,Random_Forest,20,,,,,,,,,,per_class,MITM,1.0,1.0,1.0,64.0
3,Natural_Global_20,Random_Forest,20,,,,,,,,,,per_class,Normal,1.0,1.0,1.0,3888.0
3,Natural_Global_20,Random_Forest,20,,,,,,,,,,per_class,Password,0.9611451942740288,0.8823529411764706,0.9200652528548124,1598.0
3,Natural_Global_20,Random_Forest,20,,,,,,,,,,per_class,Port_Scanning,0.9673704414587332,0.9385474860335196,0.9527410207939508,1611.0
3,Natural_Global_20,Random_Forest,20,,,,,,,,,,per_class,Ransomware,0.9469525959367946,0.959954233409611,0.953409090909091,1748.0
3,Natural_Global_20,Random_Forest,20,,,,,,,,,,per_class,SQL_injection,0.92,0.9757575757575756,0.9470588235294116,1650.0
3,Natural_Global_20,Random_Forest,20,,,,,,,,,,per_class,Uploading,0.9707287933094384,0.9890444309190504,0.9798010250226108,1643.0
3,Natural_Global_20,Random_Forest,20,,,,,,,,,,per_class,Vulnerability_scanner,0.9919454770755886,0.9925604463732176,0.9922528664394172,1613.0
3,Natural_Global_20,Random_Forest,20,,,,,,,,,,per_class,XSS,0.9664429530201344,0.9850746268656716,0.975669849091469,1608.0
3,Class_Balanced_15,XGBoost,15,0.97722748626483,0.9690282618816376,0.9771570644718974,0.9658287572727816,0.9752766898880902,31.108539821000704,0.6762818290007999,0.0269241909786129,7112821.0,aggregate,,,,,
3,Class_Balanced_15,XGBoost,15,,,,,,,,,,per_class,Backdoor,1.0,0.9717964438994482,0.9856965174129352,1631.0
3,Class_Balanced_15,XGBoost,15,,,,,,,,,,per_class,DDoS_HTTP,0.992063492063492,0.9615384615384616,0.9765625,1690.0
3,Class_Balanced_15,XGBoost,15,,,,,,,,,,per_class,DDoS_ICMP,0.9960017769880052,0.994676131322094,0.995338512763596,2254.0
3,Class_Balanced_15,XGBoost,15,,,,,,,,,,per_class,DDoS_TCP,1.0,1.0,1.0,1640.0
3,Class_Balanced_15,XGBoost,15,,,,,,,,,,per_class,DDoS_UDP,1.0,0.9978438982319966,0.9989207856680336,2319.0
3,Class_Balanced_15,XGBoost,15,,,,,,,,,,per_class,Fingerprinting,0.9230769230769232,0.8198757763975155,0.868421052631579,161.0
3,Class_Balanced_15,XGBoost,15,,,,,,,,,,per_class,MITM,1.0,1.0,1.0,64.0
3,Class_Balanced_15,XGBoost,15,,,,,,,,,,per_class,Normal,1.0,1.0,1.0,3888.0
3,Class_Balanced_15,XGBoost,15,,,,,,,,,,per_class,Password,0.9823321554770318,0.869837296620776,0.9226684367739794,1598.0
3,Class_Balanced_15,XGBoost,15,,,,,,,,,,per_class,Port_Scanning,1.0,0.8969584109248914,0.9456806282722512,1611.0
3,Class_Balanced_15,XGBoost,15,,,,,,,,,,per_class,Ransomware,0.8801611278952669,1.0,0.93626138189609,1748.0
3,Class_Balanced_15,XGBoost,15,,,,,,,,,,per_class,SQL_injection,0.9144295302013424,0.990909090909091,0.9511343804537522,1650.0
3,Class_Balanced_15,XGBoost,15,,,,,,,,,,per_class,Uploading,0.966824644549763,0.9933049300060864,0.9798859201441008,1643.0
3,Class_Balanced_15,XGBoost,15,,,,,,,,,,per_class,Vulnerability_scanner,0.9956521739130436,0.9938003719776812,0.9947254111076635,1613.0
3,Class_Balanced_15,XGBoost,15,,,,,,,,,,per_class,XSS,0.9639206253758268,0.9968905472636816,0.9801284011005807,1608.0
3,Class_Balanced_15,Random_Forest,15,0.9686678875706664,0.938842802883766,0.972605259589736,0.9682236525153094,0.96604635056292,17.189874906000114,0.6570982990006087,0.0261604546142451,168630463.0,aggregate,,,,,
3,Class_Balanced_15,Random_Forest,15,,,,,,,,,,per_class,Backdoor,1.0,0.9717964438994482,0.9856965174129352,1631.0
3,Class_Balanced_15,Random_Forest,15,,,,,,,,,,per_class,DDoS_HTTP,0.9685273159144892,0.9650887573964496,0.966804979253112,1690.0
3,Class_Balanced_15,Random_Forest,15,,,,,,,,,,per_class,DDoS_ICMP,1.0,0.9991126885536824,0.9995561473590768,2254.0
3,Class_Balanced_15,Random_Forest,15,,,,,,,,,,per_class,DDoS_TCP,1.0,1.0,1.0,1640.0
3,Class_Balanced_15,Random_Forest,15,,,,,,,,,,per_class,DDoS_UDP,1.0,1.0,1.0,2319.0
3,Class_Balanced_15,Random_Forest,15,,,,,,,,,,per_class,Fingerprinting,0.2875,1.0,0.4466019417475727,161.0
3,Class_Balanced_15,Random_Forest,15,,,,,,,,,,per_class,MITM,1.0,1.0,1.0,64.0
3,Class_Balanced_15,Random_Forest,15,,,,,,,,,,per_class,Normal,1.0,1.0,1.0,3888.0
3,Class_Balanced_15,Random_Forest,15,,,,,,,,,,per_class,Password,0.9356533158240316,0.8917396745932415,0.913168856135854,1598.0
3,Class_Balanced_15,Random_Forest,15,,,,,,,,,,per_class,Port_Scanning,1.0,0.8969584109248914,0.9456806282722512,1611.0
3,Class_Balanced_15,Random_Forest,15,,,,,,,,,,per_class,Ransomware,1.0,0.8941647597254004,0.9441256418000604,1748.0
3,Class_Balanced_15,Random_Forest,15,,,,,,,,,,per_class,SQL_injection,0.9272727272727272,0.958181818181818,0.9424739195231,1650.0
3,Class_Balanced_15,Random_Forest,15,,,,,,,,,,per_class,Uploading,0.9699338544798556,0.9817407181984176,0.9758015728977616,1643.0
3,Class_Balanced_15,Random_Forest,15,,,,,,,,,,per_class,Vulnerability_scanner,0.9907292954264524,0.9938003719776812,0.992262457443516,1613.0
3,Class_Balanced_15,Random_Forest,15,,,,,,,,,,per_class,XSS,0.9701678060907396,0.970771144278607,0.9704693814112528,1608.0
3,Stable_Balanced_Core,XGBoost,15,0.9772672983517796,0.9690700927376455,0.9771976516632558,0.9658689891718084,0.9753209992022626,32.05782585899942,0.7229385419996106,0.028781692093304,7099617.0,aggregate,,,,,
3,Stable_Balanced_Core,XGBoost,15,,,,,,,,,,per_class,Backdoor,1.0,0.9717964438994482,0.9856965174129352,1631.0
3,Stable_Balanced_Core,XGBoost,15,,,,,,,,,,per_class,DDoS_HTTP,0.992063492063492,0.9615384615384616,0.9765625,1690.0
3,Stable_Balanced_Core,XGBoost,15,,,,,,,,,,per_class,DDoS_ICMP,0.9960017769880052,0.994676131322094,0.995338512763596,2254.0
3,Stable_Balanced_Core,XGBoost,15,,,,,,,,,,per_class,DDoS_TCP,1.0,1.0,1.0,1640.0
3,Stable_Balanced_Core,XGBoost,15,,,,,,,,,,per_class,DDoS_UDP,1.0,0.9978438982319966,0.9989207856680336,2319.0
3,Stable_Balanced_Core,XGBoost,15,,,,,,,,,,per_class,Fingerprinting,0.9230769230769232,0.8198757763975155,0.868421052631579,161.0
3,Stable_Balanced_Core,XGBoost,15,,,,,,,,,,per_class,MITM,1.0,1.0,1.0,64.0
3,Stable_Balanced_Core,XGBoost,15,,,,,,,,,,per_class,Normal,1.0,1.0,1.0,3888.0
3,Stable_Balanced_Core,XGBoost,15,,,,,,,,,,per_class,Password,0.983026874115983,0.869837296620776,0.9229747675962816,1598.0
3,Stable_Balanced_Core,XGBoost,15,,,,,,,,,,per_class,Port_Scanning,1.0,0.8969584109248914,0.9456806282722512,1611.0
3,Stable_Balanced_Core,XGBoost,15,,,,,,,,,,per_class,Ransomware,0.8801611278952669,1.0,0.93626138189609,1748.0
3,Stable_Balanced_Core,XGBoost,15,,,,,,,,,,per_class,SQL_injection,0.9140145170295924,0.992121212121212,0.9514675966288868,1650.0
3,Stable_Balanced_Core,XGBoost,15,,,,,,,,,,per_class,Uploading,0.9673784104389088,0.992696287279367,0.9798738359867828,1643.0
3,Stable_Balanced_Core,XGBoost,15,,,,,,,,,,per_class,Vulnerability_scanner,0.9956521739130436,0.9938003719776812,0.9947254111076635,1613.0
3,Stable_Balanced_Core,XGBoost,15,,,,,,,,,,per_class,XSS,0.9639206253758268,0.9968905472636816,0.9801284011005807,1608.0
3,Stable_Balanced_Core,Random_Forest,15,0.9683892029620192,0.9385535028705088,0.9723247781791848,0.9679370520495134,0.9657422433708504,17.58690280599967,0.6571059280004192,0.0261607583406489,167753279.0,aggregate,,,,,
3,Stable_Balanced_Core,Random_Forest,15,,,,,,,,,,per_class,Backdoor,1.0,0.9717964438994482,0.9856965174129352,1631.0
3,Stable_Balanced_Core,Random_Forest,15,,,,,,,,,,per_class,DDoS_HTTP,0.9685273159144892,0.9650887573964496,0.966804979253112,1690.0
3,Stable_Balanced_Core,Random_Forest,15,,,,,,,,,,per_class,DDoS_ICMP,1.0,0.9991126885536824,0.9995561473590768,2254.0
3,Stable_Balanced_Core,Random_Forest,15,,,,,,,,,,per_class,DDoS_TCP,1.0,1.0,1.0,1640.0
3,Stable_Balanced_Core,Random_Forest,15,,,,,,,,,,per_class,DDoS_UDP,1.0,1.0,1.0,2319.0
3,Stable_Balanced_Core,Random_Forest,15,,,,,,,,,,per_class,Fingerprinting,0.2875,1.0,0.4466019417475727,161.0
3,Stable_Balanced_Core,Random_Forest,15,,,,,,,,,,per_class,MITM,1.0,1.0,1.0,64.0
3,Stable_Balanced_Core,Random_Forest,15,,,,,,,,,,per_class,Normal,1.0,1.0,1.0,3888.0
3,Stable_Balanced_Core,Random_Forest,15,,,,,,,,,,per_class,Password,0.9330708661417324,0.8898623279098874,0.9109545163356824,1598.0
3,Stable_Balanced_Core,Random_Forest,15,,,,,,,,,,per_class,Port_Scanning,1.0,0.8969584109248914,0.9456806282722512,1611.0
3,Stable_Balanced_Core,Random_Forest,15,,,,,,,,,,per_class,Ransomware,1.0,0.8941647597254004,0.9441256418000604,1748.0
3,Stable_Balanced_Core,Random_Forest,15,,,,,,,,,,per_class,SQL_injection,0.925969447708578,0.9551515151515152,0.9403341288782816,1650.0
3,Stable_Balanced_Core,Random_Forest,15,,,,,,,,,,per_class,Uploading,0.9693693693693692,0.9823493609251368,0.9758162031438936,1643.0
3,Stable_Balanced_Core,Random_Forest,15,,,,,,,,,,per_class,Vulnerability_scanner,0.9907292954264524,0.9938003719776812,0.992262457443516,1613.0
3,Stable_Balanced_Core,Random_Forest,15,,,,,,,,,,per_class,XSS,0.9701678060907396,0.970771144278607,0.9704693814112528,1608.0
3,Stable_Minority_Only,XGBoost,14,0.950394139660801,0.9425814195868034,0.9504209638365924,0.939845072097558,0.9459951192442534,33.97753994499999,0.8151100680006493,0.0324512329007345,8186366.0,aggregate,,,,,
3,Stable_Minority_Only,XGBoost,14,,,,,,,,,,per_class,Backdoor,1.0,0.9717964438994482,0.9856965174129352,1631.0
3,Stable_Minority_Only,XGBoost,14,,,,,,,,,,per_class,DDoS_HTTP,0.8027057497181511,0.842603550295858,0.8221709006928406,1690.0
3,Stable_Minority_Only,XGBoost,14,,,,,,,,,,per_class,DDoS_ICMP,0.9986577181208054,0.9902395740905058,0.9944308309200266,2254.0
3,Stable_Minority_Only,XGBoost,14,,,,,,,,,,per_class,DDoS_TCP,1.0,1.0,1.0,1640.0
3,Stable_Minority_Only,XGBoost,14,,,,,,,,,,per_class,DDoS_UDP,0.9952708512467756,0.9982751185855973,0.9967707212055976,2319.0
3,Stable_Minority_Only,XGBoost,14,,,,,,,,,,per_class,Fingerprinting,0.93006993006993,0.8260869565217391,0.8750000000000001,161.0
3,Stable_Minority_Only,XGBoost,14,,,,,,,,,,per_class,MITM,1.0,1.0,1.0,64.0
3,Stable_Minority_Only,XGBoost,14,,,,,,,,,,per_class,Normal,1.0,0.9945987654320988,0.9972920696324952,3888.0
3,Stable_Minority_Only,XGBoost,14,,,,,,,,,,per_class,Password,0.9404591104734576,0.8204005006257822,0.8763368983957219,1598.0
3,Stable_Minority_Only,XGBoost,14,,,,,,,,,,per_class,Port_Scanning,0.9357743097238896,0.96772191185599,0.9514800122062862,1611.0
3,Stable_Minority_Only,XGBoost,14,,,,,,,,,,per_class,Ransomware,0.9374301675977652,0.959954233409611,0.94855850763143,1748.0
3,Stable_Minority_Only,XGBoost,14,,,,,,,,,,per_class,SQL_injection,0.8814277071990321,0.883030303030303,0.8822282773236452,1650.0
3,Stable_Minority_Only,XGBoost,14,,,,,,,,,,per_class,Uploading,0.9491413474240424,0.8746195982958004,0.9103579347481788,1643.0
3,Stable_Minority_Only,XGBoost,14,,,,,,,,,,per_class,Vulnerability_scanner,0.984413965087282,0.9789212647241166,0.9816599316133044,1613.0
3,Stable_Minority_Only,XGBoost,14,,,,,,,,,,per_class,XSS,0.8539989264626946,0.9894278606965174,0.916738692019591,1608.0
3,Stable_Minority_Only,Random_Forest,14,0.9406003662712,0.9236126766555504,0.9410293097854258,0.9332509537285796,0.9352222603540772,17.73123681299967,0.7472199309995631,0.0297483848634271,371385912.0,aggregate,,,,,
3,Stable_Minority_Only,Random_Forest,14,,,,,,,,,,per_class,Backdoor,1.0,0.9717964438994482,0.9856965174129352,1631.0
3,Stable_Minority_Only,Random_Forest,14,,,,,,,,,,per_class,DDoS_HTTP,0.8072360616844603,0.8053254437869822,0.8062796208530806,1690.0
3,Stable_Minority_Only,Random_Forest,14,,,,,,,,,,per_class,DDoS_ICMP,1.0,0.9991126885536824,0.9995561473590768,2254.0
3,Stable_Minority_Only,Random_Forest,14,,,,,,,,,,per_class,DDoS_TCP,1.0,1.0,1.0,1640.0
3,Stable_Minority_Only,Random_Forest,14,,,,,,,,,,per_class,DDoS_UDP,1.0,1.0,1.0,2319.0
3,Stable_Minority_Only,Random_Forest,14,,,,,,,,,,per_class,Fingerprinting,0.6111111111111112,0.8881987577639752,0.7240506329113924,161.0
3,Stable_Minority_Only,Random_Forest,14,,,,,,,,,,per_class,MITM,1.0,1.0,1.0,64.0
3,Stable_Minority_Only,Random_Forest,14,,,,,,,,,,per_class,Normal,1.0,0.9945987654320988,0.9972920696324952,3888.0
3,Stable_Minority_Only,Random_Forest,14,,,,,,,,,,per_class,Password,0.8284313725490197,0.8460575719649562,0.8371517027863777,1598.0
3,Stable_Minority_Only,Random_Forest,14,,,,,,,,,,per_class,Port_Scanning,0.9636711281070746,0.9385474860335196,0.950943396226415,1611.0
3,Stable_Minority_Only,Random_Forest,14,,,,,,,,,,per_class,Ransomware,0.9395296752519596,0.959954233409611,0.9496321448783248,1748.0
3,Stable_Minority_Only,Random_Forest,14,,,,,,,,,,per_class,SQL_injection,0.8720292504570384,0.8672727272727273,0.869644484958979,1650.0
3,Stable_Minority_Only,Random_Forest,14,,,,,,,,,,per_class,Uploading,0.8817401960784313,0.8758368837492392,0.8787786259541983,1643.0
3,Stable_Minority_Only,Random_Forest,14,,,,,,,,,,per_class,Vulnerability_scanner,0.9837601499063086,0.9764414135151892,0.9800871188550092,1613.0
3,Stable_Minority_Only,Random_Forest,14,,,,,,,,,,per_class,XSS,0.8745341614906832,0.8756218905472637,0.875077688004972,1608.0
3,CS_SHAP_Union,XGBoost,20,0.979019030177562,0.9709559275564856,0.978896603290872,0.9682906849037772,0.9771641831160294,35.20066442000007,0.6839863850000256,0.0272309254319621,7147529.0,aggregate,,,,,
3,CS_SHAP_Union,XGBoost,20,,,,,,,,,,per_class,Backdoor,1.0,0.9717964438994482,0.9856965174129352,1631.0
3,CS_SHAP_Union,XGBoost,20,,,,,,,,,,per_class,DDoS_HTTP,0.992063492063492,0.9615384615384616,0.9765625,1690.0
3,CS_SHAP_Union,XGBoost,20,,,,,,,,,,per_class,DDoS_ICMP,0.9964444444444444,0.994676131322094,0.9955595026642984,2254.0
3,CS_SHAP_Union,XGBoost,20,,,,,,,,,,per_class,DDoS_TCP,1.0,1.0,1.0,1640.0
3,CS_SHAP_Union,XGBoost,20,,,,,,,,,,per_class,DDoS_UDP,1.0,0.9978438982319966,0.9989207856680336,2319.0
3,CS_SHAP_Union,XGBoost,20,,,,,,,,,,per_class,Fingerprinting,0.9236111111111112,0.8260869565217391,0.8721311475409835,161.0
3,CS_SHAP_Union,XGBoost,20,,,,,,,,,,per_class,MITM,1.0,1.0,1.0,64.0
3,CS_SHAP_Union,XGBoost,20,,,,,,,,,,per_class,Normal,1.0,1.0,1.0,3888.0
3,CS_SHAP_Union,XGBoost,20,,,,,,,,,,per_class,Password,0.9823321554770318,0.869837296620776,0.9226684367739794,1598.0
3,CS_SHAP_Union,XGBoost,20,,,,,,,,,,per_class,Port_Scanning,0.9397227245328512,0.96772191185599,0.9535168195718656,1611.0
3,CS_SHAP_Union,XGBoost,20,,,,,,,,,,per_class,Ransomware,0.9469525959367946,0.959954233409611,0.953409090909091,1748.0
3,CS_SHAP_Union,XGBoost,20,,,,,,,,,,per_class,SQL_injection,0.9144295302013424,0.990909090909091,0.9511343804537522,1650.0
3,CS_SHAP_Union,XGBoost,20,,,,,,,,,,per_class,Uploading,0.966824644549763,0.9933049300060864,0.9798859201441008,1643.0
3,CS_SHAP_Union,XGBoost,20,,,,,,,,,,per_class,Vulnerability_scanner,0.9956521739130436,0.9938003719776812,0.9947254111076635,1613.0
3,CS_SHAP_Union,XGBoost,20,,,,,,,,,,per_class,XSS,0.9639206253758268,0.9968905472636816,0.9801284011005807,1608.0
3,CS_SHAP_Union,Random_Forest,20,0.975037821482602,0.9583871105656356,0.9753339974724918,0.9677648612322968,0.97278707031493,18.872563054999773,0.7585782530004508,0.030200583366528,167670125.0,aggregate,,,,,
3,CS_SHAP_Union,Random_Forest,20,,,,,,,,,,per_class,Backdoor,1.0,0.9717964438994482,0.9856965174129352,1631.0
3,CS_SHAP_Union,Random_Forest,20,,,,,,,,,,per_class,DDoS_HTTP,0.9679525222551928,0.9650887573964496,0.9665185185185188,1690.0
3,CS_SHAP_Union,Random_Forest,20,,,,,,,,,,per_class,DDoS_ICMP,1.0,0.9991126885536824,0.9995561473590768,2254.0
3,CS_SHAP_Union,Random_Forest,20,,,,,,,,,,per_class,DDoS_TCP,1.0,1.0,1.0,1640.0
3,CS_SHAP_Union,Random_Forest,20,,,,,,,,,,per_class,DDoS_UDP,1.0,1.0,1.0,2319.0
3,CS_SHAP_Union,Random_Forest,20,,,,,,,,,,per_class,Fingerprinting,0.6137339055793991,0.8881987577639752,0.7258883248730965,161.0
3,CS_SHAP_Union,Random_Forest,20,,,,,,,,,,per_class,MITM,1.0,1.0,1.0,64.0
3,CS_SHAP_Union,Random_Forest,20,,,,,,,,,,per_class,Normal,1.0,1.0,1.0,3888.0
3,CS_SHAP_Union,Random_Forest,20,,,,,,,,,,per_class,Password,0.9343401181877872,0.890488110137672,0.911887215636014,1598.0
3,CS_SHAP_Union,Random_Forest,20,,,,,,,,,,per_class,Port_Scanning,0.9673704414587332,0.9385474860335196,0.9527410207939508,1611.0
3,CS_SHAP_Union,Random_Forest,20,,,,,,,,,,per_class,Ransomware,0.9469525959367946,0.959954233409611,0.953409090909091,1748.0
3,CS_SHAP_Union,Random_Forest,20,,,,,,,,,,per_class,SQL_injection,0.926600117439812,0.9563636363636364,0.9412466447957054,1650.0
3,CS_SHAP_Union,Random_Forest,20,,,,,,,,,,per_class,Uploading,0.9693693693693692,0.9823493609251368,0.9758162031438936,1643.0
3,CS_SHAP_Union,Random_Forest,20,,,,,,,,,,per_class,Vulnerability_scanner,0.9913366336633664,0.9931804091754496,0.9922576649117374,1613.0
3,CS_SHAP_Union,Random_Forest,20,,,,,,,,,,per_class,XSS,0.9701863354037268,0.9713930348258708,0.9707893101305158,1608.0
3,Mutual_Information_19,XGBoost,19,0.9760729357432916,0.9678520327423265,0.9760066149441636,0.9646531352073088,0.9740074663054668,38.44579329899989,0.6968586900002265,0.0277433987578719,7460967.0,aggregate,,,,,
3,Mutual_Information_19,XGBoost,19,,,,,,,,,,per_class,Backdoor,1.0,0.9717964438994482,0.9856965174129352,1631.0
3,Mutual_Information_19,XGBoost,19,,,,,,,,,,per_class,DDoS_HTTP,0.985392574558734,0.9579881656804734,0.9714971497149716,1690.0
3,Mutual_Information_19,XGBoost,19,,,,,,,,,,per_class,DDoS_ICMP,0.9960017769880052,0.994676131322094,0.995338512763596,2254.0
3,Mutual_Information_19,XGBoost,19,,,,,,,,,,per_class,DDoS_TCP,1.0,1.0,1.0,1640.0
3,Mutual_Information_19,XGBoost,19,,,,,,,,,,per_class,DDoS_UDP,1.0,0.9978438982319966,0.9989207856680336,2319.0
3,Mutual_Information_19,XGBoost,19,,,,,,,,,,per_class,Fingerprinting,0.9230769230769232,0.8198757763975155,0.868421052631579,161.0
3,Mutual_Information_19,XGBoost,19,,,,,,,,,,per_class,MITM,1.0,1.0,1.0,64.0
3,Mutual_Information_19,XGBoost,19,,,,,,,,,,per_class,Normal,1.0,1.0,1.0,3888.0
3,Mutual_Information_19,XGBoost,19,,,,,,,,,,per_class,Password,0.97208653175157,0.8717146433041302,0.9191685912240184,1598.0
3,Mutual_Information_19,XGBoost,19,,,,,,,,,,per_class,Port_Scanning,1.0,0.8969584109248914,0.9456806282722512,1611.0
3,Mutual_Information_19,XGBoost,19,,,,,,,,,,per_class,Ransomware,0.8801611278952669,1.0,0.93626138189609,1748.0
3,Mutual_Information_19,XGBoost,19,,,,,,,,,,per_class,SQL_injection,0.9157303370786516,0.987878787878788,0.9504373177842568,1650.0
3,Mutual_Information_19,XGBoost,19,,,,,,,,,,per_class,Uploading,0.966626936829559,0.9872185027388922,0.9768142125865704,1643.0
3,Mutual_Information_19,XGBoost,19,,,,,,,,,,per_class,Vulnerability_scanner,0.9907407407407408,0.9950402975821452,0.9928858645221156,1613.0
3,Mutual_Information_19,XGBoost,19,,,,,,,,,,per_class,XSS,0.9648058252427184,0.9888059701492538,0.9766584766584766,1608.0
3,Mutual_Information_19,Random_Forest,19,0.9700214985269529,0.9401973390280692,0.973926967587674,0.9696064475288868,0.9675374386020432,19.973677769999995,0.9945168360000024,0.039593790747671,187509085.0,aggregate,,,,,
3,Mutual_Information_19,Random_Forest,19,,,,,,,,,,per_class,Backdoor,1.0,0.9717964438994482,0.9856965174129352,1631.0
3,Mutual_Information_19,Random_Forest,19,,,,,,,,,,per_class,DDoS_HTTP,0.9800965018094088,0.9615384615384616,0.9707287933094384,1690.0
3,Mutual_Information_19,Random_Forest,19,,,,,,,,,,per_class,DDoS_ICMP,1.0,0.9991126885536824,0.9995561473590768,2254.0
3,Mutual_Information_19,Random_Forest,19,,,,,,,,,,per_class,DDoS_TCP,1.0,1.0,1.0,1640.0
3,Mutual_Information_19,Random_Forest,19,,,,,,,,,,per_class,DDoS_UDP,1.0,1.0,1.0,2319.0
3,Mutual_Information_19,Random_Forest,19,,,,,,,,,,per_class,Fingerprinting,0.2875,1.0,0.4466019417475727,161.0
3,Mutual_Information_19,Random_Forest,19,,,,,,,,,,per_class,MITM,1.0,1.0,1.0,64.0
3,Mutual_Information_19,Random_Forest,19,,,,,,,,,,per_class,Normal,1.0,1.0,1.0,3888.0
3,Mutual_Information_19,Random_Forest,19,,,,,,,,,,per_class,Password,0.9572301425661914,0.8823529411764706,0.9182676652556172,1598.0
3,Mutual_Information_19,Random_Forest,19,,,,,,,,,,per_class,Port_Scanning,1.0,0.8969584109248914,0.9456806282722512,1611.0
3,Mutual_Information_19,Random_Forest,19,,,,,,,,,,per_class,Ransomware,1.0,0.8941647597254004,0.9441256418000604,1748.0
3,Mutual_Information_19,Random_Forest,19,,,,,,,,,,per_class,SQL_injection,0.9198626216370922,0.973939393939394,0.9461289372976156,1650.0
3,Mutual_Information_19,Random_Forest,19,,,,,,,,,,per_class,Uploading,0.9706762417713944,0.9872185027388922,0.9788774894387446,1643.0
3,Mutual_Information_19,Random_Forest,19,,,,,,,,,,per_class,Vulnerability_scanner,0.9907120743034056,0.9919404835709856,0.9913258983890954,1613.0
3,Mutual_Information_19,Random_Forest,19,,,,,,,,,,per_class,XSS,0.967032967032967,0.9850746268656716,0.9759704251386322,1608.0
3,Random_Forest_Importance_19,XGBoost,19,0.97623218409109,0.96801098379151,0.9761647704070564,0.96480926461019,0.9741830284459764,36.8524621509996,0.7394905749997633,0.0294406630702987,7486954.0,aggregate,,,,,
3,Random_Forest_Importance_19,XGBoost,19,,,,,,,,,,per_class,Backdoor,1.0,0.9717964438994482,0.9856965174129352,1631.0
3,Random_Forest_Importance_19,XGBoost,19,,,,,,,,,,per_class,DDoS_HTTP,0.9866261398176293,0.9603550295857988,0.973313343328336,1690.0
3,Random_Forest_Importance_19,XGBoost,19,,,,,,,,,,per_class,DDoS_ICMP,0.9960017769880052,0.994676131322094,0.995338512763596,2254.0
3,Random_Forest_Importance_19,XGBoost,19,,,,,,,,,,per_class,DDoS_TCP,1.0,1.0,1.0,1640.0
3,Random_Forest_Importance_19,XGBoost,19,,,,,,,,,,per_class,DDoS_UDP,1.0,0.9978438982319966,0.9989207856680336,2319.0
3,Random_Forest_Importance_19,XGBoost,19,,,,,,,,,,per_class,Fingerprinting,0.9230769230769232,0.8198757763975155,0.868421052631579,161.0
3,Random_Forest_Importance_19,XGBoost,19,,,,,,,,,,per_class,MITM,1.0,1.0,1.0,64.0
3,Random_Forest_Importance_19,XGBoost,19,,,,,,,,,,per_class,Normal,1.0,1.0,1.0,3888.0
3,Random_Forest_Importance_19,XGBoost,19,,,,,,,,,,per_class,Password,0.9727081875437368,0.869837296620776,0.918401057152296,1598.0
3,Random_Forest_Importance_19,XGBoost,19,,,,,,,,,,per_class,Port_Scanning,1.0,0.8969584109248914,0.9456806282722512,1611.0
3,Random_Forest_Importance_19,XGBoost,19,,,,,,,,,,per_class,Ransomware,0.8801611278952669,1.0,0.93626138189609,1748.0
3,Random_Forest_Importance_19,XGBoost,19,,,,,,,,,,per_class,SQL_injection,0.9141895681435782,0.987878787878788,0.9496067579376638,1650.0
3,Random_Forest_Importance_19,XGBoost,19,,,,,,,,,,per_class,Uploading,0.9666468135795117,0.9878271454656116,0.9771222155328116,1643.0
3,Random_Forest_Importance_19,XGBoost,19,,,,,,,,,,per_class,Vulnerability_scanner,0.9931930693069309,0.9950402975821452,0.9941158253329204,1613.0
3,Random_Forest_Importance_19,XGBoost,19,,,,,,,,,,per_class,XSS,0.9648484848484848,0.9900497512437813,0.9772866789441376,1608.0
3,Random_Forest_Importance_19,Random_Forest,19,0.9703798073094992,0.94056469623689,0.9742850353208522,0.969970713520798,0.967929401330262,19.18674921099955,0.7734735610001735,0.030793596663754,185158072.0,aggregate,,,,,
3,Random_Forest_Importance_19,Random_Forest,19,,,,,,,,,,per_class,Backdoor,1.0,0.9717964438994482,0.9856965174129352,1631.0
3,Random_Forest_Importance_19,Random_Forest,19,,,,,,,,,,per_class,DDoS_HTTP,0.9807112718505124,0.9627218934911242,0.9716333233801134,1690.0
3,Random_Forest_Importance_19,Random_Forest,19,,,,,,,,,,per_class,DDoS_ICMP,1.0,0.9991126885536824,0.9995561473590768,2254.0
3,Random_Forest_Importance_19,Random_Forest,19,,,,,,,,,,per_class,DDoS_TCP,1.0,1.0,1.0,1640.0
3,Random_Forest_Importance_19,Random_Forest,19,,,,,,,,,,per_class,DDoS_UDP,1.0,1.0,1.0,2319.0
3,Random_Forest_Importance_19,Random_Forest,19,,,,,,,,,,per_class,Fingerprinting,0.2875,1.0,0.4466019417475727,161.0
3,Random_Forest_Importance_19,Random_Forest,19,,,,,,,,,,per_class,MITM,1.0,1.0,1.0,64.0
3,Random_Forest_Importance_19,Random_Forest,19,,,,,,,,,,per_class,Normal,1.0,1.0,1.0,3888.0
3,Random_Forest_Importance_19,Random_Forest,19,,,,,,,,,,per_class,Password,0.9605173587474471,0.8829787234042553,0.9201173785458104,1598.0
3,Random_Forest_Importance_19,Random_Forest,19,,,,,,,,,,per_class,Port_Scanning,1.0,0.8969584109248914,0.9456806282722512,1611.0
3,Random_Forest_Importance_19,Random_Forest,19,,,,,,,,,,per_class,Ransomware,1.0,0.8941647597254004,0.9441256418000604,1748.0
3,Random_Forest_Importance_19,Random_Forest,19,,,,,,,,,,per_class,SQL_injection,0.9205714285714286,0.9763636363636364,0.9476470588235296,1650.0
3,Random_Forest_Importance_19,Random_Forest,19,,,,,,,,,,per_class,Uploading,0.9706937799043064,0.9878271454656116,0.9791855203619908,1643.0
3,Random_Forest_Importance_19,Random_Forest,19,,,,,,,,,,per_class,Vulnerability_scanner,0.9919404835709856,0.9919404835709856,0.9919404835709856,1613.0
3,Random_Forest_Importance_19,Random_Forest,19,,,,,,,,,,per_class,XSS,0.9670530811470408,0.9856965174129352,0.9762858022790268,1608.0
4,Full_42,XGBoost,42,0.9767090018712424,0.9681783626492758,0.976605950150226,0.9669626236592362,0.9746355400663868,45.77511101799973,0.7112595430007786,0.0283178541625504,7276031.0,aggregate,,,,,
4,Full_42,XGBoost,42,,,,,,,,,,per_class,Backdoor,1.0,0.9650521152667076,0.9822152886115444,1631.0
4,Full_42,XGBoost,42,,,,,,,,,,per_class,DDoS_HTTP,0.9824984912492456,0.9633136094674556,0.9728114729608603,1690.0
4,Full_42,XGBoost,42,,,,,,,,,,per_class,DDoS_ICMP,0.998661311914324,0.992461197339246,0.9955516014234876,2255.0
4,Full_42,XGBoost,42,,,,,,,,,,per_class,DDoS_TCP,1.0,1.0,1.0,1640.0
4,Full_42,XGBoost,42,,,,,,,,,,per_class,DDoS_UDP,1.0,1.0,1.0,2319.0
4,Full_42,XGBoost,42,,,,,,,,,,per_class,Fingerprinting,0.8881578947368421,0.84375,0.8653846153846154,160.0
4,Full_42,XGBoost,42,,,,,,,,,,per_class,MITM,1.0,1.0,1.0,64.0
4,Full_42,XGBoost,42,,,,,,,,,,per_class,Normal,1.0,1.0,1.0,3888.0
4,Full_42,XGBoost,42,,,,,,,,,,per_class,Password,0.9719495091164096,0.867334167709637,0.9166666666666666,1598.0
4,Full_42,XGBoost,42,,,,,,,,,,per_class,Port_Scanning,0.9342184671092336,0.9608938547486032,0.9473684210526316,1611.0
4,Full_42,XGBoost,42,,,,,,,,,,per_class,Ransomware,0.940482874789444,0.9582379862700228,0.949277415698498,1748.0
4,Full_42,XGBoost,42,,,,,,,,,,per_class,SQL_injection,0.9183673469387756,0.9818181818181818,0.9490333919156416,1650.0
4,Full_42,XGBoost,42,,,,,,,,,,per_class,Uploading,0.9588477366255144,0.992696287279367,0.9754784688995216,1643.0
4,Full_42,XGBoost,42,,,,,,,,,,per_class,Vulnerability_scanner,0.9943890274314214,0.989454094292804,0.991915422885572,1612.0
4,Full_42,XGBoost,42,,,,,,,,,,per_class,XSS,0.9648271679805944,0.9894278606965174,0.9769726742400984,1608.0
4,Full_42,Random_Forest,42,0.9757136600708683,0.9571606971071984,0.9761044690904124,0.96874214334164,0.9735550082652203,20.451411435999034,0.784691898001256,0.0312414658598262,200016977.0,aggregate,,,,,
4,Full_42,Random_Forest,42,,,,,,,,,,per_class,Backdoor,1.0,0.9650521152667076,0.9822152886115444,1631.0
4,Full_42,Random_Forest,42,,,,,,,,,,per_class,DDoS_HTTP,0.9796040791841631,0.9662721893491124,0.9728924635090856,1690.0
4,Full_42,Random_Forest,42,,,,,,,,,,per_class,DDoS_ICMP,1.0,0.9995565410199556,0.9997782213351076,2255.0
4,Full_42,Random_Forest,42,,,,,,,,,,per_class,DDoS_TCP,1.0,1.0,1.0,1640.0
4,Full_42,Random_Forest,42,,,,,,,,,,per_class,DDoS_UDP,1.0,1.0,1.0,2319.0
4,Full_42,Random_Forest,42,,,,,,,,,,per_class,Fingerprinting,0.5652173913043478,0.89375,0.6924939467312349,160.0
4,Full_42,Random_Forest,42,,,,,,,,,,per_class,MITM,1.0,1.0,1.0,64.0
4,Full_42,Random_Forest,42,,,,,,,,,,per_class,Normal,1.0,1.0,1.0,3888.0
4,Full_42,Random_Forest,42,,,,,,,,,,per_class,Password,0.968901174844506,0.8773466833541927,0.9208538587848932,1598.0
4,Full_42,Random_Forest,42,,,,,,,,,,per_class,Port_Scanning,0.9656513285806868,0.924891371818746,0.9448319594166138,1611.0
4,Full_42,Random_Forest,42,,,,,,,,,,per_class,Ransomware,0.940482874789444,0.9582379862700228,0.949277415698498,1748.0
4,Full_42,Random_Forest,42,,,,,,,,,,per_class,SQL_injection,0.9253731343283582,0.9769696969696968,0.9504716981132076,1650.0
4,Full_42,Random_Forest,42,,,,,,,,,,per_class,Uploading,0.9600470035252644,0.9945222154595252,0.976980568011958,1643.0
4,Full_42,Random_Forest,42,,,,,,,,,,per_class,Vulnerability_scanner,0.9962453066332916,0.9875930521091812,0.9919003115264796,1612.0
4,Full_42,Random_Forest,42,,,,,,,,,,per_class,XSS,0.964741641337386,0.9869402985074628,0.9757147248693512,1608.0
4,Natural_Global_20,XGBoost,20,0.9764303061671378,0.9681134377039584,0.976332922354403,0.9670541808890588,0.97432969434912,35.05653240799984,0.6940253579996352,0.0276316979734695,7358192.0,aggregate,,,,,
4,Natural_Global_20,XGBoost,20,,,,,,,,,,per_class,Backdoor,1.0,0.9650521152667076,0.9822152886115444,1631.0
4,Natural_Global_20,XGBoost,20,,,,,,,,,,per_class,DDoS_HTTP,0.9795180722891568,0.9621301775147928,0.9707462686567164,1690.0
4,Natural_Global_20,XGBoost,20,,,,,,,,,,per_class,DDoS_ICMP,0.9991071428571427,0.992461197339246,0.9957730812013348,2255.0
4,Natural_Global_20,XGBoost,20,,,,,,,,,,per_class,DDoS_TCP,1.0,1.0,1.0,1640.0
4,Natural_Global_20,XGBoost,20,,,,,,,,,,per_class,DDoS_UDP,1.0,1.0,1.0,2319.0
4,Natural_Global_20,XGBoost,20,,,,,,,,,,per_class,Fingerprinting,0.8888888888888888,0.85,0.8690095846645367,160.0
4,Natural_Global_20,XGBoost,20,,,,,,,,,,per_class,MITM,1.0,1.0,1.0,64.0
4,Natural_Global_20,XGBoost,20,,,,,,,,,,per_class,Normal,1.0,1.0,1.0,3888.0
4,Natural_Global_20,XGBoost,20,,,,,,,,,,per_class,Password,0.9706088173547937,0.8679599499374218,0.916418896597291,1598.0
4,Natural_Global_20,XGBoost,20,,,,,,,,,,per_class,Port_Scanning,0.9342184671092336,0.9608938547486032,0.9473684210526316,1611.0
4,Natural_Global_20,XGBoost,20,,,,,,,,,,per_class,Ransomware,0.940482874789444,0.9582379862700228,0.949277415698498,1748.0
4,Natural_Global_20,XGBoost,20,,,,,,,,,,per_class,SQL_injection,0.918228279386712,0.98,0.9481090589270008,1650.0
4,Natural_Global_20,XGBoost,20,,,,,,,,,,per_class,Uploading,0.9594356261022928,0.9933049300060864,0.9760765550239232,1643.0
4,Natural_Global_20,XGBoost,20,,,,,,,,,,per_class,Vulnerability_scanner,0.9937694704049844,0.989454094292804,0.9916070873484614,1612.0
4,Natural_Global_20,XGBoost,20,,,,,,,,,,per_class,XSS,0.9641337386018236,0.986318407960199,0.9750999077774362,1608.0
4,Natural_Global_20,Random_Forest,20,0.9756738463988534,0.9571196021669272,0.9760658463482786,0.9687015296914564,0.9735101829977456,20.05642491599974,0.6622851520005497,0.0263680038221344,186652451.0,aggregate,,,,,
4,Natural_Global_20,Random_Forest,20,,,,,,,,,,per_class,Backdoor,1.0,0.9650521152667076,0.9822152886115444,1631.0
4,Natural_Global_20,Random_Forest,20,,,,,,,,,,per_class,DDoS_HTTP,0.9802039592081584,0.9668639053254438,0.9734882335418528,1690.0
4,Natural_Global_20,Random_Forest,20,,,,,,,,,,per_class,DDoS_ICMP,1.0,0.9995565410199556,0.9997782213351076,2255.0
4,Natural_Global_20,Random_Forest,20,,,,,,,,,,per_class,DDoS_TCP,1.0,1.0,1.0,1640.0
4,Natural_Global_20,Random_Forest,20,,,,,,,,,,per_class,DDoS_UDP,1.0,1.0,1.0,2319.0
4,Natural_Global_20,Random_Forest,20,,,,,,,,,,per_class,Fingerprinting,0.5652173913043478,0.89375,0.6924939467312349,160.0
4,Natural_Global_20,Random_Forest,20,,,,,,,,,,per_class,MITM,1.0,1.0,1.0,64.0
4,Natural_Global_20,Random_Forest,20,,,,,,,,,,per_class,Normal,1.0,1.0,1.0,3888.0
4,Natural_Global_20,Random_Forest,20,,,,,,,,,,per_class,Password,0.966896551724138,0.8773466833541927,0.9199475065616798,1598.0
4,Natural_Global_20,Random_Forest,20,,,,,,,,,,per_class,Port_Scanning,0.9656513285806868,0.924891371818746,0.9448319594166138,1611.0
4,Natural_Global_20,Random_Forest,20,,,,,,,,,,per_class,Ransomware,0.940482874789444,0.9582379862700228,0.949277415698498,1748.0
4,Natural_Global_20,Random_Forest,20,,,,,,,,,,per_class,SQL_injection,0.924712643678161,0.9751515151515152,0.9492625368731564,1650.0
4,Natural_Global_20,Random_Forest,20,,,,,,,,,,per_class,Uploading,0.9606114050558496,0.9945222154595252,0.9772727272727274,1643.0
4,Natural_Global_20,Random_Forest,20,,,,,,,,,,per_class,Vulnerability_scanner,0.9962523422860712,0.989454094292804,0.9928415810768751,1612.0
4,Natural_Global_20,Random_Forest,20,,,,,,,,,,per_class,XSS,0.9652862362971986,0.9856965174129352,0.9753846153846154,1608.0
4,Class_Balanced_15,XGBoost,15,0.9741609268622844,0.9660071458637592,0.9741282720324234,0.9645059400635456,0.9719572078356478,31.16422496499945,0.6657770879992313,0.0265070306166831,7094325.0,aggregate,,,,,
4,Class_Balanced_15,XGBoost,15,,,,,,,,,,per_class,Backdoor,1.0,0.9650521152667076,0.9822152886115444,1631.0
4,Class_Balanced_15,XGBoost,15,,,,,,,,,,per_class,DDoS_HTTP,0.984903381642512,0.9650887573964496,0.9748953974895398,1690.0
4,Class_Balanced_15,XGBoost,15,,,,,,,,,,per_class,DDoS_ICMP,0.99776885319054,0.9915742793791574,0.9946619217081852,2255.0
4,Class_Balanced_15,XGBoost,15,,,,,,,,,,per_class,DDoS_TCP,1.0,1.0,1.0,1640.0
4,Class_Balanced_15,XGBoost,15,,,,,,,,,,per_class,DDoS_UDP,0.999137187230371,0.998706338939198,0.9989217166271296,2319.0
4,Class_Balanced_15,XGBoost,15,,,,,,,,,,per_class,Fingerprinting,0.8888888888888888,0.85,0.8690095846645367,160.0
4,Class_Balanced_15,XGBoost,15,,,,,,,,,,per_class,MITM,1.0,1.0,1.0,64.0
4,Class_Balanced_15,XGBoost,15,,,,,,,,,,per_class,Normal,1.0,1.0,1.0,3888.0
4,Class_Balanced_15,XGBoost,15,,,,,,,,,,per_class,Password,0.9739803094233472,0.8667083854818524,0.9172185430463576,1598.0
4,Class_Balanced_15,XGBoost,15,,,,,,,,,,per_class,Port_Scanning,1.0,0.8727498448168839,0.9320517069937024,1611.0
4,Class_Balanced_15,XGBoost,15,,,,,,,,,,per_class,Ransomware,0.860236220472441,1.0,0.9248677248677248,1748.0
4,Class_Balanced_15,XGBoost,15,,,,,,,,,,per_class,SQL_injection,0.917420814479638,0.983030303030303,0.9490930368636628,1650.0
4,Class_Balanced_15,XGBoost,15,,,,,,,,,,per_class,Uploading,0.9594356261022928,0.9933049300060864,0.9760765550239232,1643.0
4,Class_Balanced_15,XGBoost,15,,,,,,,,,,per_class,Vulnerability_scanner,0.9981191222570532,0.9875930521091812,0.9928281883380108,1612.0
4,Class_Balanced_15,XGBoost,15,,,,,,,,,,per_class,XSS,0.9632308619650392,0.9937810945273632,0.9782675237220692,1608.0
4,Class_Balanced_15,Random_Forest,15,0.965640801051081,0.9342568792065612,0.9705780279030832,0.9651316217058564,0.9628254099503222,18.96266472199932,0.6567847110000002,0.0261490110682008,168071835.0,aggregate,,,,,
4,Class_Balanced_15,Random_Forest,15,,,,,,,,,,per_class,Backdoor,1.0,0.9650521152667076,0.9822152886115444,1631.0
4,Class_Balanced_15,Random_Forest,15,,,,,,,,,,per_class,DDoS_HTTP,0.9657615112160568,0.9680473372781064,0.966903073286052,1690.0
4,Class_Balanced_15,Random_Forest,15,,,,,,,,,,per_class,DDoS_ICMP,1.0,0.9995565410199556,0.9997782213351076,2255.0
4,Class_Balanced_15,Random_Forest,15,,,,,,,,,,per_class,DDoS_TCP,1.0,1.0,1.0,1640.0
4,Class_Balanced_15,Random_Forest,15,,,,,,,,,,per_class,DDoS_UDP,1.0,1.0,1.0,2319.0
4,Class_Balanced_15,Random_Forest,15,,,,,,,,,,per_class,Fingerprinting,0.2539682539682539,1.0,0.4050632911392405,160.0
4,Class_Balanced_15,Random_Forest,15,,,,,,,,,,per_class,MITM,1.0,1.0,1.0,64.0
4,Class_Balanced_15,Random_Forest,15,,,,,,,,,,per_class,Normal,1.0,1.0,1.0,3888.0
4,Class_Balanced_15,Random_Forest,15,,,,,,,,,,per_class,Password,0.9373350923482848,0.8892365456821026,0.9126525369299936,1598.0
4,Class_Balanced_15,Random_Forest,15,,,,,,,,,,per_class,Port_Scanning,1.0,0.8727498448168839,0.9320517069937024,1611.0
4,Class_Balanced_15,Random_Forest,15,,,,,,,,,,per_class,Ransomware,1.0,0.881578947368421,0.9370629370629372,1748.0
4,Class_Balanced_15,Random_Forest,15,,,,,,,,,,per_class,SQL_injection,0.9308919078558772,0.9551515151515152,0.9428656895004488,1650.0
4,Class_Balanced_15,Random_Forest,15,,,,,,,,,,per_class,Uploading,0.9631391200951248,0.9860012172854534,0.974436090225564,1643.0
4,Class_Balanced_15,Random_Forest,15,,,,,,,,,,per_class,Vulnerability_scanner,0.9925419515226848,0.990694789081886,0.9916175100900342,1612.0
4,Class_Balanced_15,Random_Forest,15,,,,,,,,,,per_class,XSS,0.9695084007467332,0.968905472636816,0.9692068429237948,1608.0
4,Stable_Balanced_Core,XGBoost,14,0.9740016721742246,0.9656299232293936,0.973963997784266,0.9639764979416507,0.9717828723969892,30.940490431001308,0.6495189550005307,0.0258597346418971,7103991.0,aggregate,,,,,
4,Stable_Balanced_Core,XGBoost,14,,,,,,,,,,per_class,Backdoor,1.0,0.9650521152667076,0.9822152886115444,1631.0
4,Stable_Balanced_Core,XGBoost,14,,,,,,,,,,per_class,DDoS_HTTP,0.9848484848484848,0.9615384615384616,0.9730538922155688,1690.0
4,Stable_Balanced_Core,XGBoost,14,,,,,,,,,,per_class,DDoS_ICMP,0.9973238180196252,0.9915742793791574,0.9944407382699578,2255.0
4,Stable_Balanced_Core,XGBoost,14,,,,,,,,,,per_class,DDoS_TCP,1.0,1.0,1.0,1640.0
4,Stable_Balanced_Core,XGBoost,14,,,,,,,,,,per_class,DDoS_UDP,0.999137187230371,0.998706338939198,0.9989217166271296,2319.0
4,Stable_Balanced_Core,XGBoost,14,,,,,,,,,,per_class,Fingerprinting,0.8881578947368421,0.84375,0.8653846153846154,160.0
4,Stable_Balanced_Core,XGBoost,14,,,,,,,,,,per_class,MITM,1.0,1.0,1.0,64.0
4,Stable_Balanced_Core,XGBoost,14,,,,,,,,,,per_class,Normal,1.0,1.0,1.0,3888.0
4,Stable_Balanced_Core,XGBoost,14,,,,,,,,,,per_class,Password,0.9747013352073084,0.8679599499374218,0.9182389937106918,1598.0
4,Stable_Balanced_Core,XGBoost,14,,,,,,,,,,per_class,Port_Scanning,1.0,0.8727498448168839,0.9320517069937024,1611.0
4,Stable_Balanced_Core,XGBoost,14,,,,,,,,,,per_class,Ransomware,0.860236220472441,1.0,0.9248677248677248,1748.0
4,Stable_Balanced_Core,XGBoost,14,,,,,,,,,,per_class,SQL_injection,0.9184597961494904,0.983030303030303,0.949648711943794,1650.0
4,Stable_Balanced_Core,XGBoost,14,,,,,,,,,,per_class,Uploading,0.9594594594594594,0.993913572732806,0.9763826606875934,1643.0
4,Stable_Balanced_Core,XGBoost,14,,,,,,,,,,per_class,Vulnerability_scanner,0.99438202247191,0.988213399503722,0.9912881144990668,1612.0
4,Stable_Balanced_Core,XGBoost,14,,,,,,,,,,per_class,XSS,0.9632086851628467,0.9931592039800996,0.9779546846295164,1608.0
4,Stable_Balanced_Core,Random_Forest,14,0.965640801051081,0.9342594411827536,0.9705797096598088,0.9651333680673834,0.9628248169790544,18.085776488000192,0.7644368290002603,0.03043503718598,167149137.0,aggregate,,,,,
4,Stable_Balanced_Core,Random_Forest,14,,,,,,,,,,per_class,Backdoor,1.0,0.9650521152667076,0.9822152886115444,1631.0
4,Stable_Balanced_Core,Random_Forest,14,,,,,,,,,,per_class,DDoS_HTTP,0.9651917404129794,0.9680473372781064,0.9666174298375184,1690.0
4,Stable_Balanced_Core,Random_Forest,14,,,,,,,,,,per_class,DDoS_ICMP,1.0,0.9995565410199556,0.9997782213351076,2255.0
4,Stable_Balanced_Core,Random_Forest,14,,,,,,,,,,per_class,DDoS_TCP,1.0,1.0,1.0,1640.0
4,Stable_Balanced_Core,Random_Forest,14,,,,,,,,,,per_class,DDoS_UDP,1.0,1.0,1.0,2319.0
4,Stable_Balanced_Core,Random_Forest,14,,,,,,,,,,per_class,Fingerprinting,0.2539682539682539,1.0,0.4050632911392405,160.0
4,Stable_Balanced_Core,Random_Forest,14,,,,,,,,,,per_class,MITM,1.0,1.0,1.0,64.0
4,Stable_Balanced_Core,Random_Forest,14,,,,,,,,,,per_class,Normal,1.0,1.0,1.0,3888.0
4,Stable_Balanced_Core,Random_Forest,14,,,,,,,,,,per_class,Password,0.936800526662278,0.890488110137672,0.9130574270131536,1598.0
4,Stable_Balanced_Core,Random_Forest,14,,,,,,,,,,per_class,Port_Scanning,1.0,0.8727498448168839,0.9320517069937024,1611.0
4,Stable_Balanced_Core,Random_Forest,14,,,,,,,,,,per_class,Ransomware,1.0,0.881578947368421,0.9370629370629372,1748.0
4,Stable_Balanced_Core,Random_Forest,14,,,,,,,,,,per_class,SQL_injection,0.9319123741859088,0.953939393939394,0.9427972446840373,1650.0
4,Stable_Balanced_Core,Random_Forest,14,,,,,,,,,,per_class,Uploading,0.9631610219845514,0.9866098600121728,0.9747444377630788,1643.0
4,Stable_Balanced_Core,Random_Forest,14,,,,,,,,,,per_class,Vulnerability_scanner,0.9925419515226848,0.990694789081886,0.9916175100900342,1612.0
4,Stable_Balanced_Core,Random_Forest,14,,,,,,,,,,per_class,XSS,0.969489414694894,0.9682835820895522,0.968886123210952,1608.0
4,Stable_Minority_Only,XGBoost,13,0.9017000437950392,0.8884351227596923,0.898653785825229,0.8907095850848157,0.8936282047946019,32.959869437001544,0.8072373329996481,0.032139082414287,10097981.0,aggregate,,,,,
4,Stable_Minority_Only,XGBoost,13,,,,,,,,,,per_class,Backdoor,1.0,0.9650521152667076,0.9822152886115444,1631.0
4,Stable_Minority_Only,XGBoost,13,,,,,,,,,,per_class,DDoS_HTTP,0.7640733712839974,0.714792899408284,0.7386120452461021,1690.0
4,Stable_Minority_Only,XGBoost,13,,,,,,,,,,per_class,DDoS_ICMP,0.9986577181208054,0.98980044345898,0.9942093541202672,2255.0
4,Stable_Minority_Only,XGBoost,13,,,,,,,,,,per_class,DDoS_TCP,0.9980569948186528,0.9396341463414634,0.967964824120603,1640.0
4,Stable_Minority_Only,XGBoost,13,,,,,,,,,,per_class,DDoS_UDP,0.9978448275862069,0.9982751185855973,0.9980599267083422,2319.0
4,Stable_Minority_Only,XGBoost,13,,,,,,,,,,per_class,Fingerprinting,0.8823529411764706,0.84375,0.8626198083067093,160.0
4,Stable_Minority_Only,XGBoost,13,,,,,,,,,,per_class,MITM,1.0,1.0,1.0,64.0
4,Stable_Minority_Only,XGBoost,13,,,,,,,,,,per_class,Normal,1.0,0.9956275720164608,0.9978089960046398,3888.0
4,Stable_Minority_Only,XGBoost,13,,,,,,,,,,per_class,Password,0.8255179934569248,0.4737171464330413,0.6019880715705764,1598.0
4,Stable_Minority_Only,XGBoost,13,,,,,,,,,,per_class,Port_Scanning,0.8773424190800682,0.9590316573556796,0.9163701067615658,1611.0
4,Stable_Minority_Only,XGBoost,13,,,,,,,,,,per_class,Ransomware,0.9336677814938684,0.9582379862700228,0.9457933370976848,1748.0
4,Stable_Minority_Only,XGBoost,13,,,,,,,,,,per_class,SQL_injection,0.7195945945945946,0.9036363636363636,0.8011821601289629,1650.0
4,Stable_Minority_Only,XGBoost,13,,,,,,,,,,per_class,Uploading,0.8472222222222222,0.7054169202678028,0.7698439056791763,1643.0
4,Stable_Minority_Only,XGBoost,13,,,,,,,,,,per_class,Vulnerability_scanner,0.9265060240963856,0.9540942928039702,0.9400977995110024,1612.0
4,Stable_Minority_Only,XGBoost,13,,,,,,,,,,per_class,XSS,0.7004085338175216,0.9595771144278606,0.8097612175282078,1608.0
4,Stable_Minority_Only,Random_Forest,13,0.8975196082334673,0.8759643517737222,0.8967426333055062,0.8891600547131907,0.8884219428151887,22.31793817200014,0.9448911889994632,0.0376195878886596,813811846.0,aggregate,,,,,
4,Stable_Minority_Only,Random_Forest,13,,,,,,,,,,per_class,Backdoor,1.0,0.9650521152667076,0.9822152886115444,1631.0
4,Stable_Minority_Only,Random_Forest,13,,,,,,,,,,per_class,DDoS_HTTP,0.7697241821680565,0.7100591715976331,0.7386888273314867,1690.0
4,Stable_Minority_Only,Random_Forest,13,,,,,,,,,,per_class,DDoS_ICMP,1.0,0.9991130820399112,0.9995563442768411,2255.0
4,Stable_Minority_Only,Random_Forest,13,,,,,,,,,,per_class,DDoS_TCP,0.991687979539642,0.9457317073170732,0.9681647940074908,1640.0
4,Stable_Minority_Only,Random_Forest,13,,,,,,,,,,per_class,DDoS_UDP,0.9995687796463992,0.9995687796463992,0.9995687796463992,2319.0
4,Stable_Minority_Only,Random_Forest,13,,,,,,,,,,per_class,Fingerprinting,0.562992125984252,0.89375,0.6908212560386473,160.0
4,Stable_Minority_Only,Random_Forest,13,,,,,,,,,,per_class,MITM,1.0,1.0,1.0,64.0
4,Stable_Minority_Only,Random_Forest,13,,,,,,,,,,per_class,Normal,1.0,0.9956275720164608,0.9978089960046398,3888.0
4,Stable_Minority_Only,Random_Forest,13,,,,,,,,,,per_class,Password,0.6754047802621435,0.5481852315394243,0.6051813471502591,1598.0
4,Stable_Minority_Only,Random_Forest,13,,,,,,,,,,per_class,Port_Scanning,0.9083640836408364,0.9168218497827436,0.9125733704046958,1611.0
4,Stable_Minority_Only,Random_Forest,13,,,,,,,,,,per_class,Ransomware,0.9352317141261864,0.9582379862700228,0.9465950833568804,1748.0
4,Stable_Minority_Only,Random_Forest,13,,,,,,,,,,per_class,SQL_injection,0.7308510638297873,0.8327272727272728,0.778470254957507,1650.0
4,Stable_Minority_Only,Random_Forest,13,,,,,,,,,,per_class,Uploading,0.8024453024453024,0.7589774802191114,0.7801063497028464,1643.0
4,Stable_Minority_Only,Random_Forest,13,,,,,,,,,,per_class,Vulnerability_scanner,0.9315151515151516,0.9534739454094292,0.9423666462293072,1612.0
4,Stable_Minority_Only,Random_Forest,13,,,,,,,,,,per_class,XSS,0.7431488447071467,0.8600746268656716,0.7973479388872874,1608.0
4,CS_SHAP_Union,XGBoost,18,0.9765895608551975,0.968115010551192,0.9764860940825918,0.9669079711687992,0.9745063408148898,38.13014376300089,0.7708845990000555,0.0306917465859798,7212084.0,aggregate,,,,,
4,CS_SHAP_Union,XGBoost,18,,,,,,,,,,per_class,Backdoor,1.0,0.9650521152667076,0.9822152886115444,1631.0
4,CS_SHAP_Union,XGBoost,18,,,,,,,,,,per_class,DDoS_HTTP,0.9848392965433596,0.9609467455621302,0.9727463312368974,1690.0
4,CS_SHAP_Union,XGBoost,18,,,,,,,,,,per_class,DDoS_ICMP,0.9973238180196252,0.9915742793791574,0.9944407382699578,2255.0
4,CS_SHAP_Union,XGBoost,18,,,,,,,,,,per_class,DDoS_TCP,1.0,1.0,1.0,1640.0
4,CS_SHAP_Union,XGBoost,18,,,,,,,,,,per_class,DDoS_UDP,0.999137187230371,0.998706338939198,0.9989217166271296,2319.0
4,CS_SHAP_Union,XGBoost,18,,,,,,,,,,per_class,Fingerprinting,0.8881578947368421,0.84375,0.8653846153846154,160.0
4,CS_SHAP_Union,XGBoost,18,,,,,,,,,,per_class,MITM,1.0,1.0,1.0,64.0
4,CS_SHAP_Union,XGBoost,18,,,,,,,,,,per_class,Normal,1.0,1.0,1.0,3888.0
4,CS_SHAP_Union,XGBoost,18,,,,,,,,,,per_class,Password,0.9726507713884992,0.8679599499374218,0.9173280423280424,1598.0
4,CS_SHAP_Union,XGBoost,18,,,,,,,,,,per_class,Port_Scanning,0.9342184671092336,0.9608938547486032,0.9473684210526316,1611.0
4,CS_SHAP_Union,XGBoost,18,,,,,,,,,,per_class,Ransomware,0.940482874789444,0.9582379862700228,0.949277415698498,1748.0
4,CS_SHAP_Union,XGBoost,18,,,,,,,,,,per_class,SQL_injection,0.918321043675553,0.9812121212121212,0.9487254614708468,1650.0
4,CS_SHAP_Union,XGBoost,18,,,,,,,,,,per_class,Uploading,0.9594594594594594,0.993913572732806,0.9763826606875934,1643.0
4,CS_SHAP_Union,XGBoost,18,,,,,,,,,,per_class,Vulnerability_scanner,0.9937616968184654,0.988213399503722,0.9909797822706066,1612.0
4,CS_SHAP_Union,XGBoost,18,,,,,,,,,,per_class,XSS,0.9632086851628467,0.9931592039800996,0.9779546846295164,1608.0
4,CS_SHAP_Union,Random_Forest,18,0.97348409443803,0.9549250389887002,0.973923040981727,0.966476178295412,0.9710990374477464,20.761941972001296,0.7590341770010127,0.0302199377712709,170027660.0,aggregate,,,,,
4,CS_SHAP_Union,Random_Forest,18,,,,,,,,,,per_class,Backdoor,1.0,0.9650521152667076,0.9822152886115444,1631.0
4,CS_SHAP_Union,Random_Forest,18,,,,,,,,,,per_class,DDoS_HTTP,0.9657615112160568,0.9680473372781064,0.966903073286052,1690.0
4,CS_SHAP_Union,Random_Forest,18,,,,,,,,,,per_class,DDoS_ICMP,1.0,0.9995565410199556,0.9997782213351076,2255.0
4,CS_SHAP_Union,Random_Forest,18,,,,,,,,,,per_class,DDoS_TCP,1.0,1.0,1.0,1640.0
4,CS_SHAP_Union,Random_Forest,18,,,,,,,,,,per_class,DDoS_UDP,1.0,1.0,1.0,2319.0
4,CS_SHAP_Union,Random_Forest,18,,,,,,,,,,per_class,Fingerprinting,0.5652173913043478,0.89375,0.6924939467312349,160.0
4,CS_SHAP_Union,Random_Forest,18,,,,,,,,,,per_class,MITM,1.0,1.0,1.0,64.0
4,CS_SHAP_Union,Random_Forest,18,,,,,,,,,,per_class,Normal,1.0,1.0,1.0,3888.0
4,CS_SHAP_Union,Random_Forest,18,,,,,,,,,,per_class,Password,0.9337270341207348,0.890488110137672,0.911595131326073,1598.0
4,CS_SHAP_Union,Random_Forest,18,,,,,,,,,,per_class,Port_Scanning,0.9656513285806868,0.924891371818746,0.9448319594166138,1611.0
4,CS_SHAP_Union,Random_Forest,18,,,,,,,,,,per_class,Ransomware,0.940482874789444,0.9582379862700228,0.949277415698498,1748.0
4,CS_SHAP_Union,Random_Forest,18,,,,,,,,,,per_class,SQL_injection,0.931710213776722,0.9509090909090908,0.9412117576484704,1650.0
4,CS_SHAP_Union,Random_Forest,18,,,,,,,,,,per_class,Uploading,0.9631610219845514,0.9866098600121728,0.9747444377630788,1643.0
4,CS_SHAP_Union,Random_Forest,18,,,,,,,,,,per_class,Vulnerability_scanner,0.9925419515226848,0.990694789081886,0.9916175100900342,1612.0
4,CS_SHAP_Union,Random_Forest,18,,,,,,,,,,per_class,XSS,0.9695084007467332,0.968905472636816,0.9692068429237948,1608.0
4,Mutual_Information_19,XGBoost,19,0.973523908110045,0.9653548862433756,0.973488989299616,0.9638557075920844,0.9712582864936044,71.847921012999,1.0115708410012303,0.0402743496835302,7478922.0,aggregate,,,,,
4,Mutual_Information_19,XGBoost,19,,,,,,,,,,per_class,Backdoor,1.0,0.9650521152667076,0.9822152886115444,1631.0
4,Mutual_Information_19,XGBoost,19,,,,,,,,,,per_class,DDoS_HTTP,0.9807112718505124,0.9627218934911242,0.9716333233801134,1690.0
4,Mutual_Information_19,XGBoost,19,,,,,,,,,,per_class,DDoS_ICMP,0.99776885319054,0.9915742793791574,0.9946619217081852,2255.0
4,Mutual_Information_19,XGBoost,19,,,,,,,,,,per_class,DDoS_TCP,1.0,1.0,1.0,1640.0
4,Mutual_Information_19,XGBoost,19,,,,,,,,,,per_class,DDoS_UDP,0.999137187230371,0.998706338939198,0.9989217166271296,2319.0
4,Mutual_Information_19,XGBoost,19,,,,,,,,,,per_class,Fingerprinting,0.8888888888888888,0.85,0.8690095846645367,160.0
4,Mutual_Information_19,XGBoost,19,,,,,,,,,,per_class,MITM,1.0,1.0,1.0,64.0
4,Mutual_Information_19,XGBoost,19,,,,,,,,,,per_class,Normal,1.0,1.0,1.0,3888.0
4,Mutual_Information_19,XGBoost,19,,,,,,,,,,per_class,Password,0.9705676243868256,0.8667083854818524,0.915702479338843,1598.0
4,Mutual_Information_19,XGBoost,19,,,,,,,,,,per_class,Port_Scanning,1.0,0.8727498448168839,0.9320517069937024,1611.0
4,Mutual_Information_19,XGBoost,19,,,,,,,,,,per_class,Ransomware,0.860236220472441,1.0,0.9248677248677248,1748.0
4,Mutual_Information_19,XGBoost,19,,,,,,,,,,per_class,SQL_injection,0.9171866137266024,0.98,0.9475534720187518,1650.0
4,Mutual_Information_19,XGBoost,19,,,,,,,,,,per_class,Uploading,0.9594356261022928,0.9933049300060864,0.9760765550239232,1643.0
4,Mutual_Information_19,XGBoost,19,,,,,,,,,,per_class,Vulnerability_scanner,0.9931464174454828,0.988833746898263,0.990985390115014,1612.0
4,Mutual_Information_19,XGBoost,19,,,,,,,,,,per_class,XSS,0.965370595382746,0.98818407960199,0.9766441303011678,1608.0
4,Mutual_Information_19,Random_Forest,19,0.9678305530119042,0.9364534734340608,0.972722865937025,0.9673588223402764,0.9652350218290696,34.81010791600056,0.8798153719999391,0.0350286806545343,187754425.0,aggregate,,,,,
4,Mutual_Information_19,Random_Forest,19,,,,,,,,,,per_class,Backdoor,1.0,0.9650521152667076,0.9822152886115444,1631.0
4,Mutual_Information_19,Random_Forest,19,,,,,,,,,,per_class,DDoS_HTTP,0.9802039592081584,0.9668639053254438,0.9734882335418528,1690.0
4,Mutual_Information_19,Random_Forest,19,,,,,,,,,,per_class,DDoS_ICMP,1.0,0.9995565410199556,0.9997782213351076,2255.0
4,Mutual_Information_19,Random_Forest,19,,,,,,,,,,per_class,DDoS_TCP,1.0,1.0,1.0,1640.0
4,Mutual_Information_19,Random_Forest,19,,,,,,,,,,per_class,DDoS_UDP,1.0,1.0,1.0,2319.0
4,Mutual_Information_19,Random_Forest,19,,,,,,,,,,per_class,Fingerprinting,0.2539682539682539,1.0,0.4050632911392405,160.0
4,Mutual_Information_19,Random_Forest,19,,,,,,,,,,per_class,MITM,1.0,1.0,1.0,64.0
4,Mutual_Information_19,Random_Forest,19,,,,,,,,,,per_class,Normal,1.0,1.0,1.0,3888.0
4,Mutual_Information_19,Random_Forest,19,,,,,,,,,,per_class,Password,0.970242214532872,0.8773466833541927,0.9214590864278672,1598.0
4,Mutual_Information_19,Random_Forest,19,,,,,,,,,,per_class,Port_Scanning,1.0,0.8727498448168839,0.9320517069937024,1611.0
4,Mutual_Information_19,Random_Forest,19,,,,,,,,,,per_class,Ransomware,1.0,0.881578947368421,0.9370629370629372,1748.0
4,Mutual_Information_19,Random_Forest,19,,,,,,,,,,per_class,SQL_injection,0.9254587155963304,0.9781818181818182,0.9510901591043016,1650.0
4,Mutual_Information_19,Random_Forest,19,,,,,,,,,,per_class,Uploading,0.9600470035252644,0.9945222154595252,0.976980568011958,1643.0
4,Mutual_Information_19,Random_Forest,19,,,,,,,,,,per_class,Vulnerability_scanner,0.99625,0.988833746898263,0.9925280199252802,1612.0
4,Mutual_Information_19,Random_Forest,19,,,,,,,,,,per_class,XSS,0.964698721850274,0.9856965174129352,0.975084589357121,1608.0
4,Random_Forest_Importance_19,XGBoost,19,0.9737229764701198,0.9653475407736916,0.9736890918890848,0.9636914211213492,0.9714734939611632,69.64419312699829,1.2452308290012295,0.049577211808784,7402716.0,aggregate,,,,,
4,Random_Forest_Importance_19,XGBoost,19,,,,,,,,,,per_class,Backdoor,1.0,0.9650521152667076,0.9822152886115444,1631.0
4,Random_Forest_Importance_19,XGBoost,19,,,,,,,,,,per_class,DDoS_HTTP,0.9830713422007256,0.9621301775147928,0.972488038277512,1690.0
4,Random_Forest_Importance_19,XGBoost,19,,,,,,,,,,per_class,DDoS_ICMP,0.9973238180196252,0.9915742793791574,0.9944407382699578,2255.0
4,Random_Forest_Importance_19,XGBoost,19,,,,,,,,,,per_class,DDoS_TCP,1.0,1.0,1.0,1640.0
4,Random_Forest_Importance_19,XGBoost,19,,,,,,,,,,per_class,DDoS_UDP,0.999137187230371,0.998706338939198,0.9989217166271296,2319.0
4,Random_Forest_Importance_19,XGBoost,19,,,,,,,,,,per_class,Fingerprinting,0.8881578947368421,0.84375,0.8653846153846154,160.0
4,Random_Forest_Importance_19,XGBoost,19,,,,,,,,,,per_class,MITM,1.0,1.0,1.0,64.0
4,Random_Forest_Importance_19,XGBoost,19,,,,,,,,,,per_class,Normal,1.0,1.0,1.0,3888.0
4,Random_Forest_Importance_19,XGBoost,19,,,,,,,,,,per_class,Password,0.969972067039106,0.8692115143929913,0.9168316831683168,1598.0
4,Random_Forest_Importance_19,XGBoost,19,,,,,,,,,,per_class,Port_Scanning,1.0,0.8727498448168839,0.9320517069937024,1611.0
4,Random_Forest_Importance_19,XGBoost,19,,,,,,,,,,per_class,Ransomware,0.860236220472441,1.0,0.9248677248677248,1748.0
4,Random_Forest_Importance_19,XGBoost,19,,,,,,,,,,per_class,SQL_injection,0.9192723138146676,0.98,0.9486652977412732,1650.0
4,Random_Forest_Importance_19,XGBoost,19,,,,,,,,,,per_class,Uploading,0.9594117647058824,0.992696287279367,0.9757702662279388,1643.0
4,Random_Forest_Importance_19,XGBoost,19,,,,,,,,,,per_class,Vulnerability_scanner,0.9925419515226848,0.990694789081886,0.9916175100900342,1612.0
4,Random_Forest_Importance_19,XGBoost,19,,,,,,,,,,per_class,XSS,0.965391621129326,0.9888059701492538,0.976958525345622,1608.0
4,Random_Forest_Importance_19,Random_Forest,19,0.9676712983238444,0.936288661669636,0.9725620285287684,0.9671998118031548,0.9650607831723572,33.247890065998945,1.348463267000625,0.0536872742365977,187693171.0,aggregate,,,,,
4,Random_Forest_Importance_19,Random_Forest,19,,,,,,,,,,per_class,Backdoor,1.0,0.9650521152667076,0.9822152886115444,1631.0
4,Random_Forest_Importance_19,Random_Forest,19,,,,,,,,,,per_class,DDoS_HTTP,0.9807692307692308,0.9656804733727812,0.9731663685152058,1690.0
4,Random_Forest_Importance_19,Random_Forest,19,,,,,,,,,,per_class,DDoS_ICMP,1.0,0.9995565410199556,0.9997782213351076,2255.0
4,Random_Forest_Importance_19,Random_Forest,19,,,,,,,,,,per_class,DDoS_TCP,1.0,1.0,1.0,1640.0
4,Random_Forest_Importance_19,Random_Forest,19,,,,,,,,,,per_class,DDoS_UDP,1.0,1.0,1.0,2319.0
4,Random_Forest_Importance_19,Random_Forest,19,,,,,,,,,,per_class,Fingerprinting,0.2539682539682539,1.0,0.4050632911392405,160.0
4,Random_Forest_Importance_19,Random_Forest,19,,,,,,,,,,per_class,MITM,1.0,1.0,1.0,64.0
4,Random_Forest_Importance_19,Random_Forest,19,,,,,,,,,,per_class,Normal,1.0,1.0,1.0,3888.0
4,Random_Forest_Importance_19,Random_Forest,19,,,,,,,,,,per_class,Password,0.9682100898410504,0.876720901126408,0.9201970443349752,1598.0
4,Random_Forest_Importance_19,Random_Forest,19,,,,,,,,,,per_class,Port_Scanning,1.0,0.8727498448168839,0.9320517069937024,1611.0
4,Random_Forest_Importance_19,Random_Forest,19,,,,,,,,,,per_class,Ransomware,1.0,0.881578947368421,0.9370629370629372,1748.0
4,Random_Forest_Importance_19,Random_Forest,19,,,,,,,,,,per_class,SQL_injection,0.9247990815154994,0.9763636363636364,0.949882075471698,1650.0
4,Random_Forest_Importance_19,Random_Forest,19,,,,,,,,,,per_class,Uploading,0.9600470035252644,0.9945222154595252,0.976980568011958,1643.0
4,Random_Forest_Importance_19,Random_Forest,19,,,,,,,,,,per_class,Vulnerability_scanner,0.9956304619225969,0.989454094292804,0.9925326695706284,1612.0
4,Random_Forest_Importance_19,Random_Forest,19,,,,,,,,,,per_class,XSS,0.964720194647202,0.986318407960199,0.97539975399754,1608.0
5,Full_42,XGBoost,42,0.9780626667197516,0.9693244449443256,0.9780052494841922,0.9672958329384396,0.9761071636006592,45.18083891499919,0.7287642899991624,0.029014782418249,7239348.0,aggregate,,,,,
5,Full_42,XGBoost,42,,,,,,,,,,per_class,Backdoor,1.0,0.9632352941176472,0.9812734082397004,1632.0
5,Full_42,XGBoost,42,,,,,,,,,,per_class,DDoS_HTTP,0.980664652567976,0.960923623445826,0.9706937799043062,1689.0
5,Full_42,XGBoost,42,,,,,,,,,,per_class,DDoS_ICMP,0.998217468805704,0.9933481152993348,0.9957768392976216,2255.0
5,Full_42,XGBoost,42,,,,,,,,,,per_class,DDoS_TCP,1.0,1.0,1.0,1639.0
5,Full_42,XGBoost,42,,,,,,,,,,per_class,DDoS_UDP,1.0,1.0,1.0,2320.0
5,Full_42,XGBoost,42,,,,,,,,,,per_class,Fingerprinting,0.8979591836734694,0.825,0.8599348534201955,160.0
5,Full_42,XGBoost,42,,,,,,,,,,per_class,MITM,1.0,1.0,1.0,64.0
5,Full_42,XGBoost,42,,,,,,,,,,per_class,Normal,1.0,1.0,1.0,3888.0
5,Full_42,XGBoost,42,,,,,,,,,,per_class,Password,0.9820565907522428,0.8899312070043778,0.933727034120735,1599.0
5,Full_42,XGBoost,42,,,,,,,,,,per_class,Port_Scanning,0.9251781472684084,0.9671011793916822,0.9456752655538694,1611.0
5,Full_42,XGBoost,42,,,,,,,,,,per_class,Ransomware,0.9408754974417284,0.9467963386727688,0.9438266324493868,1748.0
5,Full_42,XGBoost,42,,,,,,,,,,per_class,SQL_injection,0.9272313814667424,0.989084293511219,0.9571596244131456,1649.0
5,Full_42,XGBoost,42,,,,,,,,,,per_class,Uploading,0.9714795008912656,0.9951308581862448,0.9831629585087192,1643.0
5,Full_42,XGBoost,42,,,,,,,,,,per_class,Vulnerability_scanner,0.9974937343358397,0.9875930521091812,0.9925187032418952,1612.0
5,Full_42,XGBoost,42,,,,,,,,,,per_class,XSS,0.9613992762364294,0.9912935323383084,0.9761175750153092,1608.0
5,Full_42,Random_Forest,42,0.9754349643667636,0.9565798690603176,0.9758573825629958,0.9670369616815986,0.97323089329004,21.251832198999185,0.7990839449994382,0.0318144660986359,199076328.0,aggregate,,,,,
5,Full_42,Random_Forest,42,,,,,,,,,,per_class,Backdoor,1.0,0.9632352941176472,0.9812734082397004,1632.0
5,Full_42,Random_Forest,42,,,,,,,,,,per_class,DDoS_HTTP,0.9702734839476812,0.966252220248668,0.9682586769504598,1689.0
5,Full_42,Random_Forest,42,,,,,,,,,,per_class,DDoS_ICMP,1.0,1.0,1.0,2255.0
5,Full_42,Random_Forest,42,,,,,,,,,,per_class,DDoS_TCP,1.0,1.0,1.0,1639.0
5,Full_42,Random_Forest,42,,,,,,,,,,per_class,DDoS_UDP,1.0,1.0,1.0,2320.0
5,Full_42,Random_Forest,42,,,,,,,,,,per_class,Fingerprinting,0.5673469387755102,0.86875,0.6864197530864198,160.0
5,Full_42,Random_Forest,42,,,,,,,,,,per_class,MITM,1.0,1.0,1.0,64.0
5,Full_42,Random_Forest,42,,,,,,,,,,per_class,Normal,1.0,1.0,1.0,3888.0
5,Full_42,Random_Forest,42,,,,,,,,,,per_class,Password,0.955243820975284,0.8943089430894309,0.9237726098191216,1599.0
5,Full_42,Random_Forest,42,,,,,,,,,,per_class,Port_Scanning,0.9606349206349206,0.9391682184978274,0.9497802887633396,1611.0
5,Full_42,Random_Forest,42,,,,,,,,,,per_class,Ransomware,0.9408754974417284,0.9467963386727688,0.9438266324493868,1748.0
5,Full_42,Random_Forest,42,,,,,,,,,,per_class,SQL_injection,0.9285299244625218,0.9690721649484536,0.9483679525222553,1649.0
5,Full_42,Random_Forest,42,,,,,,,,,,per_class,Uploading,0.972504482964734,0.9902617163724894,0.9813027744270204,1643.0
5,Full_42,Random_Forest,42,,,,,,,,,,per_class,Vulnerability_scanner,0.9993678887484198,0.9807692307692308,0.9899812147777082,1612.0
5,Full_42,Random_Forest,42,,,,,,,,,,per_class,XSS,0.964741641337386,0.9869402985074628,0.9757147248693512,1608.0
5,Natural_Global_20,XGBoost,20,0.9781024803917664,0.969585908935888,0.9780526412355436,0.9677142458681705,0.9761462707310312,33.70156555600079,0.7071349420002662,0.0281536386511233,7320460.0,aggregate,,,,,
5,Natural_Global_20,XGBoost,20,,,,,,,,,,per_class,Backdoor,1.0,0.9632352941176472,0.9812734082397004,1632.0
5,Natural_Global_20,XGBoost,20,,,,,,,,,,per_class,DDoS_HTTP,0.982487922705314,0.9632918886915336,0.9727952167414052,1689.0
5,Natural_Global_20,XGBoost,20,,,,,,,,,,per_class,DDoS_ICMP,0.9986625055728936,0.9933481152993348,0.9959982214317474,2255.0
5,Natural_Global_20,XGBoost,20,,,,,,,,,,per_class,DDoS_TCP,1.0,1.0,1.0,1639.0
5,Natural_Global_20,XGBoost,20,,,,,,,,,,per_class,DDoS_UDP,1.0,1.0,1.0,2320.0
5,Natural_Global_20,XGBoost,20,,,,,,,,,,per_class,Fingerprinting,0.8986486486486487,0.83125,0.8636363636363638,160.0
5,Natural_Global_20,XGBoost,20,,,,,,,,,,per_class,MITM,1.0,1.0,1.0,64.0
5,Natural_Global_20,XGBoost,20,,,,,,,,,,per_class,Normal,1.0,1.0,1.0,3888.0
5,Natural_Global_20,XGBoost,20,,,,,,,,,,per_class,Password,0.976027397260274,0.8911819887429644,0.9316770186335404,1599.0
5,Natural_Global_20,XGBoost,20,,,,,,,,,,per_class,Port_Scanning,0.9251781472684084,0.9671011793916822,0.9456752655538694,1611.0
5,Natural_Global_20,XGBoost,20,,,,,,,,,,per_class,Ransomware,0.9408754974417284,0.9467963386727688,0.9438266324493868,1748.0
5,Natural_Global_20,XGBoost,20,,,,,,,,,,per_class,SQL_injection,0.9279588336192108,0.984232868405094,0.9552678045909356,1649.0
5,Natural_Global_20,XGBoost,20,,,,,,,,,,per_class,Uploading,0.971462544589774,0.9945222154595252,0.9828571428571428,1643.0
5,Natural_Global_20,XGBoost,20,,,,,,,,,,per_class,Vulnerability_scanner,0.9981179422835632,0.9869727047146402,0.9925140361821584,1612.0
5,Natural_Global_20,XGBoost,20,,,,,,,,,,per_class,XSS,0.9632308619650392,0.9937810945273632,0.9782675237220692,1608.0
5,Natural_Global_20,Random_Forest,20,0.9757136600708683,0.9568590570925928,0.9761317117644746,0.967324560278358,0.9735354245324164,19.81178891499985,0.7661561090008036,0.0305034880360235,185192960.0,aggregate,,,,,
5,Natural_Global_20,Random_Forest,20,,,,,,,,,,per_class,Backdoor,1.0,0.9632352941176472,0.9812734082397004,1632.0
5,Natural_Global_20,Random_Forest,20,,,,,,,,,,per_class,DDoS_HTTP,0.973747016706444,0.966252220248668,0.9699851411589896,1689.0
5,Natural_Global_20,Random_Forest,20,,,,,,,,,,per_class,DDoS_ICMP,1.0,1.0,1.0,2255.0
5,Natural_Global_20,Random_Forest,20,,,,,,,,,,per_class,DDoS_TCP,1.0,1.0,1.0,1639.0
5,Natural_Global_20,Random_Forest,20,,,,,,,,,,per_class,DDoS_UDP,1.0,1.0,1.0,2320.0
5,Natural_Global_20,Random_Forest,20,,,,,,,,,,per_class,Fingerprinting,0.5673469387755102,0.86875,0.6864197530864198,160.0
5,Natural_Global_20,Random_Forest,20,,,,,,,,,,per_class,MITM,1.0,1.0,1.0,64.0
5,Natural_Global_20,Random_Forest,20,,,,,,,,,,per_class,Normal,1.0,1.0,1.0,3888.0
5,Natural_Global_20,Random_Forest,20,,,,,,,,,,per_class,Password,0.9564926372155288,0.8936835522201376,0.9240219851277076,1599.0
5,Natural_Global_20,Random_Forest,20,,,,,,,,,,per_class,Port_Scanning,0.9606349206349206,0.9391682184978274,0.9497802887633396,1611.0
5,Natural_Global_20,Random_Forest,20,,,,,,,,,,per_class,Ransomware,0.9408754974417284,0.9467963386727688,0.9438266324493868,1748.0
5,Natural_Global_20,Random_Forest,20,,,,,,,,,,per_class,SQL_injection,0.9285299244625218,0.9690721649484536,0.9483679525222553,1649.0
5,Natural_Global_20,Random_Forest,20,,,,,,,,,,per_class,Uploading,0.9719570405727924,0.9914790018259282,0.9816209701717384,1643.0
5,Natural_Global_20,Random_Forest,20,,,,,,,,,,per_class,Vulnerability_scanner,0.9993702770780856,0.9844913151364764,0.991875,1612.0
5,Natural_Global_20,Random_Forest,20,,,,,,,,,,per_class,XSS,0.964741641337386,0.9869402985074628,0.9757147248693512,1608.0
5,Class_Balanced_15,XGBoost,15,0.9766691881992275,0.9678908627629772,0.9766674989907602,0.9652876369023792,0.9746661716906704,29.827187840999613,0.6471920709991537,0.0257670928454494,7059274.0,aggregate,,,,,
5,Class_Balanced_15,XGBoost,15,,,,,,,,,,per_class,Backdoor,1.0,0.9632352941176472,0.9812734082397004,1632.0
5,Class_Balanced_15,XGBoost,15,,,,,,,,,,per_class,DDoS_HTTP,0.9878048780487804,0.9591474245115452,0.9732652448182638,1689.0
5,Class_Balanced_15,XGBoost,15,,,,,,,,,,per_class,DDoS_ICMP,0.9955476402493322,0.9915742793791574,0.9935569873361476,2255.0
5,Class_Balanced_15,XGBoost,15,,,,,,,,,,per_class,DDoS_TCP,1.0,1.0,1.0,1639.0
5,Class_Balanced_15,XGBoost,15,,,,,,,,,,per_class,DDoS_UDP,0.9982751185855973,0.9978448275862069,0.9980599267083422,2320.0
5,Class_Balanced_15,XGBoost,15,,,,,,,,,,per_class,Fingerprinting,0.8972602739726028,0.81875,0.8562091503267975,160.0
5,Class_Balanced_15,XGBoost,15,,,,,,,,,,per_class,MITM,1.0,1.0,1.0,64.0
5,Class_Balanced_15,XGBoost,15,,,,,,,,,,per_class,Normal,1.0,1.0,1.0,3888.0
5,Class_Balanced_15,XGBoost,15,,,,,,,,,,per_class,Password,0.9813278008298756,0.8874296435272045,0.9320197044334976,1599.0
5,Class_Balanced_15,XGBoost,15,,,,,,,,,,per_class,Port_Scanning,1.0,0.8919925512104283,0.9429133858267716,1611.0
5,Class_Balanced_15,XGBoost,15,,,,,,,,,,per_class,Ransomware,0.8713858424725822,1.0,0.9312733084709642,1748.0
5,Class_Balanced_15,XGBoost,15,,,,,,,,,,per_class,SQL_injection,0.9255258669698692,0.987265009096422,0.955399061032864,1649.0
5,Class_Balanced_15,XGBoost,15,,,,,,,,,,per_class,Uploading,0.9709371293001188,0.9963481436396836,0.9834785220787022,1643.0
5,Class_Balanced_15,XGBoost,15,,,,,,,,,,per_class,Vulnerability_scanner,0.9993722536095416,0.9875930521091812,0.9934477379095163,1612.0
5,Class_Balanced_15,XGBoost,15,,,,,,,,,,per_class,XSS,0.95763723150358,0.9981343283582088,0.9774665042630936,1608.0
5,Class_Balanced_15,Random_Forest,15,0.9686268264522035,0.9381412390420804,0.973005458424233,0.9681820029882002,0.9660285285029782,17.320520211000257,0.6591680149995227,0.0262438991519497,169155492.0,aggregate,,,,,
5,Class_Balanced_15,Random_Forest,15,,,,,,,,,,per_class,Backdoor,1.0,0.9632352941176472,0.9812734082397004,1632.0
5,Class_Balanced_15,Random_Forest,15,,,,,,,,,,per_class,DDoS_HTTP,0.9663120567375888,0.9680284191829484,0.9671694764862468,1689.0
5,Class_Balanced_15,Random_Forest,15,,,,,,,,,,per_class,DDoS_ICMP,1.0,1.0,1.0,2255.0
5,Class_Balanced_15,Random_Forest,15,,,,,,,,,,per_class,DDoS_TCP,1.0,1.0,1.0,1639.0
5,Class_Balanced_15,Random_Forest,15,,,,,,,,,,per_class,DDoS_UDP,1.0,1.0,1.0,2320.0
5,Class_Balanced_15,Random_Forest,15,,,,,,,,,,per_class,Fingerprinting,0.272572402044293,1.0,0.428380187416332,160.0
5,Class_Balanced_15,Random_Forest,15,,,,,,,,,,per_class,MITM,1.0,1.0,1.0,64.0
5,Class_Balanced_15,Random_Forest,15,,,,,,,,,,per_class,Normal,1.0,1.0,1.0,3888.0
5,Class_Balanced_15,Random_Forest,15,,,,,,,,,,per_class,Password,0.9412148922273024,0.9011882426516572,0.9207667731629392,1599.0
5,Class_Balanced_15,Random_Forest,15,,,,,,,,,,per_class,Port_Scanning,1.0,0.8919925512104283,0.9429133858267716,1611.0
5,Class_Balanced_15,Random_Forest,15,,,,,,,,,,per_class,Ransomware,1.0,0.8895881006864989,0.9415682712685436,1748.0
5,Class_Balanced_15,Random_Forest,15,,,,,,,,,,per_class,SQL_injection,0.9319648093841644,0.9636143117040632,0.94752534287418,1649.0
5,Class_Balanced_15,Random_Forest,15,,,,,,,,,,per_class,Uploading,0.9746223564954682,0.9817407181984176,0.9781685870224378,1643.0
5,Class_Balanced_15,Random_Forest,15,,,,,,,,,,per_class,Vulnerability_scanner,0.9981167608286252,0.9863523573200992,0.9921996879875196,1612.0
5,Class_Balanced_15,Random_Forest,15,,,,,,,,,,per_class,XSS,0.9673645320197044,0.9769900497512438,0.9721534653465348,1608.0
5,Stable_Balanced_Core,XGBoost,14,0.9766293745272128,0.9680722856063012,0.976631838252652,0.9656234464839436,0.9746219337909624,29.18772109600104,0.6445178519988985,0.025660622367277,7076339.0,aggregate,,,,,
5,Stable_Balanced_Core,XGBoost,14,,,,,,,,,,per_class,Backdoor,1.0,0.9632352941176472,0.9812734082397004,1632.0
5,Stable_Balanced_Core,XGBoost,14,,,,,,,,,,per_class,DDoS_HTTP,0.9878048780487804,0.9591474245115452,0.9732652448182638,1689.0
5,Stable_Balanced_Core,XGBoost,14,,,,,,,,,,per_class,DDoS_ICMP,0.9959910913140312,0.9915742793791574,0.993777777777778,2255.0
5,Stable_Balanced_Core,XGBoost,14,,,,,,,,,,per_class,DDoS_TCP,1.0,1.0,1.0,1639.0
5,Stable_Balanced_Core,XGBoost,14,,,,,,,,,,per_class,DDoS_UDP,0.9982751185855973,0.9978448275862069,0.9980599267083422,2320.0
5,Stable_Balanced_Core,XGBoost,14,,,,,,,,,,per_class,Fingerprinting,0.8979591836734694,0.825,0.8599348534201955,160.0
5,Stable_Balanced_Core,XGBoost,14,,,,,,,,,,per_class,MITM,1.0,1.0,1.0,64.0
5,Stable_Balanced_Core,XGBoost,14,,,,,,,,,,per_class,Normal,1.0,1.0,1.0,3888.0
5,Stable_Balanced_Core,XGBoost,14,,,,,,,,,,per_class,Password,0.9799723756906076,0.8874296435272045,0.9314079422382672,1599.0
5,Stable_Balanced_Core,XGBoost,14,,,,,,,,,,per_class,Port_Scanning,1.0,0.8919925512104283,0.9429133858267716,1611.0
5,Stable_Balanced_Core,XGBoost,14,,,,,,,,,,per_class,Ransomware,0.8713858424725822,1.0,0.9312733084709642,1748.0
5,Stable_Balanced_Core,XGBoost,14,,,,,,,,,,per_class,SQL_injection,0.92544109277177,0.9860521528198908,0.9547856723429244,1649.0
5,Stable_Balanced_Core,XGBoost,14,,,,,,,,,,per_class,Uploading,0.9709371293001188,0.9963481436396836,0.9834785220787022,1643.0
5,Stable_Balanced_Core,XGBoost,14,,,,,,,,,,per_class,Vulnerability_scanner,0.9993722536095416,0.9875930521091812,0.9934477379095163,1612.0
5,Stable_Balanced_Core,XGBoost,14,,,,,,,,,,per_class,XSS,0.95763723150358,0.9981343283582088,0.9774665042630936,1608.0
5,Stable_Balanced_Core,Random_Forest,14,0.9686268264522035,0.938138982143304,0.973005596968556,0.9681807826735714,0.9660280706635472,17.196244439999646,0.6562393200001679,0.0261272970498135,168435546.0,aggregate,,,,,
5,Stable_Balanced_Core,Random_Forest,14,,,,,,,,,,per_class,Backdoor,1.0,0.9632352941176472,0.9812734082397004,1632.0
5,Stable_Balanced_Core,Random_Forest,14,,,,,,,,,,per_class,DDoS_HTTP,0.9674940898345152,0.9692125518058022,0.9683525584146704,1689.0
5,Stable_Balanced_Core,Random_Forest,14,,,,,,,,,,per_class,DDoS_ICMP,1.0,1.0,1.0,2255.0
5,Stable_Balanced_Core,Random_Forest,14,,,,,,,,,,per_class,DDoS_TCP,1.0,1.0,1.0,1639.0
5,Stable_Balanced_Core,Random_Forest,14,,,,,,,,,,per_class,DDoS_UDP,1.0,1.0,1.0,2320.0
5,Stable_Balanced_Core,Random_Forest,14,,,,,,,,,,per_class,Fingerprinting,0.272572402044293,1.0,0.428380187416332,160.0
5,Stable_Balanced_Core,Random_Forest,14,,,,,,,,,,per_class,MITM,1.0,1.0,1.0,64.0
5,Stable_Balanced_Core,Random_Forest,14,,,,,,,,,,per_class,Normal,1.0,1.0,1.0,3888.0
5,Stable_Balanced_Core,Random_Forest,14,,,,,,,,,,per_class,Password,0.9393346379647748,0.900562851782364,0.9195402298850576,1599.0
5,Stable_Balanced_Core,Random_Forest,14,,,,,,,,,,per_class,Port_Scanning,1.0,0.8919925512104283,0.9429133858267716,1611.0
5,Stable_Balanced_Core,Random_Forest,14,,,,,,,,,,per_class,Ransomware,1.0,0.8895881006864989,0.9415682712685436,1748.0
5,Stable_Balanced_Core,Random_Forest,14,,,,,,,,,,per_class,SQL_injection,0.931297709923664,0.9617950272892662,0.9463007159904534,1649.0
5,Stable_Balanced_Core,Random_Forest,14,,,,,,,,,,per_class,Uploading,0.9746223564954682,0.9817407181984176,0.9781685870224378,1643.0
5,Stable_Balanced_Core,Random_Forest,14,,,,,,,,,,per_class,Vulnerability_scanner,0.9981179422835632,0.9869727047146402,0.9925140361821584,1612.0
5,Stable_Balanced_Core,Random_Forest,14,,,,,,,,,,per_class,XSS,0.9685767097966728,0.9776119402985076,0.9730733519034356,1608.0
5,Stable_Minority_Only,XGBoost,15,0.952303220926066,0.9438060704146712,0.9523949665365964,0.9419490469898164,0.9480497916647004,29.193067222000536,0.7593582669996977,0.0302328409841819,8678488.0,aggregate,,,,,
5,Stable_Minority_Only,XGBoost,15,,,,,,,,,,per_class,Backdoor,1.0,0.9632352941176472,0.9812734082397004,1632.0
5,Stable_Minority_Only,XGBoost,15,,,,,,,,,,per_class,DDoS_HTTP,0.8237269166200336,0.8715216104203671,0.8469505178365938,1689.0
5,Stable_Minority_Only,XGBoost,15,,,,,,,,,,per_class,DDoS_ICMP,0.9982118909253463,0.9902439024390244,0.994211932324132,2255.0
5,Stable_Minority_Only,XGBoost,15,,,,,,,,,,per_class,DDoS_TCP,1.0,1.0,1.0,1639.0
5,Stable_Minority_Only,XGBoost,15,,,,,,,,,,per_class,DDoS_UDP,0.996560619088564,0.9991379310344828,0.9978476108480414,2320.0
5,Stable_Minority_Only,XGBoost,15,,,,,,,,,,per_class,Fingerprinting,0.8986486486486487,0.83125,0.8636363636363638,160.0
5,Stable_Minority_Only,XGBoost,15,,,,,,,,,,per_class,MITM,1.0,1.0,1.0,64.0
5,Stable_Minority_Only,XGBoost,15,,,,,,,,,,per_class,Normal,1.0,0.9958847736625516,0.9979381443298968,3888.0
5,Stable_Minority_Only,XGBoost,15,,,,,,,,,,per_class,Password,0.9447983014861996,0.8348968105065666,0.8864541832669323,1599.0
5,Stable_Minority_Only,XGBoost,15,,,,,,,,,,per_class,Port_Scanning,0.9229857819905212,0.9671011793916822,0.9445286450439528,1611.0
5,Stable_Minority_Only,XGBoost,15,,,,,,,,,,per_class,Ransomware,0.9345002823263692,0.9467963386727688,0.9406081273088944,1748.0
5,Stable_Minority_Only,XGBoost,15,,,,,,,,,,per_class,SQL_injection,0.9004944375772559,0.8835657974530018,0.8919498010407101,1649.0
5,Stable_Minority_Only,XGBoost,15,,,,,,,,,,per_class,Uploading,0.9352380952380952,0.8965307364576993,0.9154754505904288,1643.0
5,Stable_Minority_Only,XGBoost,15,,,,,,,,,,per_class,Vulnerability_scanner,0.9867924528301888,0.9733250620347396,0.9800124921923796,1612.0
5,Stable_Minority_Only,XGBoost,15,,,,,,,,,,per_class,XSS,0.8635112823335168,0.9757462686567164,0.9162043795620438,1608.0
5,Stable_Minority_Only,Random_Forest,15,0.9475653939562846,0.928423595763894,0.9479844121390644,0.939147257762571,0.9428423428598972,18.3305175229998,0.7424723300009646,0.0295605498268489,417158169.0,aggregate,,,,,
5,Stable_Minority_Only,Random_Forest,15,,,,,,,,,,per_class,Backdoor,1.0,0.9632352941176472,0.9812734082397004,1632.0
5,Stable_Minority_Only,Random_Forest,15,,,,,,,,,,per_class,DDoS_HTTP,0.8558897243107769,0.8087625814091178,0.8316590563165907,1689.0
5,Stable_Minority_Only,Random_Forest,15,,,,,,,,,,per_class,DDoS_ICMP,1.0,1.0,1.0,2255.0
5,Stable_Minority_Only,Random_Forest,15,,,,,,,,,,per_class,DDoS_TCP,1.0,1.0,1.0,1639.0
5,Stable_Minority_Only,Random_Forest,15,,,,,,,,,,per_class,DDoS_UDP,1.0,1.0,1.0,2320.0
5,Stable_Minority_Only,Random_Forest,15,,,,,,,,,,per_class,Fingerprinting,0.5673469387755102,0.86875,0.6864197530864198,160.0
5,Stable_Minority_Only,Random_Forest,15,,,,,,,,,,per_class,MITM,1.0,1.0,1.0,64.0
5,Stable_Minority_Only,Random_Forest,15,,,,,,,,,,per_class,Normal,1.0,0.9958847736625516,0.9979381443298968,3888.0
5,Stable_Minority_Only,Random_Forest,15,,,,,,,,,,per_class,Password,0.8731676226896112,0.8567854909318324,0.86489898989899,1599.0
5,Stable_Minority_Only,Random_Forest,15,,,,,,,,,,per_class,Port_Scanning,0.9582013932868904,0.9391682184978274,0.94858934169279,1611.0
5,Stable_Minority_Only,Random_Forest,15,,,,,,,,,,per_class,Ransomware,0.9345002823263692,0.9467963386727688,0.9406081273088944,1748.0
5,Stable_Minority_Only,Random_Forest,15,,,,,,,,,,per_class,SQL_injection,0.8595793064241046,0.9169193450576106,0.8873239436619718,1649.0
5,Stable_Minority_Only,Random_Forest,15,,,,,,,,,,per_class,Uploading,0.911965282083075,0.8953134510042605,0.9035626535626536,1643.0
5,Stable_Minority_Only,Random_Forest,15,,,,,,,,,,per_class,Vulnerability_scanner,0.987389659520807,0.9714640198511166,0.9793621013133208,1612.0
5,Stable_Minority_Only,Random_Forest,15,,,,,,,,,,per_class,XSS,0.8861061419200954,0.9241293532338308,0.904718417047184,1608.0
5,CS_SHAP_Union,XGBoost,19,0.9779034120316916,0.9699171628801287,0.9778535191648214,0.9683758513261967,0.9759353641538008,31.621898129998957,0.6716703669990238,0.0267416636938736,7092153.0,aggregate,,,,,
5,CS_SHAP_Union,XGBoost,19,,,,,,,,,,per_class,Backdoor,1.0,0.9632352941176472,0.9812734082397004,1632.0
5,CS_SHAP_Union,XGBoost,19,,,,,,,,,,per_class,DDoS_HTTP,0.9866017052375152,0.9591474245115452,0.9726808766136296,1689.0
5,CS_SHAP_Union,XGBoost,19,,,,,,,,,,per_class,DDoS_ICMP,0.9973238180196252,0.9915742793791574,0.9944407382699578,2255.0
5,CS_SHAP_Union,XGBoost,19,,,,,,,,,,per_class,DDoS_TCP,1.0,1.0,1.0,1639.0
5,CS_SHAP_Union,XGBoost,19,,,,,,,,,,per_class,DDoS_UDP,0.9982751185855973,0.9978448275862069,0.9980599267083422,2320.0
5,CS_SHAP_Union,XGBoost,19,,,,,,,,,,per_class,Fingerprinting,0.9,0.84375,0.870967741935484,160.0
5,CS_SHAP_Union,XGBoost,19,,,,,,,,,,per_class,MITM,1.0,1.0,1.0,64.0
5,CS_SHAP_Union,XGBoost,19,,,,,,,,,,per_class,Normal,1.0,1.0,1.0,3888.0
5,CS_SHAP_Union,XGBoost,19,,,,,,,,,,per_class,Password,0.98,0.8886804252657912,0.9321088881600524,1599.0
5,CS_SHAP_Union,XGBoost,19,,,,,,,,,,per_class,Port_Scanning,0.9251781472684084,0.9671011793916822,0.9456752655538694,1611.0
5,CS_SHAP_Union,XGBoost,19,,,,,,,,,,per_class,Ransomware,0.9408754974417284,0.9467963386727688,0.9438266324493868,1748.0
5,CS_SHAP_Union,XGBoost,19,,,,,,,,,,per_class,SQL_injection,0.9264538198403648,0.9854457246816252,0.9550396708786364,1649.0
5,CS_SHAP_Union,XGBoost,19,,,,,,,,,,per_class,Uploading,0.970954356846473,0.996956786366403,0.9837837837837838,1643.0
5,CS_SHAP_Union,XGBoost,19,,,,,,,,,,per_class,Vulnerability_scanner,0.9993722536095416,0.9875930521091812,0.9934477379095163,1612.0
5,CS_SHAP_Union,XGBoost,19,,,,,,,,,,per_class,XSS,0.9581839904420548,0.9975124378109452,0.9774527726995732,1608.0
5,CS_SHAP_Union,Random_Forest,19,0.974718318270494,0.9558706802792476,0.9751693726039908,0.966309188838364,0.9724395488181716,17.105714114000875,0.6613702079994255,0.0263315765417615,171657375.0,aggregate,,,,,
5,CS_SHAP_Union,Random_Forest,19,,,,,,,,,,per_class,Backdoor,1.0,0.9632352941176472,0.9812734082397004,1632.0
5,CS_SHAP_Union,Random_Forest,19,,,,,,,,,,per_class,DDoS_HTTP,0.9669226225634968,0.9692125518058022,0.968066232998226,1689.0
5,CS_SHAP_Union,Random_Forest,19,,,,,,,,,,per_class,DDoS_ICMP,1.0,1.0,1.0,2255.0
5,CS_SHAP_Union,Random_Forest,19,,,,,,,,,,per_class,DDoS_TCP,1.0,1.0,1.0,1639.0
5,CS_SHAP_Union,Random_Forest,19,,,,,,,,,,per_class,DDoS_UDP,1.0,1.0,1.0,2320.0
5,CS_SHAP_Union,Random_Forest,19,,,,,,,,,,per_class,Fingerprinting,0.5673469387755102,0.86875,0.6864197530864198,160.0
5,CS_SHAP_Union,Random_Forest,19,,,,,,,,,,per_class,MITM,1.0,1.0,1.0,64.0
5,CS_SHAP_Union,Random_Forest,19,,,,,,,,,,per_class,Normal,1.0,1.0,1.0,3888.0
5,CS_SHAP_Union,Random_Forest,19,,,,,,,,,,per_class,Password,0.9381510416666666,0.9011882426516572,0.9192982456140352,1599.0
5,CS_SHAP_Union,Random_Forest,19,,,,,,,,,,per_class,Port_Scanning,0.9606349206349206,0.9391682184978274,0.9497802887633396,1611.0
5,CS_SHAP_Union,Random_Forest,19,,,,,,,,,,per_class,Ransomware,0.9408754974417284,0.9467963386727688,0.9438266324493868,1748.0
5,CS_SHAP_Union,Random_Forest,19,,,,,,,,,,per_class,SQL_injection,0.9317647058823528,0.960582171012735,0.9459540161242164,1649.0
5,CS_SHAP_Union,Random_Forest,19,,,,,,,,,,per_class,Uploading,0.9746223564954682,0.9817407181984176,0.9781685870224378,1643.0
5,CS_SHAP_Union,Random_Forest,19,,,,,,,,,,per_class,Vulnerability_scanner,0.9981167608286252,0.9863523573200992,0.9921996879875196,1612.0
5,CS_SHAP_Union,Random_Forest,19,,,,,,,,,,per_class,XSS,0.9685767097966728,0.9776119402985076,0.9730733519034356,1608.0
5,Mutual_Information_19,XGBoost,19,0.9764303061671378,0.9680977418772252,0.9764425899670052,0.9657853223912984,0.9743981321866706,33.73311491300046,0.701399648000006,0.0279252955368876,7383267.0,aggregate,,,,,
5,Mutual_Information_19,XGBoost,19,,,,,,,,,,per_class,Backdoor,1.0,0.9632352941176472,0.9812734082397004,1632.0
5,Mutual_Information_19,XGBoost,19,,,,,,,,,,per_class,DDoS_HTTP,0.9806996381182148,0.9626998223801064,0.971616372871228,1689.0
5,Mutual_Information_19,XGBoost,19,,,,,,,,,,per_class,DDoS_ICMP,0.9964349376114082,0.9915742793791574,0.9939986663703044,2255.0
5,Mutual_Information_19,XGBoost,19,,,,,,,,,,per_class,DDoS_TCP,1.0,1.0,1.0,1639.0
5,Mutual_Information_19,XGBoost,19,,,,,,,,,,per_class,DDoS_UDP,0.9982751185855973,0.9978448275862069,0.9980599267083422,2320.0
5,Mutual_Information_19,XGBoost,19,,,,,,,,,,per_class,Fingerprinting,0.8986486486486487,0.83125,0.8636363636363638,160.0
5,Mutual_Information_19,XGBoost,19,,,,,,,,,,per_class,MITM,1.0,1.0,1.0,64.0
5,Mutual_Information_19,XGBoost,19,,,,,,,,,,per_class,Normal,1.0,1.0,1.0,3888.0
5,Mutual_Information_19,XGBoost,19,,,,,,,,,,per_class,Password,0.9766643788606726,0.8899312070043778,0.9312827225130887,1599.0
5,Mutual_Information_19,XGBoost,19,,,,,,,,,,per_class,Port_Scanning,1.0,0.8919925512104283,0.9429133858267716,1611.0
5,Mutual_Information_19,XGBoost,19,,,,,,,,,,per_class,Ransomware,0.8713858424725822,1.0,0.9312733084709642,1748.0
5,Mutual_Information_19,XGBoost,19,,,,,,,,,,per_class,SQL_injection,0.926898914905768,0.984232868405094,0.9547058823529412,1649.0
5,Mutual_Information_19,XGBoost,19,,,,,,,,,,per_class,Uploading,0.9714795008912656,0.9951308581862448,0.9831629585087192,1643.0
5,Mutual_Information_19,XGBoost,19,,,,,,,,,,per_class,Vulnerability_scanner,0.9981179422835632,0.9869727047146402,0.9925140361821584,1612.0
5,Mutual_Information_19,XGBoost,19,,,,,,,,,,per_class,XSS,0.9625829812914908,0.991915422885572,0.9770290964777948,1608.0
5,Mutual_Information_19,Random_Forest,19,0.969622168252578,0.9391314766456296,0.9739691148975343,0.9691991396424195,0.9671235772451374,19.84606218699992,0.6743830189989239,0.0268496643308884,186948206.0,aggregate,,,,,
5,Mutual_Information_19,Random_Forest,19,,,,,,,,,,per_class,Backdoor,1.0,0.9632352941176472,0.9812734082397004,1632.0
5,Mutual_Information_19,Random_Forest,19,,,,,,,,,,per_class,DDoS_HTTP,0.9731343283582088,0.965068087625814,0.9690844233055884,1689.0
5,Mutual_Information_19,Random_Forest,19,,,,,,,,,,per_class,DDoS_ICMP,1.0,1.0,1.0,2255.0
5,Mutual_Information_19,Random_Forest,19,,,,,,,,,,per_class,DDoS_TCP,1.0,1.0,1.0,1639.0
5,Mutual_Information_19,Random_Forest,19,,,,,,,,,,per_class,DDoS_UDP,1.0,1.0,1.0,2320.0
5,Mutual_Information_19,Random_Forest,19,,,,,,,,,,per_class,Fingerprinting,0.272572402044293,1.0,0.428380187416332,160.0
5,Mutual_Information_19,Random_Forest,19,,,,,,,,,,per_class,MITM,1.0,1.0,1.0,64.0
5,Mutual_Information_19,Random_Forest,19,,,,,,,,,,per_class,Normal,1.0,1.0,1.0,3888.0
5,Mutual_Information_19,Random_Forest,19,,,,,,,,,,per_class,Password,0.9590878604963112,0.8943089430894309,0.9255663430420712,1599.0
5,Mutual_Information_19,Random_Forest,19,,,,,,,,,,per_class,Port_Scanning,1.0,0.8919925512104283,0.9429133858267716,1611.0
5,Mutual_Information_19,Random_Forest,19,,,,,,,,,,per_class,Ransomware,1.0,0.8895881006864989,0.9415682712685436,1748.0
5,Mutual_Information_19,Random_Forest,19,,,,,,,,,,per_class,SQL_injection,0.9286128845037724,0.9702850212249848,0.9489916963226572,1649.0
5,Mutual_Information_19,Random_Forest,19,,,,,,,,,,per_class,Uploading,0.9725700655933214,0.992696287279367,0.9825301204819276,1643.0
5,Mutual_Information_19,Random_Forest,19,,,,,,,,,,per_class,Vulnerability_scanner,0.9987397605545052,0.9832506203473944,0.9909346670834634,1612.0
5,Mutual_Information_19,Random_Forest,19,,,,,,,,,,per_class,XSS,0.9641772920461446,0.9875621890547264,0.9757296466973886,1608.0
5,Random_Forest_Importance_19,XGBoost,19,0.9766293745272128,0.9680818331743418,0.9766396620776788,0.9656136515722844,0.974614453350295,33.67276108100123,0.690012729000955,0.0274719404785983,7469367.0,aggregate,,,,,
5,Random_Forest_Importance_19,XGBoost,19,,,,,,,,,,per_class,Backdoor,1.0,0.9632352941176472,0.9812734082397004,1632.0
5,Random_Forest_Importance_19,XGBoost,19,,,,,,,,,,per_class,DDoS_HTTP,0.9819059107358264,0.9638839550029604,0.9728114729608603,1689.0
5,Random_Forest_Importance_19,XGBoost,19,,,,,,,,,,per_class,DDoS_ICMP,0.9959910913140312,0.9915742793791574,0.993777777777778,2255.0
5,Random_Forest_Importance_19,XGBoost,19,,,,,,,,,,per_class,DDoS_TCP,1.0,1.0,1.0,1639.0
5,Random_Forest_Importance_19,XGBoost,19,,,,,,,,,,per_class,DDoS_UDP,0.9982751185855973,0.9978448275862069,0.9980599267083422,2320.0
5,Random_Forest_Importance_19,XGBoost,19,,,,,,,,,,per_class,Fingerprinting,0.8979591836734694,0.825,0.8599348534201955,160.0
5,Random_Forest_Importance_19,XGBoost,19,,,,,,,,,,per_class,MITM,1.0,1.0,1.0,64.0
5,Random_Forest_Importance_19,XGBoost,19,,,,,,,,,,per_class,Normal,1.0,1.0,1.0,3888.0
5,Random_Forest_Importance_19,XGBoost,19,,,,,,,,,,per_class,Password,0.9766963673749144,0.8911819887429644,0.9319816873773707,1599.0
5,Random_Forest_Importance_19,XGBoost,19,,,,,,,,,,per_class,Port_Scanning,1.0,0.8919925512104283,0.9429133858267716,1611.0
5,Random_Forest_Importance_19,XGBoost,19,,,,,,,,,,per_class,Ransomware,0.8713858424725822,1.0,0.9312733084709642,1748.0
5,Random_Forest_Importance_19,XGBoost,19,,,,,,,,,,per_class,SQL_injection,0.928,0.9848392965433596,0.9555751691674024,1649.0
5,Random_Forest_Importance_19,XGBoost,19,,,,,,,,,,per_class,Uploading,0.971462544589774,0.9945222154595252,0.9828571428571428,1643.0
5,Random_Forest_Importance_19,XGBoost,19,,,,,,,,,,per_class,Vulnerability_scanner,0.9981191222570532,0.9875930521091812,0.9928281883380108,1612.0
5,Random_Forest_Importance_19,XGBoost,19,,,,,,,,,,per_class,XSS,0.9637681159420288,0.9925373134328358,0.9779411764705882,1608.0
5,Random_Forest_Importance_19,Random_Forest,19,0.969582354580563,0.9390907460065918,0.9739311899911012,0.9691531008074749,0.9670798440100458,19.59573339000053,0.6717763380001998,0.0267458827885575,185338857.0,aggregate,,,,,
5,Random_Forest_Importance_19,Random_Forest,19,,,,,,,,,,per_class,Backdoor,1.0,0.9632352941176472,0.9812734082397004,1632.0
5,Random_Forest_Importance_19,Random_Forest,19,,,,,,,,,,per_class,DDoS_HTTP,0.9726027397260274,0.9668442865600948,0.9697149643705464,1689.0
5,Random_Forest_Importance_19,Random_Forest,19,,,,,,,,,,per_class,DDoS_ICMP,1.0,1.0,1.0,2255.0
5,Random_Forest_Importance_19,Random_Forest,19,,,,,,,,,,per_class,DDoS_TCP,1.0,1.0,1.0,1639.0
5,Random_Forest_Importance_19,Random_Forest,19,,,,,,,,,,per_class,DDoS_UDP,1.0,1.0,1.0,2320.0
5,Random_Forest_Importance_19,Random_Forest,19,,,,,,,,,,per_class,Fingerprinting,0.272572402044293,1.0,0.428380187416332,160.0
5,Random_Forest_Importance_19,Random_Forest,19,,,,,,,,,,per_class,MITM,1.0,1.0,1.0,64.0
5,Random_Forest_Importance_19,Random_Forest,19,,,,,,,,,,per_class,Normal,1.0,1.0,1.0,3888.0
5,Random_Forest_Importance_19,Random_Forest,19,,,,,,,,,,per_class,Password,0.957774798927614,0.8936835522201376,0.9246198641216437,1599.0
5,Random_Forest_Importance_19,Random_Forest,19,,,,,,,,,,per_class,Port_Scanning,1.0,0.8919925512104283,0.9429133858267716,1611.0
5,Random_Forest_Importance_19,Random_Forest,19,,,,,,,,,,per_class,Ransomware,1.0,0.8895881006864989,0.9415682712685436,1748.0
5,Random_Forest_Importance_19,Random_Forest,19,,,,,,,,,,per_class,SQL_injection,0.9281159420289856,0.9708914493632504,0.949021932424422,1649.0
5,Random_Forest_Importance_19,Random_Forest,19,,,,,,,,,,per_class,Uploading,0.972520908004779,0.9908703590992088,0.9816098884534218,1643.0
5,Random_Forest_Importance_19,Random_Forest,19,,,,,,,,,,per_class,Vulnerability_scanner,0.9993694829760404,0.9832506203473944,0.9912445278298936,1612.0
5,Random_Forest_Importance_19,Random_Forest,19,,,,,,,,,,per_class,XSS,0.9653284671532848,0.9869402985074628,0.9760147601476016,1608.0
1,Full_42,Linear_Logistic_SGD_Scaled,42,0.8393980412453221,0.8005767009841042,0.8417159360796026,0.8128949516729157,0.8254771889284159,8.190679399000146,0.04724719800015,0.0018810095549068,13882.0,aggregate,,,,,
1,Full_42,Linear_Logistic_SGD_Scaled,42,,,,,,,,,,per_class,Backdoor,0.9817813765182186,0.8920907418761496,0.9347895920334084,1631.0
1,Full_42,Linear_Logistic_SGD_Scaled,42,,,,,,,,,,per_class,DDoS_HTTP,0.8164281269446173,0.7763313609467456,0.7958750379132545,1690.0
1,Full_42,Linear_Logistic_SGD_Scaled,42,,,,,,,,,,per_class,DDoS_ICMP,0.9972997299729972,0.9831410825199643,0.9901697944593386,2254.0
1,Full_42,Linear_Logistic_SGD_Scaled,42,,,,,,,,,,per_class,DDoS_TCP,0.8077830188679245,0.835875533862111,0.8215892053973013,1639.0
1,Full_42,Linear_Logistic_SGD_Scaled,42,,,,,,,,,,per_class,DDoS_UDP,1.0,0.9913793103448276,0.9956709956709956,2320.0
1,Full_42,Linear_Logistic_SGD_Scaled,42,,,,,,,,,,per_class,Fingerprinting,0.2727272727272727,0.61875,0.378585086042065,160.0
1,Full_42,Linear_Logistic_SGD_Scaled,42,,,,,,,,,,per_class,MITM,1.0,0.984375,0.9921259842519684,64.0
1,Full_42,Linear_Logistic_SGD_Scaled,42,,,,,,,,,,per_class,Normal,1.0,1.0,1.0,3888.0
1,Full_42,Linear_Logistic_SGD_Scaled,42,,,,,,,,,,per_class,Password,0.5912670007158196,0.5168961201501877,0.5515859766277129,1598.0
1,Full_42,Linear_Logistic_SGD_Scaled,42,,,,,,,,,,per_class,Port_Scanning,0.8028242677824268,0.9522332506203474,0.8711691259931895,1612.0
1,Full_42,Linear_Logistic_SGD_Scaled,42,,,,,,,,,,per_class,Ransomware,0.9848920863309352,0.7831807780320366,0.8725302740599107,1748.0
1,Full_42,Linear_Logistic_SGD_Scaled,42,,,,,,,,,,per_class,SQL_injection,0.5325550067355186,0.7187878787878788,0.6118132576734588,1650.0
1,Full_42,Linear_Logistic_SGD_Scaled,42,,,,,,,,,,per_class,Uploading,0.7087608524072613,0.5465611685940353,0.6171821305841924,1643.0
1,Full_42,Linear_Logistic_SGD_Scaled,42,,,,,,,,,,per_class,Vulnerability_scanner,0.853125,0.8467741935483871,0.8499377334993773,1612.0
1,Full_42,Linear_Logistic_SGD_Scaled,42,,,,,,,,,,per_class,XSS,0.7053990610328639,0.7470478558110628,0.7256263205553879,1609.0
1,Natural_Global_20,Linear_Logistic_SGD_Scaled,20,0.837128752289195,0.795870871893112,0.8368791350398371,0.8112790142084361,0.8235897429042804,5.421710021000763,0.0343321489999652,0.0013668345011531,9932.0,aggregate,,,,,
1,Natural_Global_20,Linear_Logistic_SGD_Scaled,20,,,,,,,,,,per_class,Backdoor,0.982806052269601,0.8761496014714899,0.9264181523500812,1631.0
1,Natural_Global_20,Linear_Logistic_SGD_Scaled,20,,,,,,,,,,per_class,DDoS_HTTP,0.8008249852681202,0.8041420118343195,0.8024800708591673,1690.0
1,Natural_Global_20,Linear_Logistic_SGD_Scaled,20,,,,,,,,,,per_class,DDoS_ICMP,0.995945945945946,0.9809228039041704,0.988377291014752,2254.0
1,Natural_Global_20,Linear_Logistic_SGD_Scaled,20,,,,,,,,,,per_class,DDoS_TCP,0.8029197080291971,0.8053691275167785,0.8041425525434055,1639.0
1,Natural_Global_20,Linear_Logistic_SGD_Scaled,20,,,,,,,,,,per_class,DDoS_UDP,1.0,0.9900862068965516,0.9950184102230886,2320.0
1,Natural_Global_20,Linear_Logistic_SGD_Scaled,20,,,,,,,,,,per_class,Fingerprinting,0.2697547683923705,0.61875,0.3757115749525617,160.0
1,Natural_Global_20,Linear_Logistic_SGD_Scaled,20,,,,,,,,,,per_class,MITM,1.0,1.0,1.0,64.0
1,Natural_Global_20,Linear_Logistic_SGD_Scaled,20,,,,,,,,,,per_class,Normal,1.0,1.0,1.0,3888.0
1,Natural_Global_20,Linear_Logistic_SGD_Scaled,20,,,,,,,,,,per_class,Password,0.6673706441393875,0.3954943679599499,0.4966601178781924,1598.0
1,Natural_Global_20,Linear_Logistic_SGD_Scaled,20,,,,,,,,,,per_class,Port_Scanning,0.7828513444951801,0.957196029776675,0.8612894222718392,1612.0
1,Natural_Global_20,Linear_Logistic_SGD_Scaled,20,,,,,,,,,,per_class,Ransomware,0.9702338766832034,0.7831807780320366,0.8667299778410888,1748.0
1,Natural_Global_20,Linear_Logistic_SGD_Scaled,20,,,,,,,,,,per_class,SQL_injection,0.5545596258768511,0.8624242424242424,0.6750474383301708,1650.0
1,Natural_Global_20,Linear_Logistic_SGD_Scaled,20,,,,,,,,,,per_class,Uploading,0.6611030478955007,0.5544735240413877,0.6031115524660707,1643.0
1,Natural_Global_20,Linear_Logistic_SGD_Scaled,20,,,,,,,,,,per_class,Vulnerability_scanner,0.851875,0.8455334987593052,0.848692403486924,1612.0
1,Natural_Global_20,Linear_Logistic_SGD_Scaled,20,,,,,,,,,,per_class,XSS,0.6933085501858736,0.6954630205096333,0.694384114179336,1609.0
1,Class_Balanced_15,Linear_Logistic_SGD_Scaled,15,0.7965602356875547,0.7367283241800179,0.781132560285102,0.7539522482090031,0.7809065206110839,4.475505434999832,0.0297875890000796,0.00118590608329,8647.0,aggregate,,,,,
1,Class_Balanced_15,Linear_Logistic_SGD_Scaled,15,,,,,,,,,,per_class,Backdoor,0.8110236220472441,0.8841201716738197,0.8459958932238193,1631.0
1,Class_Balanced_15,Linear_Logistic_SGD_Scaled,15,,,,,,,,,,per_class,DDoS_HTTP,0.6526263627353815,0.7792899408284024,0.7103559870550161,1690.0
1,Class_Balanced_15,Linear_Logistic_SGD_Scaled,15,,,,,,,,,,per_class,DDoS_ICMP,0.9808463251670378,0.976929902395741,0.9788841964881084,2254.0
1,Class_Balanced_15,Linear_Logistic_SGD_Scaled,15,,,,,,,,,,per_class,DDoS_TCP,0.7200467562828755,0.7516778523489933,0.7355223880597015,1639.0
1,Class_Balanced_15,Linear_Logistic_SGD_Scaled,15,,,,,,,,,,per_class,DDoS_UDP,0.987936234381732,0.9883620689655171,0.9881491057961646,2320.0
1,Class_Balanced_15,Linear_Logistic_SGD_Scaled,15,,,,,,,,,,per_class,Fingerprinting,0.3,0.3375,0.3176470588235294,160.0
1,Class_Balanced_15,Linear_Logistic_SGD_Scaled,15,,,,,,,,,,per_class,MITM,1.0,1.0,1.0,64.0
1,Class_Balanced_15,Linear_Logistic_SGD_Scaled,15,,,,,,,,,,per_class,Normal,1.0,1.0,1.0,3888.0
1,Class_Balanced_15,Linear_Logistic_SGD_Scaled,15,,,,,,,,,,per_class,Password,0.7753846153846153,0.1576971214017521,0.2620904836193448,1598.0
1,Class_Balanced_15,Linear_Logistic_SGD_Scaled,15,,,,,,,,,,per_class,Port_Scanning,0.7361563517915309,0.9813895781637716,0.8412656208455198,1612.0
1,Class_Balanced_15,Linear_Logistic_SGD_Scaled,15,,,,,,,,,,per_class,Ransomware,0.8122448979591836,0.4553775743707093,0.5835777126099706,1748.0
1,Class_Balanced_15,Linear_Logistic_SGD_Scaled,15,,,,,,,,,,per_class,SQL_injection,0.5573426573426573,0.966060606060606,0.7068736141906874,1650.0
1,Class_Balanced_15,Linear_Logistic_SGD_Scaled,15,,,,,,,,,,per_class,Uploading,0.6166471277842908,0.6402921485088253,0.6282472379814871,1643.0
1,Class_Balanced_15,Linear_Logistic_SGD_Scaled,15,,,,,,,,,,per_class,Vulnerability_scanner,0.8507462686567164,0.8486352357320099,0.8496894409937888,1612.0
1,Class_Balanced_15,Linear_Logistic_SGD_Scaled,15,,,,,,,,,,per_class,XSS,0.6785992217898833,0.5419515226848974,0.6026261230131306,1609.0
1,Stable_Balanced_Core,Linear_Logistic_SGD_Scaled,14,0.7859702205589617,0.7252872442347152,0.7745525647076302,0.7400500683619872,0.7684825922391858,4.455112656999518,0.0319055790005222,0.001270227685346,8452.0,aggregate,,,,,
1,Stable_Balanced_Core,Linear_Logistic_SGD_Scaled,14,,,,,,,,,,per_class,Backdoor,0.7726084683742812,0.9061925199264256,0.8340857787810384,1631.0
1,Stable_Balanced_Core,Linear_Logistic_SGD_Scaled,14,,,,,,,,,,per_class,DDoS_HTTP,0.6463054187192119,0.7763313609467456,0.7053763440860217,1690.0
1,Stable_Balanced_Core,Linear_Logistic_SGD_Scaled,14,,,,,,,,,,per_class,DDoS_ICMP,0.976940133037694,0.9773735581188996,0.9771567975160788,2254.0
1,Stable_Balanced_Core,Linear_Logistic_SGD_Scaled,14,,,,,,,,,,per_class,DDoS_TCP,0.7941935483870968,0.7510677242220867,0.7720288491690185,1639.0
1,Stable_Balanced_Core,Linear_Logistic_SGD_Scaled,14,,,,,,,,,,per_class,DDoS_UDP,0.989172802078822,0.9844827586206896,0.9868222078202636,2320.0
1,Stable_Balanced_Core,Linear_Logistic_SGD_Scaled,14,,,,,,,,,,per_class,Fingerprinting,0.2045454545454545,0.28125,0.2368421052631578,160.0
1,Stable_Balanced_Core,Linear_Logistic_SGD_Scaled,14,,,,,,,,,,per_class,MITM,1.0,1.0,1.0,64.0
1,Stable_Balanced_Core,Linear_Logistic_SGD_Scaled,14,,,,,,,,,,per_class,Normal,1.0,1.0,1.0,3888.0
1,Stable_Balanced_Core,Linear_Logistic_SGD_Scaled,14,,,,,,,,,,per_class,Password,0.4839797639123103,0.1795994993742177,0.2619808306709265,1598.0
1,Stable_Balanced_Core,Linear_Logistic_SGD_Scaled,14,,,,,,,,,,per_class,Port_Scanning,0.7352806937471474,0.999379652605459,0.8472258743097555,1612.0
1,Stable_Balanced_Core,Linear_Logistic_SGD_Scaled,14,,,,,,,,,,per_class,Ransomware,0.8390928725701944,0.444508009153318,0.581151832460733,1748.0
1,Stable_Balanced_Core,Linear_Logistic_SGD_Scaled,14,,,,,,,,,,per_class,SQL_injection,0.5266752027315408,0.7478787878787879,0.6180816428750313,1650.0
1,Stable_Balanced_Core,Linear_Logistic_SGD_Scaled,14,,,,,,,,,,per_class,Uploading,0.560613810741688,0.6670724284844796,0.6092273485269595,1643.0
1,Stable_Balanced_Core,Linear_Logistic_SGD_Scaled,14,,,,,,,,,,per_class,Vulnerability_scanner,0.8512756689483509,0.8486352357320099,0.8499534016775395,1612.0
1,Stable_Balanced_Core,Linear_Logistic_SGD_Scaled,14,,,,,,,,,,per_class,XSS,0.6781789638932496,0.5369794903666874,0.5993756503642039,1609.0
1,Stable_Minority_Only,Linear_Logistic_SGD_Scaled,14,0.5947129548530934,0.5293347026830847,0.5585107719027361,0.5552879896192724,0.5601885164616439,3.8142622279992793,0.021311188999789,0.0008484429094589,7588.0,aggregate,,,,,
1,Stable_Minority_Only,Linear_Logistic_SGD_Scaled,14,,,,,,,,,,per_class,Backdoor,0.0,0.0,0.0,1631.0
1,Stable_Minority_Only,Linear_Logistic_SGD_Scaled,14,,,,,,,,,,per_class,DDoS_HTTP,0.3117338003502627,0.5266272189349113,0.3916391639163916,1690.0
1,Stable_Minority_Only,Linear_Logistic_SGD_Scaled,14,,,,,,,,,,per_class,DDoS_ICMP,0.9412269412269412,0.9733806566104702,0.9570338058887676,2254.0
1,Stable_Minority_Only,Linear_Logistic_SGD_Scaled,14,,,,,,,,,,per_class,DDoS_TCP,0.6948555320648344,0.6015863331299572,0.644865925441465,1639.0
1,Stable_Minority_Only,Linear_Logistic_SGD_Scaled,14,,,,,,,,,,per_class,DDoS_UDP,0.7788892721628148,0.9732758620689655,0.8652998658746888,2320.0
1,Stable_Minority_Only,Linear_Logistic_SGD_Scaled,14,,,,,,,,,,per_class,Fingerprinting,0.0554156171284634,0.1375,0.0789946140035906,160.0
1,Stable_Minority_Only,Linear_Logistic_SGD_Scaled,14,,,,,,,,,,per_class,MITM,1.0,1.0,1.0,64.0
1,Stable_Minority_Only,Linear_Logistic_SGD_Scaled,14,,,,,,,,,,per_class,Normal,0.580699457639798,0.7986111111111112,0.6724417975094747,3888.0
1,Stable_Minority_Only,Linear_Logistic_SGD_Scaled,14,,,,,,,,,,per_class,Password,0.4806378132118451,0.1320400500625782,0.2071674030436917,1598.0
1,Stable_Minority_Only,Linear_Logistic_SGD_Scaled,14,,,,,,,,,,per_class,Port_Scanning,0.8026172300981461,0.913151364764268,0.8543238537434706,1612.0
1,Stable_Minority_Only,Linear_Logistic_SGD_Scaled,14,,,,,,,,,,per_class,Ransomware,0.772877618522602,0.4010297482837529,0.5280602636534839,1748.0
1,Stable_Minority_Only,Linear_Logistic_SGD_Scaled,14,,,,,,,,,,per_class,SQL_injection,0.3245132301547678,0.3939393939393939,0.3558718861209964,1650.0
1,Stable_Minority_Only,Linear_Logistic_SGD_Scaled,14,,,,,,,,,,per_class,Uploading,0.3675373134328358,0.1199026171637249,0.1808168884809545,1643.0
1,Stable_Minority_Only,Linear_Logistic_SGD_Scaled,14,,,,,,,,,,per_class,Vulnerability_scanner,0.6182478438492964,0.8449131513647643,0.7140235910878113,1612.0
1,Stable_Minority_Only,Linear_Logistic_SGD_Scaled,14,,,,,,,,,,per_class,XSS,0.4677236693091732,0.5133623368551895,0.4894814814814814,1609.0
1,CS_SHAP_Union,Linear_Logistic_SGD_Scaled,18,0.7970777928178995,0.7358919098495711,0.7903445847460236,0.7437370063900026,0.7800168940202701,5.38526430300044,0.0334872290004568,0.0013331964726672,9222.0,aggregate,,,,,
1,CS_SHAP_Union,Linear_Logistic_SGD_Scaled,18,,,,,,,,,,per_class,Backdoor,0.9481382978723404,0.874310239117106,0.9097288676236044,1631.0
1,CS_SHAP_Union,Linear_Logistic_SGD_Scaled,18,,,,,,,,,,per_class,DDoS_HTTP,0.6516129032258065,0.7769230769230769,0.7087719298245613,1690.0
1,CS_SHAP_Union,Linear_Logistic_SGD_Scaled,18,,,,,,,,,,per_class,DDoS_ICMP,0.9463229078613694,0.9933451641526176,0.9692640692640692,2254.0
1,CS_SHAP_Union,Linear_Logistic_SGD_Scaled,18,,,,,,,,,,per_class,DDoS_TCP,0.795003203074952,0.7571690054911532,0.775625,1639.0
1,CS_SHAP_Union,Linear_Logistic_SGD_Scaled,18,,,,,,,,,,per_class,DDoS_UDP,0.9977538185085356,0.9573275862068964,0.9771227452705674,2320.0
1,CS_SHAP_Union,Linear_Logistic_SGD_Scaled,18,,,,,,,,,,per_class,Fingerprinting,0.138755980861244,0.18125,0.1571815718157181,160.0
1,CS_SHAP_Union,Linear_Logistic_SGD_Scaled,18,,,,,,,,,,per_class,MITM,1.0,0.984375,0.9921259842519684,64.0
1,CS_SHAP_Union,Linear_Logistic_SGD_Scaled,18,,,,,,,,,,per_class,Normal,1.0,1.0,1.0,3888.0
1,CS_SHAP_Union,Linear_Logistic_SGD_Scaled,18,,,,,,,,,,per_class,Password,0.486322188449848,0.2002503128911139,0.2836879432624113,1598.0
1,CS_SHAP_Union,Linear_Logistic_SGD_Scaled,18,,,,,,,,,,per_class,Port_Scanning,0.7402168788307402,0.9739454094292804,0.8411465309402624,1612.0
1,CS_SHAP_Union,Linear_Logistic_SGD_Scaled,18,,,,,,,,,,per_class,Ransomware,0.8533042846768337,0.6721967963386728,0.7520000000000001,1748.0
1,CS_SHAP_Union,Linear_Logistic_SGD_Scaled,18,,,,,,,,,,per_class,SQL_injection,0.5290822921154674,0.7442424242424243,0.6184840090657264,1650.0
1,CS_SHAP_Union,Linear_Logistic_SGD_Scaled,18,,,,,,,,,,per_class,Uploading,0.5543933054393305,0.6451612903225806,0.5963431786216595,1643.0
1,CS_SHAP_Union,Linear_Logistic_SGD_Scaled,18,,,,,,,,,,per_class,Vulnerability_scanner,0.8496894409937888,0.8486352357320099,0.8491620111731844,1612.0
1,CS_SHAP_Union,Linear_Logistic_SGD_Scaled,18,,,,,,,,,,per_class,XSS,0.6837606837606838,0.5469235550031075,0.6077348066298343,1609.0
1,Mutual_Information_19,Linear_Logistic_SGD_Scaled,19,0.7451628314356239,0.6863746665179933,0.7375164090962613,0.7114366505580031,0.7245606250999223,5.64107503500054,0.039455189000364,0.0015707934150953,9834.0,aggregate,,,,,
1,Mutual_Information_19,Linear_Logistic_SGD_Scaled,19,,,,,,,,,,per_class,Backdoor,0.5929133858267717,0.9233599019006744,0.7221289858547111,1631.0
1,Mutual_Information_19,Linear_Logistic_SGD_Scaled,19,,,,,,,,,,per_class,DDoS_HTTP,0.7842822774659182,0.578698224852071,0.6659856996935648,1690.0
1,Mutual_Information_19,Linear_Logistic_SGD_Scaled,19,,,,,,,,,,per_class,DDoS_ICMP,0.9356993736951984,0.9942324755989352,0.9640782964078296,2254.0
1,Mutual_Information_19,Linear_Logistic_SGD_Scaled,19,,,,,,,,,,per_class,DDoS_TCP,0.7867268041237113,0.7449664429530202,0.765277342525854,1639.0
1,Mutual_Information_19,Linear_Logistic_SGD_Scaled,19,,,,,,,,,,per_class,DDoS_UDP,1.0,0.9392241379310344,0.9686597021560348,2320.0
1,Mutual_Information_19,Linear_Logistic_SGD_Scaled,19,,,,,,,,,,per_class,Fingerprinting,0.1054977711738484,0.44375,0.1704681872749099,160.0
1,Mutual_Information_19,Linear_Logistic_SGD_Scaled,19,,,,,,,,,,per_class,MITM,1.0,1.0,1.0,64.0
1,Mutual_Information_19,Linear_Logistic_SGD_Scaled,19,,,,,,,,,,per_class,Normal,1.0,1.0,1.0,3888.0
1,Mutual_Information_19,Linear_Logistic_SGD_Scaled,19,,,,,,,,,,per_class,Password,0.4808055380742605,0.4780976220275344,0.4794477565108252,1598.0
1,Mutual_Information_19,Linear_Logistic_SGD_Scaled,19,,,,,,,,,,per_class,Port_Scanning,0.8429189857761287,0.8455334987593052,0.844224218024156,1612.0
1,Mutual_Information_19,Linear_Logistic_SGD_Scaled,19,,,,,,,,,,per_class,Ransomware,0.6127450980392157,0.143020594965675,0.2319109461966604,1748.0
1,Mutual_Information_19,Linear_Logistic_SGD_Scaled,19,,,,,,,,,,per_class,SQL_injection,0.4121171770972037,0.3751515151515151,0.3927664974619289,1650.0
1,Mutual_Information_19,Linear_Logistic_SGD_Scaled,19,,,,,,,,,,per_class,Uploading,0.5861111111111111,0.6421180766889836,0.6128376415916352,1643.0
1,Mutual_Information_19,Linear_Logistic_SGD_Scaled,19,,,,,,,,,,per_class,Vulnerability_scanner,0.849714648065948,0.8312655086848635,0.8403888366259016,1612.0
1,Mutual_Information_19,Linear_Logistic_SGD_Scaled,19,,,,,,,,,,per_class,XSS,0.5644465740297077,0.7321317588564326,0.6374458874458874,1609.0
1,Random_Forest_Importance_19,Linear_Logistic_SGD_Scaled,19,0.7616450354327574,0.6902683689693209,0.7358243787284972,0.7188347698861027,0.7439076361169437,6.041765601000407,0.0401405980001072,0.0015980809777891,9824.0,aggregate,,,,,
1,Random_Forest_Importance_19,Linear_Logistic_SGD_Scaled,19,,,,,,,,,,per_class,Backdoor,0.5882352941176471,0.9135499693439608,0.7156580211335254,1631.0
1,Random_Forest_Importance_19,Linear_Logistic_SGD_Scaled,19,,,,,,,,,,per_class,DDoS_HTTP,0.6741573033707865,0.7455621301775148,0.7080640629390277,1690.0
1,Random_Forest_Importance_19,Linear_Logistic_SGD_Scaled,19,,,,,,,,,,per_class,DDoS_ICMP,0.9358759430008382,0.9906832298136646,0.9625,2254.0
1,Random_Forest_Importance_19,Linear_Logistic_SGD_Scaled,19,,,,,,,,,,per_class,DDoS_TCP,0.7893890675241158,0.5991458206223307,0.681234824835241,1639.0
1,Random_Forest_Importance_19,Linear_Logistic_SGD_Scaled,19,,,,,,,,,,per_class,DDoS_UDP,1.0,0.9331896551724138,0.9654403567447046,2320.0
1,Random_Forest_Importance_19,Linear_Logistic_SGD_Scaled,19,,,,,,,,,,per_class,Fingerprinting,0.2512315270935961,0.31875,0.2809917355371901,160.0
1,Random_Forest_Importance_19,Linear_Logistic_SGD_Scaled,19,,,,,,,,,,per_class,MITM,1.0,0.984375,0.9921259842519684,64.0
1,Random_Forest_Importance_19,Linear_Logistic_SGD_Scaled,19,,,,,,,,,,per_class,Normal,1.0,1.0,1.0,3888.0
1,Random_Forest_Importance_19,Linear_Logistic_SGD_Scaled,19,,,,,,,,,,per_class,Password,0.706081081081081,0.1307884856070087,0.2206969376979936,1598.0
1,Random_Forest_Importance_19,Linear_Logistic_SGD_Scaled,19,,,,,,,,,,per_class,Port_Scanning,0.6975335352661186,1.0,0.8218200356869744,1612.0
1,Random_Forest_Importance_19,Linear_Logistic_SGD_Scaled,19,,,,,,,,,,per_class,Ransomware,0.4808429118773946,0.1435926773455377,0.2211453744493392,1748.0
1,Random_Forest_Importance_19,Linear_Logistic_SGD_Scaled,19,,,,,,,,,,per_class,SQL_injection,0.5642701525054467,0.9418181818181818,0.7057220708446867,1650.0
1,Random_Forest_Importance_19,Linear_Logistic_SGD_Scaled,19,,,,,,,,,,per_class,Uploading,0.5779467680608364,0.6475958612294583,0.6107921928817451,1643.0
1,Random_Forest_Importance_19,Linear_Logistic_SGD_Scaled,19,,,,,,,,,,per_class,Vulnerability_scanner,0.8496894409937888,0.8486352357320099,0.8491620111731844,1612.0
1,Random_Forest_Importance_19,Linear_Logistic_SGD_Scaled,19,,,,,,,,,,per_class,XSS,0.6566643405443127,0.5848353014294593,0.618671926364234,1609.0
2,Full_42,Linear_Logistic_SGD_Scaled,42,0.8225177163786925,0.7846270624905497,0.8258223543901544,0.800061826106564,0.8068378286086197,7.791405013000258,0.0465473780004686,0.0018531482602304,13882.0,aggregate,,,,,
2,Full_42,Linear_Logistic_SGD_Scaled,42,,,,,,,,,,per_class,Backdoor,0.9806408544726302,0.9006744328632741,0.938958133589006,1631.0
2,Full_42,Linear_Logistic_SGD_Scaled,42,,,,,,,,,,per_class,DDoS_HTTP,0.7802985074626866,0.7733727810650888,0.776820208023774,1690.0
2,Full_42,Linear_Logistic_SGD_Scaled,42,,,,,,,,,,per_class,DDoS_ICMP,0.9968368730230456,0.9787045252883764,0.987687486008507,2254.0
2,Full_42,Linear_Logistic_SGD_Scaled,42,,,,,,,,,,per_class,DDoS_TCP,0.8261997405966277,0.7773032336790726,0.8010059729644765,1639.0
2,Full_42,Linear_Logistic_SGD_Scaled,42,,,,,,,,,,per_class,DDoS_UDP,1.0,0.9849137931034484,0.992399565689468,2320.0
2,Full_42,Linear_Logistic_SGD_Scaled,42,,,,,,,,,,per_class,Fingerprinting,0.2578313253012048,0.66875,0.3721739130434783,160.0
2,Full_42,Linear_Logistic_SGD_Scaled,42,,,,,,,,,,per_class,MITM,1.0,1.0,1.0,64.0
2,Full_42,Linear_Logistic_SGD_Scaled,42,,,,,,,,,,per_class,Normal,1.0,1.0,1.0,3889.0
2,Full_42,Linear_Logistic_SGD_Scaled,42,,,,,,,,,,per_class,Password,0.5080960357342267,0.5694618272841051,0.5370315727353201,1598.0
2,Full_42,Linear_Logistic_SGD_Scaled,42,,,,,,,,,,per_class,Port_Scanning,0.7682682682682682,0.9522332506203474,0.850415512465374,1612.0
2,Full_42,Linear_Logistic_SGD_Scaled,42,,,,,,,,,,per_class,Ransomware,0.9695682944090588,0.7837528604118993,0.8668142992723822,1748.0
2,Full_42,Linear_Logistic_SGD_Scaled,42,,,,,,,,,,per_class,SQL_injection,0.4813499111900532,0.4927272727272727,0.4869721473495058,1650.0
2,Full_42,Linear_Logistic_SGD_Scaled,42,,,,,,,,,,per_class,Uploading,0.6713881019830028,0.5769933049300061,0.6206219312602292,1643.0
2,Full_42,Linear_Logistic_SGD_Scaled,42,,,,,,,,,,per_class,Vulnerability_scanner,0.8441158348736907,0.8498759305210918,0.846986089644513,1612.0
2,Full_42,Linear_Logistic_SGD_Scaled,42,,,,,,,,,,per_class,XSS,0.6908752327746741,0.6921641791044776,0.6915191053122087,1608.0
2,Natural_Global_20,Linear_Logistic_SGD_Scaled,20,0.8142766143801258,0.7762752654574985,0.8169849136175915,0.7927558452826987,0.7980998772919689,5.123888731000079,0.037390028000118,0.0014885750457885,9932.0,aggregate,,,,,
2,Natural_Global_20,Linear_Logistic_SGD_Scaled,20,,,,,,,,,,per_class,Backdoor,0.9839142091152816,0.9000613120784795,0.9401216778738392,1631.0
2,Natural_Global_20,Linear_Logistic_SGD_Scaled,20,,,,,,,,,,per_class,DDoS_HTTP,0.7954009433962265,0.7982248520710059,0.7968103957471944,1690.0
2,Natural_Global_20,Linear_Logistic_SGD_Scaled,20,,,,,,,,,,per_class,DDoS_ICMP,0.9964028776978416,0.9831410825199643,0.9897275569450648,2254.0
2,Natural_Global_20,Linear_Logistic_SGD_Scaled,20,,,,,,,,,,per_class,DDoS_TCP,0.8215931533903884,0.7614399023794997,0.7903736542115262,1639.0
2,Natural_Global_20,Linear_Logistic_SGD_Scaled,20,,,,,,,,,,per_class,DDoS_UDP,1.0,0.9836206896551724,0.99174272055628,2320.0
2,Natural_Global_20,Linear_Logistic_SGD_Scaled,20,,,,,,,,,,per_class,Fingerprinting,0.2669902912621359,0.6875,0.3846153846153846,160.0
2,Natural_Global_20,Linear_Logistic_SGD_Scaled,20,,,,,,,,,,per_class,MITM,1.0,1.0,1.0,64.0
2,Natural_Global_20,Linear_Logistic_SGD_Scaled,20,,,,,,,,,,per_class,Normal,1.0,1.0,1.0,3889.0
2,Natural_Global_20,Linear_Logistic_SGD_Scaled,20,,,,,,,,,,per_class,Password,0.4608120868744098,0.6107634543178974,0.5252960172228203,1598.0
2,Natural_Global_20,Linear_Logistic_SGD_Scaled,20,,,,,,,,,,per_class,Port_Scanning,0.7581441263573544,0.9528535980148884,0.8444200109950523,1612.0
2,Natural_Global_20,Linear_Logistic_SGD_Scaled,20,,,,,,,,,,per_class,Ransomware,0.9723207948899928,0.7837528604118993,0.8679125752296484,1748.0
2,Natural_Global_20,Linear_Logistic_SGD_Scaled,20,,,,,,,,,,per_class,SQL_injection,0.4292484766418415,0.3842424242424242,0.4055004796929965,1650.0
2,Natural_Global_20,Linear_Logistic_SGD_Scaled,20,,,,,,,,,,per_class,Uploading,0.654320987654321,0.5161290322580645,0.5770670296019054,1643.0
2,Natural_Global_20,Linear_Logistic_SGD_Scaled,20,,,,,,,,,,per_class,Vulnerability_scanner,0.8437306979617047,0.847394540942928,0.8455586505725782,1612.0
2,Natural_Global_20,Linear_Logistic_SGD_Scaled,20,,,,,,,,,,per_class,XSS,0.6877742946708464,0.6822139303482587,0.6849828285981893,1608.0
2,Class_Balanced_15,Linear_Logistic_SGD_Scaled,15,0.8172227088143961,0.77400482550642,0.8169092469147144,0.7786737235624532,0.8018137839012806,4.56211825399987,0.0305037689995515,0.0012144187037005,8659.0,aggregate,,,,,
2,Class_Balanced_15,Linear_Logistic_SGD_Scaled,15,,,,,,,,,,per_class,Backdoor,0.978,0.8994481912936848,0.937080804854679,1631.0
2,Class_Balanced_15,Linear_Logistic_SGD_Scaled,15,,,,,,,,,,per_class,DDoS_HTTP,0.7359512525389302,0.6431952662721894,0.686454057467635,1690.0
2,Class_Balanced_15,Linear_Logistic_SGD_Scaled,15,,,,,,,,,,per_class,DDoS_ICMP,0.9577039274924471,0.984472049689441,0.9709035222052068,2254.0
2,Class_Balanced_15,Linear_Logistic_SGD_Scaled,15,,,,,,,,,,per_class,DDoS_TCP,0.8835477318889641,0.7962172056131788,0.8376123234916559,1639.0
2,Class_Balanced_15,Linear_Logistic_SGD_Scaled,15,,,,,,,,,,per_class,DDoS_UDP,0.9986301369863012,0.9426724137931034,0.9698447893569844,2320.0
2,Class_Balanced_15,Linear_Logistic_SGD_Scaled,15,,,,,,,,,,per_class,Fingerprinting,0.2897196261682243,0.3875,0.3315508021390374,160.0
2,Class_Balanced_15,Linear_Logistic_SGD_Scaled,15,,,,,,,,,,per_class,MITM,1.0,1.0,1.0,64.0
2,Class_Balanced_15,Linear_Logistic_SGD_Scaled,15,,,,,,,,,,per_class,Normal,1.0,1.0,1.0,3889.0
2,Class_Balanced_15,Linear_Logistic_SGD_Scaled,15,,,,,,,,,,per_class,Password,0.5205371248025277,0.4123904881101377,0.460195530726257,1598.0
2,Class_Balanced_15,Linear_Logistic_SGD_Scaled,15,,,,,,,,,,per_class,Port_Scanning,0.7083700440528634,0.9975186104218362,0.8284389489953632,1612.0
2,Class_Balanced_15,Linear_Logistic_SGD_Scaled,15,,,,,,,,,,per_class,Ransomware,0.9806590257879656,0.7831807780320366,0.8708651399491094,1748.0
2,Class_Balanced_15,Linear_Logistic_SGD_Scaled,15,,,,,,,,,,per_class,SQL_injection,0.540187678498572,0.8024242424242424,0.6456961716654475,1650.0
2,Class_Balanced_15,Linear_Logistic_SGD_Scaled,15,,,,,,,,,,per_class,Uploading,0.7035775127768313,0.5027388922702374,0.5864394746183883,1643.0
2,Class_Balanced_15,Linear_Logistic_SGD_Scaled,15,,,,,,,,,,per_class,Vulnerability_scanner,0.8442673206621705,0.8542183622828784,0.8492136910268271,1612.0
2,Class_Balanced_15,Linear_Logistic_SGD_Scaled,15,,,,,,,,,,per_class,XSS,0.6015538290788013,0.6741293532338308,0.6357771260997067,1608.0
2,Stable_Balanced_Core,Linear_Logistic_SGD_Scaled,14,0.7805557767338164,0.7196611700736428,0.7636087231025233,0.742598868103856,0.7638362530566187,4.556726871000137,0.029735748999883,0.0011838422246947,8452.0,aggregate,,,,,
2,Stable_Balanced_Core,Linear_Logistic_SGD_Scaled,14,,,,,,,,,,per_class,Backdoor,0.6766304347826086,0.9160024524831392,0.7783276895024746,1631.0
2,Stable_Balanced_Core,Linear_Logistic_SGD_Scaled,14,,,,,,,,,,per_class,DDoS_HTTP,0.741869918699187,0.6479289940828402,0.691724573594441,1690.0
2,Stable_Balanced_Core,Linear_Logistic_SGD_Scaled,14,,,,,,,,,,per_class,DDoS_ICMP,0.957345971563981,0.9858030168589176,0.9713661202185792,2254.0
2,Stable_Balanced_Core,Linear_Logistic_SGD_Scaled,14,,,,,,,,,,per_class,DDoS_TCP,0.8132387706855791,0.6296522269676632,0.7097661623108665,1639.0
2,Stable_Balanced_Core,Linear_Logistic_SGD_Scaled,14,,,,,,,,,,per_class,DDoS_UDP,0.9986357435197816,0.946551724137931,0.9718964372648816,2320.0
2,Stable_Balanced_Core,Linear_Logistic_SGD_Scaled,14,,,,,,,,,,per_class,Fingerprinting,0.2583333333333333,0.3875,0.31,160.0
2,Stable_Balanced_Core,Linear_Logistic_SGD_Scaled,14,,,,,,,,,,per_class,MITM,1.0,1.0,1.0,64.0
2,Stable_Balanced_Core,Linear_Logistic_SGD_Scaled,14,,,,,,,,,,per_class,Normal,1.0,1.0,1.0,3889.0
2,Stable_Balanced_Core,Linear_Logistic_SGD_Scaled,14,,,,,,,,,,per_class,Password,0.6965699208443272,0.1652065081351689,0.267071320182094,1598.0
2,Stable_Balanced_Core,Linear_Logistic_SGD_Scaled,14,,,,,,,,,,per_class,Port_Scanning,0.6986123156981786,0.999379652605459,0.8223583460949463,1612.0
2,Stable_Balanced_Core,Linear_Logistic_SGD_Scaled,14,,,,,,,,,,per_class,Ransomware,0.6918392204628502,0.3249427917620137,0.4421954067730634,1748.0
2,Stable_Balanced_Core,Linear_Logistic_SGD_Scaled,14,,,,,,,,,,per_class,SQL_injection,0.5651402200922968,0.9648484848484848,0.7127826281620775,1650.0
2,Stable_Balanced_Core,Linear_Logistic_SGD_Scaled,14,,,,,,,,,,per_class,Uploading,0.6188790560471976,0.6384662203286671,0.6285200718993408,1643.0
2,Stable_Balanced_Core,Linear_Logistic_SGD_Scaled,14,,,,,,,,,,per_class,Vulnerability_scanner,0.8442673206621705,0.8542183622828784,0.8492136910268271,1612.0
2,Stable_Balanced_Core,Linear_Logistic_SGD_Scaled,14,,,,,,,,,,per_class,XSS,0.6051026067665003,0.6784825870646766,0.6396951040750513,1608.0
2,Stable_Minority_Only,Linear_Logistic_SGD_Scaled,14,0.6032327414603074,0.5450546952785309,0.5676104126798335,0.5591877550677435,0.5678401897214458,4.109176379999553,0.0228758189996369,0.0009107340950568,7588.0,aggregate,,,,,
2,Stable_Minority_Only,Linear_Logistic_SGD_Scaled,14,,,,,,,,,,per_class,Backdoor,0.0730593607305936,0.0098099325567136,0.0172972972972972,1631.0
2,Stable_Minority_Only,Linear_Logistic_SGD_Scaled,14,,,,,,,,,,per_class,DDoS_HTTP,0.3342420937840785,0.3627218934911242,0.347900113507378,1690.0
2,Stable_Minority_Only,Linear_Logistic_SGD_Scaled,14,,,,,,,,,,per_class,DDoS_ICMP,0.9524647887323944,0.9600709849157054,0.9562527618205922,2254.0
2,Stable_Minority_Only,Linear_Logistic_SGD_Scaled,14,,,,,,,,,,per_class,DDoS_TCP,0.7478849407783418,0.5393532641854789,0.6267281105990784,1639.0
2,Stable_Minority_Only,Linear_Logistic_SGD_Scaled,14,,,,,,,,,,per_class,DDoS_UDP,0.7513210039630119,0.980603448275862,0.8507853403141361,2320.0
2,Stable_Minority_Only,Linear_Logistic_SGD_Scaled,14,,,,,,,,,,per_class,Fingerprinting,0.575,0.14375,0.2299999999999999,160.0
2,Stable_Minority_Only,Linear_Logistic_SGD_Scaled,14,,,,,,,,,,per_class,MITM,1.0,1.0,1.0,64.0
2,Stable_Minority_Only,Linear_Logistic_SGD_Scaled,14,,,,,,,,,,per_class,Normal,0.6028673835125448,0.8650038570326563,0.7105290949413877,3889.0
2,Stable_Minority_Only,Linear_Logistic_SGD_Scaled,14,,,,,,,,,,per_class,Password,0.3720524017467249,0.2665832290362954,0.3106088224571636,1598.0
2,Stable_Minority_Only,Linear_Logistic_SGD_Scaled,14,,,,,,,,,,per_class,Port_Scanning,0.7602368031573754,0.955955334987593,0.84693597142072,1612.0
2,Stable_Minority_Only,Linear_Logistic_SGD_Scaled,14,,,,,,,,,,per_class,Ransomware,0.7491712707182321,0.3878718535469107,0.5111194873727855,1748.0
2,Stable_Minority_Only,Linear_Logistic_SGD_Scaled,14,,,,,,,,,,per_class,SQL_injection,0.2759838546922301,0.3315151515151515,0.3012114537444934,1650.0
2,Stable_Minority_Only,Linear_Logistic_SGD_Scaled,14,,,,,,,,,,per_class,Uploading,0.3451443569553806,0.1600730371272063,0.2187110187110187,1643.0
2,Stable_Minority_Only,Linear_Logistic_SGD_Scaled,14,,,,,,,,,,per_class,Vulnerability_scanner,0.6119803308001788,0.8492555831265509,0.7113535983372306,1612.0
2,Stable_Minority_Only,Linear_Logistic_SGD_Scaled,14,,,,,,,,,,per_class,XSS,0.5024443237370994,0.5752487562189055,0.5363873586546823,1608.0
2,CS_SHAP_Union,Linear_Logistic_SGD_Scaled,18,0.7728322318655944,0.6953692294474147,0.7508239799639855,0.718415062145129,0.7558312578743583,5.484277558999565,0.0327102880000893,0.0013022648300059,9222.0,aggregate,,,,,
2,CS_SHAP_Union,Linear_Logistic_SGD_Scaled,18,,,,,,,,,,per_class,Backdoor,0.6149710504549214,0.911710606989577,0.7345023462583354,1631.0
2,CS_SHAP_Union,Linear_Logistic_SGD_Scaled,18,,,,,,,,,,per_class,DDoS_HTTP,0.7501706484641638,0.6502958579881657,0.6966719492868463,1690.0
2,CS_SHAP_Union,Linear_Logistic_SGD_Scaled,18,,,,,,,,,,per_class,DDoS_ICMP,0.9449851883199324,0.9906832298136646,0.9672947801602771,2254.0
2,CS_SHAP_Union,Linear_Logistic_SGD_Scaled,18,,,,,,,,,,per_class,DDoS_TCP,0.8151260504201681,0.6510067114093959,0.7238805970149255,1639.0
2,CS_SHAP_Union,Linear_Logistic_SGD_Scaled,18,,,,,,,,,,per_class,DDoS_UDP,0.9977426636568848,0.9525862068965516,0.9746416758544652,2320.0
2,CS_SHAP_Union,Linear_Logistic_SGD_Scaled,18,,,,,,,,,,per_class,Fingerprinting,0.1139240506329113,0.1125,0.1132075471698113,160.0
2,CS_SHAP_Union,Linear_Logistic_SGD_Scaled,18,,,,,,,,,,per_class,MITM,1.0,1.0,1.0,64.0
2,CS_SHAP_Union,Linear_Logistic_SGD_Scaled,18,,,,,,,,,,per_class,Normal,1.0,1.0,1.0,3889.0
2,CS_SHAP_Union,Linear_Logistic_SGD_Scaled,18,,,,,,,,,,per_class,Password,0.6736842105263158,0.1602002503128911,0.2588473205257836,1598.0
2,CS_SHAP_Union,Linear_Logistic_SGD_Scaled,18,,,,,,,,,,per_class,Port_Scanning,0.6969303934284479,1.0,0.8214012738853503,1612.0
2,CS_SHAP_Union,Linear_Logistic_SGD_Scaled,18,,,,,,,,,,per_class,Ransomware,0.6054421768707483,0.2036613272311213,0.3047945205479452,1748.0
2,CS_SHAP_Union,Linear_Logistic_SGD_Scaled,18,,,,,,,,,,per_class,SQL_injection,0.5644932671863926,0.9654545454545456,0.712432915921288,1650.0
2,CS_SHAP_Union,Linear_Logistic_SGD_Scaled,18,,,,,,,,,,per_class,Uploading,0.6157489638839551,0.6329884357881923,0.624249699879952,1643.0
2,CS_SHAP_Union,Linear_Logistic_SGD_Scaled,18,,,,,,,,,,per_class,Vulnerability_scanner,0.8447852760736196,0.8542183622828784,0.8494756323257249,1612.0
2,CS_SHAP_Union,Linear_Logistic_SGD_Scaled,18,,,,,,,,,,per_class,XSS,0.6121212121212121,0.6909203980099502,0.6491381828805141,1608.0
2,Mutual_Information_19,Linear_Logistic_SGD_Scaled,19,0.7868858985588024,0.7433882819569017,0.7864084585408406,0.7474480294790021,0.768306684718127,5.743384931999572,0.0416105790000074,0.0016566039891714,9834.0,aggregate,,,,,
2,Mutual_Information_19,Linear_Logistic_SGD_Scaled,19,,,,,,,,,,per_class,Backdoor,0.8399258343634116,0.8332311465358676,0.8365650969529087,1631.0
2,Mutual_Information_19,Linear_Logistic_SGD_Scaled,19,,,,,,,,,,per_class,DDoS_HTTP,0.7708674304418985,0.557396449704142,0.646978021978022,1690.0
2,Mutual_Information_19,Linear_Logistic_SGD_Scaled,19,,,,,,,,,,per_class,DDoS_ICMP,0.9853398489560196,0.9840283939662822,0.9846836847946726,2254.0
2,Mutual_Information_19,Linear_Logistic_SGD_Scaled,19,,,,,,,,,,per_class,DDoS_TCP,0.9487617421007686,0.6778523489932886,0.790747330960854,1639.0
2,Mutual_Information_19,Linear_Logistic_SGD_Scaled,19,,,,,,,,,,per_class,DDoS_UDP,0.9947460595446584,0.9793103448275862,0.9869678540399652,2320.0
2,Mutual_Information_19,Linear_Logistic_SGD_Scaled,19,,,,,,,,,,per_class,Fingerprinting,0.3054187192118227,0.3875,0.3415977961432507,160.0
2,Mutual_Information_19,Linear_Logistic_SGD_Scaled,19,,,,,,,,,,per_class,MITM,1.0,1.0,1.0,64.0
2,Mutual_Information_19,Linear_Logistic_SGD_Scaled,19,,,,,,,,,,per_class,Normal,1.0,1.0,1.0,3889.0
2,Mutual_Information_19,Linear_Logistic_SGD_Scaled,19,,,,,,,,,,per_class,Password,0.5053404539385847,0.4737171464330413,0.4890180878552971,1598.0
2,Mutual_Information_19,Linear_Logistic_SGD_Scaled,19,,,,,,,,,,per_class,Port_Scanning,0.7212012550425818,0.9981389578163772,0.8373666406453292,1612.0
2,Mutual_Information_19,Linear_Logistic_SGD_Scaled,19,,,,,,,,,,per_class,Ransomware,0.7708592777085927,0.7082379862700229,0.7382230172927847,1748.0
2,Mutual_Information_19,Linear_Logistic_SGD_Scaled,19,,,,,,,,,,per_class,SQL_injection,0.4398713826366559,0.4145454545454545,0.4268330733229329,1650.0
2,Mutual_Information_19,Linear_Logistic_SGD_Scaled,19,,,,,,,,,,per_class,Uploading,0.5788900979325353,0.6475958612294583,0.6113185866130423,1643.0
2,Mutual_Information_19,Linear_Logistic_SGD_Scaled,19,,,,,,,,,,per_class,Vulnerability_scanner,0.8414786967418546,0.8331265508684863,0.837281795511222,1612.0
2,Mutual_Information_19,Linear_Logistic_SGD_Scaled,19,,,,,,,,,,per_class,XSS,0.5511472275334608,0.7170398009950248,0.6232432432432432,1608.0
2,Random_Forest_Importance_19,Linear_Logistic_SGD_Scaled,19,0.768413090214189,0.7262842023965814,0.7675527247608999,0.7312769138506794,0.7483149988427807,6.451882377000402,0.0380595990000074,0.0015152320646551,9824.0,aggregate,,,,,
2,Random_Forest_Importance_19,Linear_Logistic_SGD_Scaled,19,,,,,,,,,,per_class,Backdoor,0.8029239766081872,0.841814837522992,0.8219096079018259,1631.0
2,Random_Forest_Importance_19,Linear_Logistic_SGD_Scaled,19,,,,,,,,,,per_class,DDoS_HTTP,0.7229299363057324,0.5372781065088758,0.6164290563475898,1690.0
2,Random_Forest_Importance_19,Linear_Logistic_SGD_Scaled,19,,,,,,,,,,per_class,DDoS_ICMP,0.9849023090586144,0.9840283939662822,0.9844651575676876,2254.0
2,Random_Forest_Importance_19,Linear_Logistic_SGD_Scaled,19,,,,,,,,,,per_class,DDoS_TCP,0.8141524105754276,0.6388041488712629,0.7158974358974358,1639.0
2,Random_Forest_Importance_19,Linear_Logistic_SGD_Scaled,19,,,,,,,,,,per_class,DDoS_UDP,0.9947483588621444,0.9797413793103448,0.9871878393051032,2320.0
2,Random_Forest_Importance_19,Linear_Logistic_SGD_Scaled,19,,,,,,,,,,per_class,Fingerprinting,0.3284313725490196,0.41875,0.3681318681318681,160.0
2,Random_Forest_Importance_19,Linear_Logistic_SGD_Scaled,19,,,,,,,,,,per_class,MITM,1.0,1.0,1.0,64.0
2,Random_Forest_Importance_19,Linear_Logistic_SGD_Scaled,19,,,,,,,,,,per_class,Normal,1.0,1.0,1.0,3889.0
2,Random_Forest_Importance_19,Linear_Logistic_SGD_Scaled,19,,,,,,,,,,per_class,Password,0.4116222760290557,0.5319148936170213,0.464100464100464,1598.0
2,Random_Forest_Importance_19,Linear_Logistic_SGD_Scaled,19,,,,,,,,,,per_class,Port_Scanning,0.7208258527827648,0.9962779156327544,0.8364583333333333,1612.0
2,Random_Forest_Importance_19,Linear_Logistic_SGD_Scaled,19,,,,,,,,,,per_class,Ransomware,0.6904932094353109,0.5526315789473685,0.6139180171591991,1748.0
2,Random_Forest_Importance_19,Linear_Logistic_SGD_Scaled,19,,,,,,,,,,per_class,SQL_injection,0.4379746835443038,0.4193939393939394,0.4284829721362229,1650.0
2,Random_Forest_Importance_19,Linear_Logistic_SGD_Scaled,19,,,,,,,,,,per_class,Uploading,0.6934189406099518,0.5258673158855751,0.5981308411214953,1643.0
2,Random_Forest_Importance_19,Linear_Logistic_SGD_Scaled,19,,,,,,,,,,per_class,Vulnerability_scanner,0.8453038674033149,0.8542183622828784,0.8497377352668929,1612.0
2,Random_Forest_Importance_19,Linear_Logistic_SGD_Scaled,19,,,,,,,,,,per_class,XSS,0.5466666666666666,0.6884328358208955,0.6094137076796036,1608.0
3,Full_42,Linear_Logistic_SGD_Scaled,42,0.833067919420336,0.7901485941415032,0.8289097201645351,0.8100570783742653,0.8195770041649281,7.767060651000065,0.0510377880000305,0.0020319208535723,13728.0,aggregate,,,,,
3,Full_42,Linear_Logistic_SGD_Scaled,42,,,,,,,,,,per_class,Backdoor,0.981320880587058,0.9019006744328631,0.9399361022364215,1631.0
3,Full_42,Linear_Logistic_SGD_Scaled,42,,,,,,,,,,per_class,DDoS_HTTP,0.7782991202346041,0.785207100591716,0.7817378497790868,1690.0
3,Full_42,Linear_Logistic_SGD_Scaled,42,,,,,,,,,,per_class,DDoS_ICMP,0.9972887483054677,0.979148181011535,0.9881352137900156,2254.0
3,Full_42,Linear_Logistic_SGD_Scaled,42,,,,,,,,,,per_class,DDoS_TCP,0.8041825095057035,0.7737804878048781,0.7886886264760722,1640.0
3,Full_42,Linear_Logistic_SGD_Scaled,42,,,,,,,,,,per_class,DDoS_UDP,1.0,0.9931004743423888,0.9965382951103418,2319.0
3,Full_42,Linear_Logistic_SGD_Scaled,42,,,,,,,,,,per_class,Fingerprinting,0.304225352112676,0.6708074534161491,0.4186046511627907,161.0
3,Full_42,Linear_Logistic_SGD_Scaled,42,,,,,,,,,,per_class,MITM,1.0,1.0,1.0,64.0
3,Full_42,Linear_Logistic_SGD_Scaled,42,,,,,,,,,,per_class,Normal,1.0,1.0,1.0,3888.0
3,Full_42,Linear_Logistic_SGD_Scaled,42,,,,,,,,,,per_class,Password,0.7971014492753623,0.2409261576971214,0.3700144161460836,1598.0
3,Full_42,Linear_Logistic_SGD_Scaled,42,,,,,,,,,,per_class,Port_Scanning,0.772410358565737,0.962756052141527,0.8571428571428571,1611.0
3,Full_42,Linear_Logistic_SGD_Scaled,42,,,,,,,,,,per_class,Ransomware,0.9723011363636364,0.7831807780320366,0.867553865652725,1748.0
3,Full_42,Linear_Logistic_SGD_Scaled,42,,,,,,,,,,per_class,SQL_injection,0.5632087358252835,0.8127272727272727,0.6653435871992062,1650.0
3,Full_42,Linear_Logistic_SGD_Scaled,42,,,,,,,,,,per_class,Uploading,0.5564874198322645,0.6865489957395009,0.6147138964577656,1643.0
3,Full_42,Linear_Logistic_SGD_Scaled,42,,,,,,,,,,per_class,Vulnerability_scanner,0.8523780111179741,0.8555486670799752,0.8539603960396039,1613.0
3,Full_42,Linear_Logistic_SGD_Scaled,42,,,,,,,,,,per_class,XSS,0.7145557655954632,0.7052238805970149,0.7098591549295775,1608.0
3,Natural_Global_20,Linear_Logistic_SGD_Scaled,20,0.7981925312524882,0.7567088720131606,0.8008401926659213,0.7846108125265399,0.7812752053665731,5.117747123000299,0.0392165890007163,0.0015612942511631,9778.0,aggregate,,,,,
3,Natural_Global_20,Linear_Logistic_SGD_Scaled,20,,,,,,,,,,per_class,Backdoor,0.9874723655121592,0.82158185162477,0.8969210174029452,1631.0
3,Natural_Global_20,Linear_Logistic_SGD_Scaled,20,,,,,,,,,,per_class,DDoS_HTTP,0.8085748792270532,0.7923076923076923,0.8003586371787209,1690.0
3,Natural_Global_20,Linear_Logistic_SGD_Scaled,20,,,,,,,,,,per_class,DDoS_ICMP,0.9972260748959778,0.9569653948535936,0.9766810052071544,2254.0
3,Natural_Global_20,Linear_Logistic_SGD_Scaled,20,,,,,,,,,,per_class,DDoS_TCP,0.8022886204704387,0.7695121951219512,0.7855586679116091,1640.0
3,Natural_Global_20,Linear_Logistic_SGD_Scaled,20,,,,,,,,,,per_class,DDoS_UDP,1.0,0.9870633893919794,0.9934895833333334,2319.0
3,Natural_Global_20,Linear_Logistic_SGD_Scaled,20,,,,,,,,,,per_class,Fingerprinting,0.2027863777089783,0.8136645962732919,0.3246592317224288,161.0
3,Natural_Global_20,Linear_Logistic_SGD_Scaled,20,,,,,,,,,,per_class,MITM,1.0,1.0,1.0,64.0
3,Natural_Global_20,Linear_Logistic_SGD_Scaled,20,,,,,,,,,,per_class,Normal,1.0,1.0,1.0,3888.0
3,Natural_Global_20,Linear_Logistic_SGD_Scaled,20,,,,,,,,,,per_class,Password,0.4312,0.6745932415519399,0.5261102977061981,1598.0
3,Natural_Global_20,Linear_Logistic_SGD_Scaled,20,,,,,,,,,,per_class,Port_Scanning,0.8005602240896359,0.8870266914959652,0.8415783274440518,1611.0
3,Natural_Global_20,Linear_Logistic_SGD_Scaled,20,,,,,,,,,,per_class,Ransomware,0.8833010960670535,0.7837528604118993,0.8305547135495605,1748.0
3,Natural_Global_20,Linear_Logistic_SGD_Scaled,20,,,,,,,,,,per_class,SQL_injection,0.3219373219373219,0.2054545454545454,0.2508324084350721,1650.0
3,Natural_Global_20,Linear_Logistic_SGD_Scaled,20,,,,,,,,,,per_class,Uploading,0.6502242152466368,0.5295191722458916,0.5836967460583696,1643.0
3,Natural_Global_20,Linear_Logistic_SGD_Scaled,20,,,,,,,,,,per_class,Vulnerability_scanner,0.8504326328800988,0.8530688158710478,0.8517486846177653,1613.0
3,Natural_Global_20,Linear_Logistic_SGD_Scaled,20,,,,,,,,,,per_class,XSS,0.6823457544288333,0.6946517412935324,0.6884437596302003,1608.0
3,Class_Balanced_15,Linear_Logistic_SGD_Scaled,15,0.8048809618600207,0.7638373990245874,0.8008358678931987,0.7766981972780794,0.7890027620679596,4.360530228999778,0.0331599089995506,0.0013201651803308,8496.0,aggregate,,,,,
3,Class_Balanced_15,Linear_Logistic_SGD_Scaled,15,,,,,,,,,,per_class,Backdoor,0.740096618357488,0.9393010423053342,0.8278843555795732,1631.0
3,Class_Balanced_15,Linear_Logistic_SGD_Scaled,15,,,,,,,,,,per_class,DDoS_HTTP,0.6472506989748369,0.8218934911242604,0.7241918665276329,1690.0
3,Class_Balanced_15,Linear_Logistic_SGD_Scaled,15,,,,,,,,,,per_class,DDoS_ICMP,0.9804791481810116,0.9804791481810116,0.9804791481810116,2254.0
3,Class_Balanced_15,Linear_Logistic_SGD_Scaled,15,,,,,,,,,,per_class,DDoS_TCP,0.9008683068017366,0.7591463414634146,0.8239576439444076,1640.0
3,Class_Balanced_15,Linear_Logistic_SGD_Scaled,15,,,,,,,,,,per_class,DDoS_UDP,0.99818676337262,0.9495472186287192,0.9732596685082874,2319.0
3,Class_Balanced_15,Linear_Logistic_SGD_Scaled,15,,,,,,,,,,per_class,Fingerprinting,0.34765625,0.5527950310559007,0.4268585131894484,161.0
3,Class_Balanced_15,Linear_Logistic_SGD_Scaled,15,,,,,,,,,,per_class,MITM,1.0,1.0,1.0,64.0
3,Class_Balanced_15,Linear_Logistic_SGD_Scaled,15,,,,,,,,,,per_class,Normal,1.0,1.0,1.0,3888.0
3,Class_Balanced_15,Linear_Logistic_SGD_Scaled,15,,,,,,,,,,per_class,Password,0.5614591593973037,0.4430538172715895,0.4952780692549843,1598.0
3,Class_Balanced_15,Linear_Logistic_SGD_Scaled,15,,,,,,,,,,per_class,Port_Scanning,0.6990418118466899,0.9962756052141528,0.8216022523675455,1611.0
3,Class_Balanced_15,Linear_Logistic_SGD_Scaled,15,,,,,,,,,,per_class,Ransomware,0.9677777777777776,0.4982837528604119,0.6578549848942598,1748.0
3,Class_Balanced_15,Linear_Logistic_SGD_Scaled,15,,,,,,,,,,per_class,SQL_injection,0.5496575342465754,0.7781818181818182,0.6442548921224285,1650.0
3,Class_Balanced_15,Linear_Logistic_SGD_Scaled,15,,,,,,,,,,per_class,Uploading,0.7194744976816074,0.566646378575776,0.6339802519577801,1643.0
3,Class_Balanced_15,Linear_Logistic_SGD_Scaled,15,,,,,,,,,,per_class,Vulnerability_scanner,0.8511685116851169,0.8580285182889027,0.8545847483791293,1613.0
3,Class_Balanced_15,Linear_Logistic_SGD_Scaled,15,,,,,,,,,,per_class,XSS,0.7155399473222125,0.5068407960199005,0.5933745904623225,1608.0
3,Stable_Balanced_Core,Linear_Logistic_SGD_Scaled,15,0.8048411497730711,0.7637942896995337,0.8007938859443187,0.7766567379082617,0.7889619037460088,4.665045249999821,0.033329137999317,0.0013269025399839,8496.0,aggregate,,,,,
3,Stable_Balanced_Core,Linear_Logistic_SGD_Scaled,15,,,,,,,,,,per_class,Backdoor,0.740096618357488,0.9393010423053342,0.8278843555795732,1631.0
3,Stable_Balanced_Core,Linear_Logistic_SGD_Scaled,15,,,,,,,,,,per_class,DDoS_HTTP,0.6469492314857941,0.8218934911242604,0.7240031274433151,1690.0
3,Stable_Balanced_Core,Linear_Logistic_SGD_Scaled,15,,,,,,,,,,per_class,DDoS_ICMP,0.9804791481810116,0.9804791481810116,0.9804791481810116,2254.0
3,Stable_Balanced_Core,Linear_Logistic_SGD_Scaled,15,,,,,,,,,,per_class,DDoS_TCP,0.9008683068017366,0.7591463414634146,0.8239576439444076,1640.0
3,Stable_Balanced_Core,Linear_Logistic_SGD_Scaled,15,,,,,,,,,,per_class,DDoS_UDP,0.99818676337262,0.9495472186287192,0.9732596685082874,2319.0
3,Stable_Balanced_Core,Linear_Logistic_SGD_Scaled,15,,,,,,,,,,per_class,Fingerprinting,0.34765625,0.5527950310559007,0.4268585131894484,161.0
3,Stable_Balanced_Core,Linear_Logistic_SGD_Scaled,15,,,,,,,,,,per_class,MITM,1.0,1.0,1.0,64.0
3,Stable_Balanced_Core,Linear_Logistic_SGD_Scaled,15,,,,,,,,,,per_class,Normal,1.0,1.0,1.0,3888.0
3,Stable_Balanced_Core,Linear_Logistic_SGD_Scaled,15,,,,,,,,,,per_class,Password,0.5614591593973037,0.4430538172715895,0.4952780692549843,1598.0
3,Stable_Balanced_Core,Linear_Logistic_SGD_Scaled,15,,,,,,,,,,per_class,Port_Scanning,0.6990418118466899,0.9962756052141528,0.8216022523675455,1611.0
3,Stable_Balanced_Core,Linear_Logistic_SGD_Scaled,15,,,,,,,,,,per_class,Ransomware,0.9677777777777776,0.4982837528604119,0.6578549848942598,1748.0
3,Stable_Balanced_Core,Linear_Logistic_SGD_Scaled,15,,,,,,,,,,per_class,SQL_injection,0.5494223363286265,0.7781818181818182,0.6440933032355155,1650.0
3,Stable_Balanced_Core,Linear_Logistic_SGD_Scaled,15,,,,,,,,,,per_class,Uploading,0.720030935808198,0.566646378575776,0.6341961852861036,1643.0
3,Stable_Balanced_Core,Linear_Logistic_SGD_Scaled,15,,,,,,,,,,per_class,Vulnerability_scanner,0.8511685116851169,0.8580285182889027,0.8545847483791293,1613.0
3,Stable_Balanced_Core,Linear_Logistic_SGD_Scaled,15,,,,,,,,,,per_class,XSS,0.7152899824253075,0.5062189054726368,0.5928623452294246,1608.0
3,Stable_Minority_Only,Linear_Logistic_SGD_Scaled,14,0.6412134724102238,0.5768103577361751,0.601059680274026,0.6194792416080293,0.6116249749878694,4.615172089000225,0.0244711489995097,0.000974247511725,7448.0,aggregate,,,,,
3,Stable_Minority_Only,Linear_Logistic_SGD_Scaled,14,,,,,,,,,,per_class,Backdoor,0.0,0.0,0.0,1631.0
3,Stable_Minority_Only,Linear_Logistic_SGD_Scaled,14,,,,,,,,,,per_class,DDoS_HTTP,0.482943469785575,0.5863905325443787,0.5296632816675575,1690.0
3,Stable_Minority_Only,Linear_Logistic_SGD_Scaled,14,,,,,,,,,,per_class,DDoS_ICMP,0.9749328558639212,0.966282165039929,0.9705882352941176,2254.0
3,Stable_Minority_Only,Linear_Logistic_SGD_Scaled,14,,,,,,,,,,per_class,DDoS_TCP,0.7863167760074976,0.5115853658536585,0.6198743997044698,1640.0
3,Stable_Minority_Only,Linear_Logistic_SGD_Scaled,14,,,,,,,,,,per_class,DDoS_UDP,0.8902870625245772,0.976282880551962,0.9313039901275196,2319.0
3,Stable_Minority_Only,Linear_Logistic_SGD_Scaled,14,,,,,,,,,,per_class,Fingerprinting,0.1783681214421252,0.5838509316770186,0.2732558139534883,161.0
3,Stable_Minority_Only,Linear_Logistic_SGD_Scaled,14,,,,,,,,,,per_class,MITM,1.0,1.0,1.0,64.0
3,Stable_Minority_Only,Linear_Logistic_SGD_Scaled,14,,,,,,,,,,per_class,Normal,0.6087182148417228,0.9050925925925926,0.727893267142414,3888.0
3,Stable_Minority_Only,Linear_Logistic_SGD_Scaled,14,,,,,,,,,,per_class,Password,0.461038961038961,0.2221526908635794,0.2998310810810811,1598.0
3,Stable_Minority_Only,Linear_Logistic_SGD_Scaled,14,,,,,,,,,,per_class,Port_Scanning,0.7846575342465754,0.8888888888888888,0.8335273573923165,1611.0
3,Stable_Minority_Only,Linear_Logistic_SGD_Scaled,14,,,,,,,,,,per_class,Ransomware,0.712156862745098,0.5194508009153318,0.6007277538868673,1748.0
3,Stable_Minority_Only,Linear_Logistic_SGD_Scaled,14,,,,,,,,,,per_class,SQL_injection,0.420571882446386,0.6418181818181818,0.5081573896353168,1650.0
3,Stable_Minority_Only,Linear_Logistic_SGD_Scaled,14,,,,,,,,,,per_class,Uploading,0.2587939698492462,0.0626902008520998,0.1009309162175404,1643.0
3,Stable_Minority_Only,Linear_Logistic_SGD_Scaled,14,,,,,,,,,,per_class,Vulnerability_scanner,0.6396270396270396,0.8505889646621203,0.7301756253326237,1613.0
3,Stable_Minority_Only,Linear_Logistic_SGD_Scaled,14,,,,,,,,,,per_class,XSS,0.4835852006253257,0.5771144278606966,0.526226254607315,1608.0
3,CS_SHAP_Union,Linear_Logistic_SGD_Scaled,20,0.8210446691615575,0.7825724315753981,0.8249226578979959,0.8075230803999488,0.8057135666173361,5.0176115389995175,0.0353027379997001,0.0014054756748029,9464.0,aggregate,,,,,
3,CS_SHAP_Union,Linear_Logistic_SGD_Scaled,20,,,,,,,,,,per_class,Backdoor,0.9869773817683344,0.8828939301042306,0.9320388349514565,1631.0
3,CS_SHAP_Union,Linear_Logistic_SGD_Scaled,20,,,,,,,,,,per_class,DDoS_HTTP,0.8083182640144665,0.7934911242603551,0.8008360704687967,1690.0
3,CS_SHAP_Union,Linear_Logistic_SGD_Scaled,20,,,,,,,,,,per_class,DDoS_ICMP,0.972663139329806,0.9787045252883764,0.9756744803184432,2254.0
3,CS_SHAP_Union,Linear_Logistic_SGD_Scaled,20,,,,,,,,,,per_class,DDoS_TCP,0.8050632911392405,0.775609756097561,0.7900621118012421,1640.0
3,CS_SHAP_Union,Linear_Logistic_SGD_Scaled,20,,,,,,,,,,per_class,DDoS_UDP,0.9963947724200092,0.9534282018111256,0.974438078448656,2319.0
3,CS_SHAP_Union,Linear_Logistic_SGD_Scaled,20,,,,,,,,,,per_class,Fingerprinting,0.2155887230514096,0.8074534161490683,0.3403141361256545,161.0
3,CS_SHAP_Union,Linear_Logistic_SGD_Scaled,20,,,,,,,,,,per_class,MITM,1.0,1.0,1.0,64.0
3,CS_SHAP_Union,Linear_Logistic_SGD_Scaled,20,,,,,,,,,,per_class,Normal,1.0,1.0,1.0,3888.0
3,CS_SHAP_Union,Linear_Logistic_SGD_Scaled,20,,,,,,,,,,per_class,Password,0.5402446877012235,0.5250312891113892,0.5325293557600761,1598.0
3,CS_SHAP_Union,Linear_Logistic_SGD_Scaled,20,,,,,,,,,,per_class,Port_Scanning,0.8047270680922903,0.8876474239602731,0.8441558441558441,1611.0
3,CS_SHAP_Union,Linear_Logistic_SGD_Scaled,20,,,,,,,,,,per_class,Ransomware,0.9396433470507544,0.7837528604118993,0.8546475358702432,1748.0
3,CS_SHAP_Union,Linear_Logistic_SGD_Scaled,20,,,,,,,,,,per_class,SQL_injection,0.5389755011135857,0.7333333333333333,0.6213093709884467,1650.0
3,CS_SHAP_Union,Linear_Logistic_SGD_Scaled,20,,,,,,,,,,per_class,Uploading,0.6605672461116194,0.4394400486914181,0.5277777777777778,1643.0
3,CS_SHAP_Union,Linear_Logistic_SGD_Scaled,20,,,,,,,,,,per_class,Vulnerability_scanner,0.8510769230769231,0.8574085554866708,0.8542310067943175,1613.0
3,CS_SHAP_Union,Linear_Logistic_SGD_Scaled,20,,,,,,,,,,per_class,XSS,0.686539643515673,0.6946517412935324,0.6905718701700155,1608.0
3,Mutual_Information_19,Linear_Logistic_SGD_Scaled,19,0.7907078589059638,0.748579016681197,0.7888680108604395,0.7655456602404632,0.7730860929573372,6.535982772000352,0.0414579489997777,0.0016505274703311,9677.0,aggregate,,,,,
3,Mutual_Information_19,Linear_Logistic_SGD_Scaled,19,,,,,,,,,,per_class,Backdoor,0.9495548961424332,0.7847946045370938,0.8593487747566299,1631.0
3,Mutual_Information_19,Linear_Logistic_SGD_Scaled,19,,,,,,,,,,per_class,DDoS_HTTP,0.7260536398467433,0.6727810650887573,0.6984029484029485,1690.0
3,Mutual_Information_19,Linear_Logistic_SGD_Scaled,19,,,,,,,,,,per_class,DDoS_ICMP,0.9842767295597484,0.9720496894409938,0.978125,2254.0
3,Mutual_Information_19,Linear_Logistic_SGD_Scaled,19,,,,,,,,,,per_class,DDoS_TCP,0.8530066815144766,0.7006097560975609,0.7693337797120856,1640.0
3,Mutual_Information_19,Linear_Logistic_SGD_Scaled,19,,,,,,,,,,per_class,DDoS_UDP,0.9977406235878896,0.9521345407503234,0.9744042365401588,2319.0
3,Mutual_Information_19,Linear_Logistic_SGD_Scaled,19,,,,,,,,,,per_class,Fingerprinting,0.2785515320334262,0.6211180124223602,0.3846153846153846,161.0
3,Mutual_Information_19,Linear_Logistic_SGD_Scaled,19,,,,,,,,,,per_class,MITM,1.0,1.0,1.0,64.0
3,Mutual_Information_19,Linear_Logistic_SGD_Scaled,19,,,,,,,,,,per_class,Normal,1.0,1.0,1.0,3888.0
3,Mutual_Information_19,Linear_Logistic_SGD_Scaled,19,,,,,,,,,,per_class,Password,0.6126656848306333,0.260325406758448,0.3653930610452349,1598.0
3,Mutual_Information_19,Linear_Logistic_SGD_Scaled,19,,,,,,,,,,per_class,Port_Scanning,0.7203619909502262,0.9882060831781502,0.8332897147343626,1611.0
3,Mutual_Information_19,Linear_Logistic_SGD_Scaled,19,,,,,,,,,,per_class,Ransomware,0.7742323901264299,0.7356979405034325,0.7544734526254033,1748.0
3,Mutual_Information_19,Linear_Logistic_SGD_Scaled,19,,,,,,,,,,per_class,SQL_injection,0.5204590818363274,0.6321212121212121,0.5708812260536398,1650.0
3,Mutual_Information_19,Linear_Logistic_SGD_Scaled,19,,,,,,,,,,per_class,Uploading,0.5135869565217391,0.6902008520998174,0.5889379381978707,1643.0
3,Mutual_Information_19,Linear_Logistic_SGD_Scaled,19,,,,,,,,,,per_class,Vulnerability_scanner,0.8494962216624685,0.8363298202107874,0.8428616057482037,1613.0
3,Mutual_Information_19,Linear_Logistic_SGD_Scaled,19,,,,,,,,,,per_class,XSS,0.5828116107000569,0.6368159203980099,0.6086181277860327,1608.0
3,Random_Forest_Importance_19,Linear_Logistic_SGD_Scaled,19,0.7803567162990684,0.740880633780453,0.7799109511096578,0.7573587247136534,0.7610239635747513,5.333351756000411,0.0438625879996834,0.0017462611672777,9672.0,aggregate,,,,,
3,Random_Forest_Importance_19,Linear_Logistic_SGD_Scaled,19,,,,,,,,,,per_class,Backdoor,0.8923395445134575,0.7927651747394237,0.8396103896103896,1631.0
3,Random_Forest_Importance_19,Linear_Logistic_SGD_Scaled,19,,,,,,,,,,per_class,DDoS_HTTP,0.6840659340659341,0.7366863905325444,0.7094017094017093,1690.0
3,Random_Forest_Importance_19,Linear_Logistic_SGD_Scaled,19,,,,,,,,,,per_class,DDoS_ICMP,0.9842696629213484,0.9716060337178348,0.9778968519758876,2254.0
3,Random_Forest_Importance_19,Linear_Logistic_SGD_Scaled,19,,,,,,,,,,per_class,DDoS_TCP,0.7934545454545454,0.6652439024390244,0.723714759535655,1640.0
3,Random_Forest_Importance_19,Linear_Logistic_SGD_Scaled,19,,,,,,,,,,per_class,DDoS_UDP,0.9977406235878896,0.9521345407503234,0.9744042365401588,2319.0
3,Random_Forest_Importance_19,Linear_Logistic_SGD_Scaled,19,,,,,,,,,,per_class,Fingerprinting,0.2900552486187845,0.6521739130434783,0.401529636711281,161.0
3,Random_Forest_Importance_19,Linear_Logistic_SGD_Scaled,19,,,,,,,,,,per_class,MITM,1.0,1.0,1.0,64.0
3,Random_Forest_Importance_19,Linear_Logistic_SGD_Scaled,19,,,,,,,,,,per_class,Normal,1.0,1.0,1.0,3888.0
3,Random_Forest_Importance_19,Linear_Logistic_SGD_Scaled,19,,,,,,,,,,per_class,Password,0.4386645962732919,0.3535669586983729,0.3915453915453915,1598.0
3,Random_Forest_Importance_19,Linear_Logistic_SGD_Scaled,19,,,,,,,,,,per_class,Port_Scanning,0.7221214868540344,0.988826815642458,0.834686926905947,1611.0
3,Random_Forest_Importance_19,Linear_Logistic_SGD_Scaled,19,,,,,,,,,,per_class,Ransomware,0.7222946544980443,0.6338672768878718,0.6751980499695308,1748.0
3,Random_Forest_Importance_19,Linear_Logistic_SGD_Scaled,19,,,,,,,,,,per_class,SQL_injection,0.4842840512223516,0.5042424242424243,0.494061757719715,1650.0
3,Random_Forest_Importance_19,Linear_Logistic_SGD_Scaled,19,,,,,,,,,,per_class,Uploading,0.5755968169761273,0.660377358490566,0.615079365079365,1643.0
3,Random_Forest_Importance_19,Linear_Logistic_SGD_Scaled,19,,,,,,,,,,per_class,Vulnerability_scanner,0.8501259445843828,0.8369497830130193,0.8434864104967198,1613.0
3,Random_Forest_Importance_19,Linear_Logistic_SGD_Scaled,19,,,,,,,,,,per_class,XSS,0.654690618762475,0.6119402985074627,0.6325940212150434,1608.0
4,Full_42,Linear_Logistic_SGD_Scaled,42,0.8292789743998089,0.7862340832495651,0.8328597286996859,0.8024773461007089,0.8145639495099636,6.460921986000358,0.0496931790003145,0.0019784679300997,13724.0,aggregate,,,,,
4,Full_42,Linear_Logistic_SGD_Scaled,42,,,,,,,,,,per_class,Backdoor,0.970995385629532,0.9031269160024524,0.9358322744599744,1631.0
4,Full_42,Linear_Logistic_SGD_Scaled,42,,,,,,,,,,per_class,DDoS_HTTP,0.8161718256475048,0.7644970414201183,0.789489764741827,1690.0
4,Full_42,Linear_Logistic_SGD_Scaled,42,,,,,,,,,,per_class,DDoS_ICMP,0.9968109339407744,0.9702882483370288,0.983370786516854,2255.0
4,Full_42,Linear_Logistic_SGD_Scaled,42,,,,,,,,,,per_class,DDoS_TCP,0.8209876543209876,0.8109756097560976,0.8159509202453987,1640.0
4,Full_42,Linear_Logistic_SGD_Scaled,42,,,,,,,,,,per_class,DDoS_UDP,1.0,0.9827511858559724,0.991300565463245,2319.0
4,Full_42,Linear_Logistic_SGD_Scaled,42,,,,,,,,,,per_class,Fingerprinting,0.1812977099236641,0.59375,0.2777777777777778,160.0
4,Full_42,Linear_Logistic_SGD_Scaled,42,,,,,,,,,,per_class,MITM,1.0,1.0,1.0,64.0
4,Full_42,Linear_Logistic_SGD_Scaled,42,,,,,,,,,,per_class,Normal,1.0,1.0,1.0,3888.0
4,Full_42,Linear_Logistic_SGD_Scaled,42,,,,,,,,,,per_class,Password,0.6149532710280374,0.4117647058823529,0.4932533733133433,1598.0
4,Full_42,Linear_Logistic_SGD_Scaled,42,,,,,,,,,,per_class,Port_Scanning,0.8117453347969265,0.9180633147113594,0.8616370521409845,1611.0
4,Full_42,Linear_Logistic_SGD_Scaled,42,,,,,,,,,,per_class,Ransomware,0.9630419331911868,0.7751716247139588,0.8589540412044374,1748.0
4,Full_42,Linear_Logistic_SGD_Scaled,42,,,,,,,,,,per_class,SQL_injection,0.5346260387811634,0.7018181818181818,0.6069182389937107,1650.0
4,Full_42,Linear_Logistic_SGD_Scaled,42,,,,,,,,,,per_class,Uploading,0.5963746223564955,0.6007303712720633,0.5985445724681625,1643.0
4,Full_42,Linear_Logistic_SGD_Scaled,42,,,,,,,,,,per_class,Vulnerability_scanner,0.8576779026217228,0.8523573200992556,0.8550093341630366,1612.0
4,Full_42,Linear_Logistic_SGD_Scaled,42,,,,,,,,,,per_class,XSS,0.7008695652173913,0.7518656716417911,0.7254725472547255,1608.0
4,Natural_Global_20,Linear_Logistic_SGD_Scaled,20,0.8130349962177011,0.7661541533921487,0.8136650978920368,0.7919274607287956,0.7982524531201064,5.229455868999139,0.0370852490004836,0.0014764999402987,9774.0,aggregate,,,,,
4,Natural_Global_20,Linear_Logistic_SGD_Scaled,20,,,,,,,,,,per_class,Backdoor,0.7614107883817427,0.9000613120784795,0.8249508288845181,1631.0
4,Natural_Global_20,Linear_Logistic_SGD_Scaled,20,,,,,,,,,,per_class,DDoS_HTTP,0.8057644110275689,0.7609467455621302,0.7827145465611685,1690.0
4,Natural_Global_20,Linear_Logistic_SGD_Scaled,20,,,,,,,,,,per_class,DDoS_ICMP,0.9968065693430656,0.9689578713968958,0.9826849561502136,2255.0
4,Natural_Global_20,Linear_Logistic_SGD_Scaled,20,,,,,,,,,,per_class,DDoS_TCP,0.8140672782874617,0.8115853658536586,0.812824427480916,1640.0
4,Natural_Global_20,Linear_Logistic_SGD_Scaled,20,,,,,,,,,,per_class,DDoS_UDP,1.0,0.9840448469167744,0.9919582699413172,2319.0
4,Natural_Global_20,Linear_Logistic_SGD_Scaled,20,,,,,,,,,,per_class,Fingerprinting,0.1607669616519174,0.68125,0.2601431980906921,160.0
4,Natural_Global_20,Linear_Logistic_SGD_Scaled,20,,,,,,,,,,per_class,MITM,1.0,1.0,1.0,64.0
4,Natural_Global_20,Linear_Logistic_SGD_Scaled,20,,,,,,,,,,per_class,Normal,1.0,1.0,1.0,3888.0
4,Natural_Global_20,Linear_Logistic_SGD_Scaled,20,,,,,,,,,,per_class,Password,0.6979785969084423,0.367334167709637,0.4813448134481345,1598.0
4,Natural_Global_20,Linear_Logistic_SGD_Scaled,20,,,,,,,,,,per_class,Port_Scanning,0.8257261410788381,0.8646803227808815,0.8447543966040024,1611.0
4,Natural_Global_20,Linear_Logistic_SGD_Scaled,20,,,,,,,,,,per_class,Ransomware,0.9667359667359668,0.5320366132723112,0.6863468634686346,1748.0
4,Natural_Global_20,Linear_Logistic_SGD_Scaled,20,,,,,,,,,,per_class,SQL_injection,0.5544883635020318,0.9096969696969696,0.6890061969244894,1650.0
4,Natural_Global_20,Linear_Logistic_SGD_Scaled,20,,,,,,,,,,per_class,Uploading,0.6820551005212211,0.5575167376749848,0.6135298057602142,1643.0
4,Natural_Global_20,Linear_Logistic_SGD_Scaled,20,,,,,,,,,,per_class,Vulnerability_scanner,0.8559799624295554,0.848014888337469,0.8519788095980055,1612.0
4,Natural_Global_20,Linear_Logistic_SGD_Scaled,20,,,,,,,,,,per_class,XSS,0.6488060570762959,0.6927860696517413,0.6700751879699247,1608.0
4,Class_Balanced_15,Linear_Logistic_SGD_Scaled,15,0.8147071704423299,0.7643637087321056,0.8126904816410639,0.7710603061417681,0.7996697950719258,4.16914838699995,0.0332409479997295,0.0013234442011279,8492.0,aggregate,,,,,
4,Class_Balanced_15,Linear_Logistic_SGD_Scaled,15,,,,,,,,,,per_class,Backdoor,0.9731774415405776,0.8675659104843654,0.9173419773095622,1631.0
4,Class_Balanced_15,Linear_Logistic_SGD_Scaled,15,,,,,,,,,,per_class,DDoS_HTTP,0.7633279483037156,0.5591715976331361,0.6454918032786885,1690.0
4,Class_Balanced_15,Linear_Logistic_SGD_Scaled,15,,,,,,,,,,per_class,DDoS_ICMP,0.9298245614035088,0.987139689578714,0.9576252957625296,2255.0
4,Class_Balanced_15,Linear_Logistic_SGD_Scaled,15,,,,,,,,,,per_class,DDoS_TCP,0.8930555555555556,0.7841463414634147,0.8350649350649351,1640.0
4,Class_Balanced_15,Linear_Logistic_SGD_Scaled,15,,,,,,,,,,per_class,DDoS_UDP,1.0,0.9094437257438552,0.9525745257452574,2319.0
4,Class_Balanced_15,Linear_Logistic_SGD_Scaled,15,,,,,,,,,,per_class,Fingerprinting,0.1862348178137652,0.2875,0.226044226044226,160.0
4,Class_Balanced_15,Linear_Logistic_SGD_Scaled,15,,,,,,,,,,per_class,MITM,1.0,1.0,1.0,64.0
4,Class_Balanced_15,Linear_Logistic_SGD_Scaled,15,,,,,,,,,,per_class,Normal,1.0,1.0,1.0,3888.0
4,Class_Balanced_15,Linear_Logistic_SGD_Scaled,15,,,,,,,,,,per_class,Password,0.6596491228070176,0.3529411764705882,0.4598450876477782,1598.0
4,Class_Balanced_15,Linear_Logistic_SGD_Scaled,15,,,,,,,,,,per_class,Port_Scanning,0.7159446181330952,0.9950341402855368,0.8327272727272728,1611.0
4,Class_Balanced_15,Linear_Logistic_SGD_Scaled,15,,,,,,,,,,per_class,Ransomware,0.9155975692099932,0.7757437070938215,0.839888510374729,1748.0
4,Class_Balanced_15,Linear_Logistic_SGD_Scaled,15,,,,,,,,,,per_class,SQL_injection,0.5623800383877159,0.8878787878787879,0.6886016451233842,1650.0
4,Class_Balanced_15,Linear_Logistic_SGD_Scaled,15,,,,,,,,,,per_class,Uploading,0.6680642907058001,0.5818624467437614,0.6219908913467794,1643.0
4,Class_Balanced_15,Linear_Logistic_SGD_Scaled,15,,,,,,,,,,per_class,Vulnerability_scanner,0.8536887786732796,0.8542183622828784,0.8539534883720931,1612.0
4,Class_Balanced_15,Linear_Logistic_SGD_Scaled,15,,,,,,,,,,per_class,XSS,0.5648372996600292,0.7232587064676617,0.6343059721843469,1608.0
4,Stable_Balanced_Core,Linear_Logistic_SGD_Scaled,14,0.7704343671616833,0.6984008336163086,0.7524117230064076,0.7141493086377332,0.7524339262078042,3.954811352999968,0.0332968689999688,0.0013256706214901,8294.0,aggregate,,,,,
4,Stable_Balanced_Core,Linear_Logistic_SGD_Scaled,14,,,,,,,,,,per_class,Backdoor,0.5864173979397177,0.9423666462293072,0.7229539040451554,1631.0
4,Stable_Balanced_Core,Linear_Logistic_SGD_Scaled,14,,,,,,,,,,per_class,DDoS_HTTP,0.7302089930335656,0.6822485207100591,0.705414499847048,1690.0
4,Stable_Balanced_Core,Linear_Logistic_SGD_Scaled,14,,,,,,,,,,per_class,DDoS_ICMP,0.9222542163718634,0.9942350332594236,0.95689287238583,2255.0
4,Stable_Balanced_Core,Linear_Logistic_SGD_Scaled,14,,,,,,,,,,per_class,DDoS_TCP,0.8047655649500385,0.6384146341463415,0.7120027201632099,1640.0
4,Stable_Balanced_Core,Linear_Logistic_SGD_Scaled,14,,,,,,,,,,per_class,DDoS_UDP,1.0,0.916343251401466,0.9563456345634562,2319.0
4,Stable_Balanced_Core,Linear_Logistic_SGD_Scaled,14,,,,,,,,,,per_class,Fingerprinting,1.0,0.0625,0.1176470588235294,160.0
4,Stable_Balanced_Core,Linear_Logistic_SGD_Scaled,14,,,,,,,,,,per_class,MITM,1.0,1.0,1.0,64.0
4,Stable_Balanced_Core,Linear_Logistic_SGD_Scaled,14,,,,,,,,,,per_class,Normal,1.0,1.0,1.0,3888.0
4,Stable_Balanced_Core,Linear_Logistic_SGD_Scaled,14,,,,,,,,,,per_class,Password,0.6296791443850267,0.2947434292866082,0.40153452685422,1598.0
4,Stable_Balanced_Core,Linear_Logistic_SGD_Scaled,14,,,,,,,,,,per_class,Port_Scanning,0.7086267605633803,0.999379267535692,0.8292557301055884,1611.0
4,Stable_Balanced_Core,Linear_Logistic_SGD_Scaled,14,,,,,,,,,,per_class,Ransomware,0.5347682119205298,0.1847826086956521,0.2746598639455782,1748.0
4,Stable_Balanced_Core,Linear_Logistic_SGD_Scaled,14,,,,,,,,,,per_class,SQL_injection,0.5610043154178109,0.8666666666666667,0.6811145510835913,1650.0
4,Stable_Balanced_Core,Linear_Logistic_SGD_Scaled,14,,,,,,,,,,per_class,Uploading,0.6373902132998746,0.6183810103469264,0.6277417361754712,1643.0
4,Stable_Balanced_Core,Linear_Logistic_SGD_Scaled,14,,,,,,,,,,per_class,Vulnerability_scanner,0.855811062771908,0.8542183622828784,0.8550139708165165,1612.0
4,Stable_Balanced_Core,Linear_Logistic_SGD_Scaled,14,,,,,,,,,,per_class,XSS,0.6144018583042973,0.6579601990049752,0.6354354354354353,1608.0
4,Stable_Minority_Only,Linear_Logistic_SGD_Scaled,13,0.5976430306167138,0.5404696954887201,0.560917502207393,0.5667545790344529,0.5631696681366947,4.501693883999906,0.0249251890008963,0.0009923632997928,7254.0,aggregate,,,,,
4,Stable_Minority_Only,Linear_Logistic_SGD_Scaled,13,,,,,,,,,,per_class,Backdoor,0.0450236966824644,0.0116492949110974,0.0185094982951777,1631.0
4,Stable_Minority_Only,Linear_Logistic_SGD_Scaled,13,,,,,,,,,,per_class,DDoS_HTTP,0.3718323586744639,0.4514792899408284,0.4078033137359701,1690.0
4,Stable_Minority_Only,Linear_Logistic_SGD_Scaled,13,,,,,,,,,,per_class,DDoS_ICMP,0.9684304135171188,0.9658536585365852,0.9671403197158082,2255.0
4,Stable_Minority_Only,Linear_Logistic_SGD_Scaled,13,,,,,,,,,,per_class,DDoS_TCP,0.908735332464146,0.425,0.5791441628583298,1640.0
4,Stable_Minority_Only,Linear_Logistic_SGD_Scaled,13,,,,,,,,,,per_class,DDoS_UDP,0.7638140161725068,0.977576541612764,0.8575751844146018,2319.0
4,Stable_Minority_Only,Linear_Logistic_SGD_Scaled,13,,,,,,,,,,per_class,Fingerprinting,0.1713147410358565,0.26875,0.2092457420924574,160.0
4,Stable_Minority_Only,Linear_Logistic_SGD_Scaled,13,,,,,,,,,,per_class,MITM,1.0,1.0,1.0,64.0
4,Stable_Minority_Only,Linear_Logistic_SGD_Scaled,13,,,,,,,,,,per_class,Normal,0.5651615271659325,0.7919238683127572,0.6595972579263067,3888.0
4,Stable_Minority_Only,Linear_Logistic_SGD_Scaled,13,,,,,,,,,,per_class,Password,0.5125523012552301,0.153316645807259,0.2360308285163776,1598.0
4,Stable_Minority_Only,Linear_Logistic_SGD_Scaled,13,,,,,,,,,,per_class,Port_Scanning,0.7734092084842215,0.9279950341402856,0.8436794582392778,1611.0
4,Stable_Minority_Only,Linear_Logistic_SGD_Scaled,13,,,,,,,,,,per_class,Ransomware,0.7446457990115322,0.517162471395881,0.6103983794733288,1748.0
4,Stable_Minority_Only,Linear_Logistic_SGD_Scaled,13,,,,,,,,,,per_class,SQL_injection,0.3075259515570934,0.4309090909090909,0.358909641595154,1650.0
4,Stable_Minority_Only,Linear_Logistic_SGD_Scaled,13,,,,,,,,,,per_class,Uploading,0.3677419354838709,0.0693852708460133,0.1167434715821812,1643.0
4,Stable_Minority_Only,Linear_Logistic_SGD_Scaled,13,,,,,,,,,,per_class,Vulnerability_scanner,0.6236949614162506,0.8523573200992556,0.7203145478374836,1612.0
4,Stable_Minority_Only,Linear_Logistic_SGD_Scaled,13,,,,,,,,,,per_class,XSS,0.4325429272281275,0.6579601990049752,0.5219536260483473,1608.0
4,CS_SHAP_Union,Linear_Logistic_SGD_Scaled,18,0.7769638093721384,0.7169827221489783,0.764118676577866,0.7379252847546202,0.7591722855588262,4.175123254999562,0.0327636689999053,0.0013044419715692,9064.0,aggregate,,,,,
4,CS_SHAP_Union,Linear_Logistic_SGD_Scaled,18,,,,,,,,,,per_class,Backdoor,0.6256935552710201,0.8988350705088902,0.7377956718671365,1631.0
4,CS_SHAP_Union,Linear_Logistic_SGD_Scaled,18,,,,,,,,,,per_class,DDoS_HTTP,0.6944146079484426,0.7650887573964497,0.7280405405405405,1690.0
4,CS_SHAP_Union,Linear_Logistic_SGD_Scaled,18,,,,,,,,,,per_class,DDoS_ICMP,0.9709634843818742,0.9787139689578714,0.9748233215547704,2255.0
4,CS_SHAP_Union,Linear_Logistic_SGD_Scaled,18,,,,,,,,,,per_class,DDoS_TCP,0.8103975535168195,0.6463414634146342,0.7191316146540027,1640.0
4,CS_SHAP_Union,Linear_Logistic_SGD_Scaled,18,,,,,,,,,,per_class,DDoS_UDP,0.9973130317957905,0.9603277274687364,0.9784710017574691,2319.0
4,CS_SHAP_Union,Linear_Logistic_SGD_Scaled,18,,,,,,,,,,per_class,Fingerprinting,0.1897106109324758,0.36875,0.2505307855626327,160.0
4,CS_SHAP_Union,Linear_Logistic_SGD_Scaled,18,,,,,,,,,,per_class,MITM,1.0,1.0,1.0,64.0
4,CS_SHAP_Union,Linear_Logistic_SGD_Scaled,18,,,,,,,,,,per_class,Normal,1.0,1.0,1.0,3888.0
4,CS_SHAP_Union,Linear_Logistic_SGD_Scaled,18,,,,,,,,,,per_class,Password,0.6151866151866152,0.2991239048811013,0.4025263157894737,1598.0
4,CS_SHAP_Union,Linear_Logistic_SGD_Scaled,18,,,,,,,,,,per_class,Port_Scanning,0.7339114559561843,0.9981378026070764,0.8458705944239874,1611.0
4,CS_SHAP_Union,Linear_Logistic_SGD_Scaled,18,,,,,,,,,,per_class,Ransomware,0.5858156028368794,0.2362700228832951,0.336730534039951,1748.0
4,CS_SHAP_Union,Linear_Logistic_SGD_Scaled,18,,,,,,,,,,per_class,SQL_injection,0.5603312302839116,0.8612121212121212,0.6789297658862875,1650.0
4,CS_SHAP_Union,Linear_Logistic_SGD_Scaled,18,,,,,,,,,,per_class,Uploading,0.6368821292775665,0.6116859403530128,0.6240298044085688,1643.0
4,CS_SHAP_Union,Linear_Logistic_SGD_Scaled,18,,,,,,,,,,per_class,Vulnerability_scanner,0.8552795031055901,0.8542183622828784,0.8547486033519553,1612.0
4,CS_SHAP_Union,Linear_Logistic_SGD_Scaled,18,,,,,,,,,,per_class,XSS,0.6599443671766342,0.5901741293532339,0.623112278397899,1608.0
4,Mutual_Information_19,Linear_Logistic_SGD_Scaled,19,0.7638252976071983,0.7061002956923477,0.7574305816155263,0.7155714779124916,0.7440939911985925,5.5315266280003925,0.0416133279995847,0.0016567793924268,9673.0,aggregate,,,,,
4,Mutual_Information_19,Linear_Logistic_SGD_Scaled,19,,,,,,,,,,per_class,Backdoor,0.609349593495935,0.9190680564071122,0.7328281593742362,1631.0
4,Mutual_Information_19,Linear_Logistic_SGD_Scaled,19,,,,,,,,,,per_class,DDoS_HTTP,0.7416467780429594,0.7355029585798817,0.7385620915032679,1690.0
4,Mutual_Information_19,Linear_Logistic_SGD_Scaled,19,,,,,,,,,,per_class,DDoS_ICMP,0.9135046919624644,0.9929046563192904,0.9515512112197196,2255.0
4,Mutual_Information_19,Linear_Logistic_SGD_Scaled,19,,,,,,,,,,per_class,DDoS_TCP,0.944969905417025,0.6701219512195122,0.7841598287549054,1640.0
4,Mutual_Information_19,Linear_Logistic_SGD_Scaled,19,,,,,,,,,,per_class,DDoS_UDP,1.0,0.9003880983182406,0.947583390061266,2319.0
4,Mutual_Information_19,Linear_Logistic_SGD_Scaled,19,,,,,,,,,,per_class,Fingerprinting,0.1409090909090909,0.19375,0.1631578947368421,160.0
4,Mutual_Information_19,Linear_Logistic_SGD_Scaled,19,,,,,,,,,,per_class,MITM,1.0,1.0,1.0,64.0
4,Mutual_Information_19,Linear_Logistic_SGD_Scaled,19,,,,,,,,,,per_class,Normal,1.0,1.0,1.0,3888.0
4,Mutual_Information_19,Linear_Logistic_SGD_Scaled,19,,,,,,,,,,per_class,Password,0.4876462938881664,0.4693366708385482,0.4783163265306122,1598.0
4,Mutual_Information_19,Linear_Logistic_SGD_Scaled,19,,,,,,,,,,per_class,Port_Scanning,0.7089387934830471,0.999379267535692,0.8294693456980937,1611.0
4,Mutual_Information_19,Linear_Logistic_SGD_Scaled,19,,,,,,,,,,per_class,Ransomware,0.7566807313642757,0.3077803203661327,0.4375762505083367,1748.0
4,Mutual_Information_19,Linear_Logistic_SGD_Scaled,19,,,,,,,,,,per_class,SQL_injection,0.4350607805502239,0.4121212121212121,0.4232804232804232,1650.0
4,Mutual_Information_19,Linear_Logistic_SGD_Scaled,19,,,,,,,,,,per_class,Uploading,0.588268156424581,0.6409007912355448,0.6134576172443926,1643.0
4,Mutual_Information_19,Linear_Logistic_SGD_Scaled,19,,,,,,,,,,per_class,Vulnerability_scanner,0.8556048131728943,0.8380893300248139,0.8467565026637418,1612.0
4,Mutual_Information_19,Linear_Logistic_SGD_Scaled,19,,,,,,,,,,per_class,XSS,0.6356495468277945,0.654228855721393,0.6448053938093777,1608.0
4,Random_Forest_Importance_19,Linear_Logistic_SGD_Scaled,19,0.7926503961460365,0.7420704631344509,0.7920135542778145,0.7445676678942654,0.774744959949801,5.546494438000082,0.0447109390006517,0.0017801066608532,9667.0,aggregate,,,,,
4,Random_Forest_Importance_19,Linear_Logistic_SGD_Scaled,19,,,,,,,,,,per_class,Backdoor,0.8326869806094183,0.9215205395462908,0.8748544819557627,1631.0
4,Random_Forest_Importance_19,Linear_Logistic_SGD_Scaled,19,,,,,,,,,,per_class,DDoS_HTTP,0.7526158445440957,0.5958579881656805,0.6651254953764862,1690.0
4,Random_Forest_Importance_19,Linear_Logistic_SGD_Scaled,19,,,,,,,,,,per_class,DDoS_ICMP,0.9135046919624644,0.9929046563192904,0.9515512112197196,2255.0
4,Random_Forest_Importance_19,Linear_Logistic_SGD_Scaled,19,,,,,,,,,,per_class,DDoS_TCP,0.8770718232044199,0.774390243902439,0.8225388601036269,1640.0
4,Random_Forest_Importance_19,Linear_Logistic_SGD_Scaled,19,,,,,,,,,,per_class,DDoS_UDP,1.0,0.9003880983182406,0.947583390061266,2319.0
4,Random_Forest_Importance_19,Linear_Logistic_SGD_Scaled,19,,,,,,,,,,per_class,Fingerprinting,0.1875,0.20625,0.1964285714285714,160.0
4,Random_Forest_Importance_19,Linear_Logistic_SGD_Scaled,19,,,,,,,,,,per_class,MITM,1.0,1.0,1.0,64.0
4,Random_Forest_Importance_19,Linear_Logistic_SGD_Scaled,19,,,,,,,,,,per_class,Normal,1.0,1.0,1.0,3888.0
4,Random_Forest_Importance_19,Linear_Logistic_SGD_Scaled,19,,,,,,,,,,per_class,Password,0.4836647727272727,0.4261576971214018,0.4530938123752495,1598.0
4,Random_Forest_Importance_19,Linear_Logistic_SGD_Scaled,19,,,,,,,,,,per_class,Port_Scanning,0.7077464788732394,0.9981378026070764,0.8282255987638424,1611.0
4,Random_Forest_Importance_19,Linear_Logistic_SGD_Scaled,19,,,,,,,,,,per_class,Ransomware,0.9795373665480428,0.629862700228833,0.7667130919220055,1748.0
4,Random_Forest_Importance_19,Linear_Logistic_SGD_Scaled,19,,,,,,,,,,per_class,SQL_injection,0.4958202716823406,0.5751515151515152,0.5325476992143658,1650.0
4,Random_Forest_Importance_19,Linear_Logistic_SGD_Scaled,19,,,,,,,,,,per_class,Uploading,0.621414913957935,0.5934266585514303,0.6070983810709838,1643.0
4,Random_Forest_Importance_19,Linear_Logistic_SGD_Scaled,19,,,,,,,,,,per_class,Vulnerability_scanner,0.8536887786732796,0.8542183622828784,0.8539534883720931,1612.0
4,Random_Forest_Importance_19,Linear_Logistic_SGD_Scaled,19,,,,,,,,,,per_class,XSS,0.5747830525778458,0.7002487562189055,0.6313428651527895,1608.0
5,Full_42,Linear_Logistic_SGD_Scaled,42,0.8208384759326353,0.7809624202759768,0.8258634865846479,0.8036837602172461,0.8054740098174011,6.361931845000072,0.0498060549998626,0.001982961938124,13331.0,aggregate,,,,,
5,Full_42,Linear_Logistic_SGD_Scaled,42,,,,,,,,,,per_class,Backdoor,0.9818548387096774,0.8952205882352942,0.9365384615384617,1632.0
5,Full_42,Linear_Logistic_SGD_Scaled,42,,,,,,,,,,per_class,DDoS_HTTP,0.7831190609278926,0.8294849023090586,0.8056354226566992,1689.0
5,Full_42,Linear_Logistic_SGD_Scaled,42,,,,,,,,,,per_class,DDoS_ICMP,0.9945921586300136,0.9787139689578714,0.9865891819400984,2255.0
5,Full_42,Linear_Logistic_SGD_Scaled,42,,,,,,,,,,per_class,DDoS_TCP,0.8136020151133502,0.7882855399633923,0.800743724821816,1639.0
5,Full_42,Linear_Logistic_SGD_Scaled,42,,,,,,,,,,per_class,DDoS_UDP,1.0,0.9836206896551724,0.99174272055628,2320.0
5,Full_42,Linear_Logistic_SGD_Scaled,42,,,,,,,,,,per_class,Fingerprinting,0.1945337620578778,0.75625,0.3094629156010229,160.0
5,Full_42,Linear_Logistic_SGD_Scaled,42,,,,,,,,,,per_class,MITM,1.0,1.0,1.0,64.0
5,Full_42,Linear_Logistic_SGD_Scaled,42,,,,,,,,,,per_class,Normal,1.0,1.0,1.0,3888.0
5,Full_42,Linear_Logistic_SGD_Scaled,42,,,,,,,,,,per_class,Password,0.4920345926263086,0.6760475297060663,0.5695468914646996,1599.0
5,Full_42,Linear_Logistic_SGD_Scaled,42,,,,,,,,,,per_class,Port_Scanning,0.8081035453010692,0.8913718187461204,0.8476977567886658,1611.0
5,Full_42,Linear_Logistic_SGD_Scaled,42,,,,,,,,,,per_class,Ransomware,0.9856011519078474,0.7831807780320366,0.8728084156837743,1748.0
5,Full_42,Linear_Logistic_SGD_Scaled,42,,,,,,,,,,per_class,SQL_injection,0.4527777777777778,0.3953911461491813,0.4221430883781159,1649.0
5,Full_42,Linear_Logistic_SGD_Scaled,42,,,,,,,,,,per_class,Uploading,0.6985645933014354,0.5331710286062081,0.6047635484984466,1643.0
5,Full_42,Linear_Logistic_SGD_Scaled,42,,,,,,,,,,per_class,Vulnerability_scanner,0.8546583850931677,0.8535980148883374,0.8541278708876473,1612.0
5,Full_42,Linear_Logistic_SGD_Scaled,42,,,,,,,,,,per_class,XSS,0.7357615894039735,0.6909203980099502,0.7126363053239255,1608.0
5,Natural_Global_20,Linear_Logistic_SGD_Scaled,20,0.8062666719751562,0.7631820432504666,0.8022134512254202,0.7875342025020691,0.7912317578123218,5.817711959000008,0.0398533269999461,0.0015867072898812,9387.0,aggregate,,,,,
5,Natural_Global_20,Linear_Logistic_SGD_Scaled,20,,,,,,,,,,per_class,Backdoor,0.9865047233468286,0.8958333333333334,0.938985228002569,1632.0
5,Natural_Global_20,Linear_Logistic_SGD_Scaled,20,,,,,,,,,,per_class,DDoS_HTTP,0.8087810514153668,0.8288928359976317,0.8187134502923976,1689.0
5,Natural_Global_20,Linear_Logistic_SGD_Scaled,20,,,,,,,,,,per_class,DDoS_ICMP,0.9945528824330458,0.9716186252771618,0.9829519964109464,2255.0
5,Natural_Global_20,Linear_Logistic_SGD_Scaled,20,,,,,,,,,,per_class,DDoS_TCP,0.8131067961165048,0.8175716900549115,0.8153331305141466,1639.0
5,Natural_Global_20,Linear_Logistic_SGD_Scaled,20,,,,,,,,,,per_class,DDoS_UDP,1.0,0.9814655172413792,0.9906460735262128,2320.0
5,Natural_Global_20,Linear_Logistic_SGD_Scaled,20,,,,,,,,,,per_class,Fingerprinting,0.2885572139303483,0.725,0.4128113879003559,160.0
5,Natural_Global_20,Linear_Logistic_SGD_Scaled,20,,,,,,,,,,per_class,MITM,1.0,1.0,1.0,64.0
5,Natural_Global_20,Linear_Logistic_SGD_Scaled,20,,,,,,,,,,per_class,Normal,1.0,1.0,1.0,3888.0
5,Natural_Global_20,Linear_Logistic_SGD_Scaled,20,,,,,,,,,,per_class,Password,0.4125942932108888,0.7867417135709819,0.5413080895008605,1599.0
5,Natural_Global_20,Linear_Logistic_SGD_Scaled,20,,,,,,,,,,per_class,Port_Scanning,0.7866598778004074,0.9590316573556796,0.8643356643356643,1611.0
5,Natural_Global_20,Linear_Logistic_SGD_Scaled,20,,,,,,,,,,per_class,Ransomware,0.9856011519078474,0.7831807780320366,0.8728084156837743,1748.0
5,Natural_Global_20,Linear_Logistic_SGD_Scaled,20,,,,,,,,,,per_class,SQL_injection,0.237125748502994,0.1200727713765918,0.1594202898550724,1649.0
5,Natural_Global_20,Linear_Logistic_SGD_Scaled,20,,,,,,,,,,per_class,Uploading,0.6653426017874876,0.4077906269020085,0.5056603773584906,1643.0
5,Natural_Global_20,Linear_Logistic_SGD_Scaled,20,,,,,,,,,,per_class,Vulnerability_scanner,0.8519206939281289,0.8529776674937966,0.8524488530688159,1612.0
5,Natural_Global_20,Linear_Logistic_SGD_Scaled,20,,,,,,,,,,per_class,XSS,0.7020460358056266,0.6828358208955224,0.6923076923076923,1608.0
5,Class_Balanced_15,Linear_Logistic_SGD_Scaled,15,0.7794720707090815,0.7244863059480546,0.7698275853427048,0.7552585736449532,0.7617892397419169,4.862387520000084,0.0324142970002867,0.0012905321893652,8105.0,aggregate,,,,,
5,Class_Balanced_15,Linear_Logistic_SGD_Scaled,15,,,,,,,,,,per_class,Backdoor,0.5895110410094637,0.9160539215686274,0.7173704414587332,1632.0
5,Class_Balanced_15,Linear_Logistic_SGD_Scaled,15,,,,,,,,,,per_class,DDoS_HTTP,0.7840971838763114,0.8407341622261694,0.8114285714285715,1689.0
5,Class_Balanced_15,Linear_Logistic_SGD_Scaled,15,,,,,,,,,,per_class,DDoS_ICMP,0.9501491265445248,0.9889135254988912,0.9691438504997828,2255.0
5,Class_Balanced_15,Linear_Logistic_SGD_Scaled,15,,,,,,,,,,per_class,DDoS_TCP,0.7292654028436019,0.7510677242220867,0.7400060114217013,1639.0
5,Class_Balanced_15,Linear_Logistic_SGD_Scaled,15,,,,,,,,,,per_class,DDoS_UDP,1.0,0.9456896551724138,0.9720868409393,2320.0
5,Class_Balanced_15,Linear_Logistic_SGD_Scaled,15,,,,,,,,,,per_class,Fingerprinting,0.1672473867595819,0.6,0.2615803814713896,160.0
5,Class_Balanced_15,Linear_Logistic_SGD_Scaled,15,,,,,,,,,,per_class,MITM,1.0,1.0,1.0,64.0
5,Class_Balanced_15,Linear_Logistic_SGD_Scaled,15,,,,,,,,,,per_class,Normal,1.0,1.0,1.0,3888.0
5,Class_Balanced_15,Linear_Logistic_SGD_Scaled,15,,,,,,,,,,per_class,Password,0.545514950166113,0.5134459036898061,0.5289948453608246,1599.0
5,Class_Balanced_15,Linear_Logistic_SGD_Scaled,15,,,,,,,,,,per_class,Port_Scanning,0.8297101449275363,0.8528864059590316,0.8411386593204775,1611.0
5,Class_Balanced_15,Linear_Logistic_SGD_Scaled,15,,,,,,,,,,per_class,Ransomware,0.6378378378378379,0.1350114416475972,0.222851746931067,1748.0
5,Class_Balanced_15,Linear_Logistic_SGD_Scaled,15,,,,,,,,,,per_class,SQL_injection,0.521105527638191,0.6288659793814433,0.5699367958230284,1649.0
5,Class_Balanced_15,Linear_Logistic_SGD_Scaled,15,,,,,,,,,,per_class,Uploading,0.7191977077363897,0.6110772976262934,0.6607436656794998,1643.0
5,Class_Balanced_15,Linear_Logistic_SGD_Scaled,15,,,,,,,,,,per_class,Vulnerability_scanner,0.8524691358024692,0.8566997518610422,0.8545792079207921,1612.0
5,Class_Balanced_15,Linear_Logistic_SGD_Scaled,15,,,,,,,,,,per_class,XSS,0.7489851150202977,0.6884328358208955,0.7174335709656514,1608.0
5,Stable_Balanced_Core,Linear_Logistic_SGD_Scaled,14,0.7451924991041924,0.6872700803765623,0.7288803204295934,0.7108032760142607,0.7249001087975074,5.148473064999962,0.0336083890006193,0.0013380733766221,7907.0,aggregate,,,,,
5,Stable_Balanced_Core,Linear_Logistic_SGD_Scaled,14,,,,,,,,,,per_class,Backdoor,0.5842433697347894,0.9178921568627452,0.7140133460438512,1632.0
5,Stable_Balanced_Core,Linear_Logistic_SGD_Scaled,14,,,,,,,,,,per_class,DDoS_HTTP,0.6910263299301451,0.7613972764949675,0.7245070422535211,1689.0
5,Stable_Balanced_Core,Linear_Logistic_SGD_Scaled,14,,,,,,,,,,per_class,DDoS_ICMP,0.9563543003851092,0.991130820399113,0.9734320557491288,2255.0
5,Stable_Balanced_Core,Linear_Logistic_SGD_Scaled,14,,,,,,,,,,per_class,DDoS_TCP,0.8205128205128205,0.6833435021354485,0.7456724367509987,1639.0
5,Stable_Balanced_Core,Linear_Logistic_SGD_Scaled,14,,,,,,,,,,per_class,DDoS_UDP,1.0,0.9504310344827588,0.974585635359116,2320.0
5,Stable_Balanced_Core,Linear_Logistic_SGD_Scaled,14,,,,,,,,,,per_class,Fingerprinting,0.2766798418972332,0.4375,0.3389830508474576,160.0
5,Stable_Balanced_Core,Linear_Logistic_SGD_Scaled,14,,,,,,,,,,per_class,MITM,1.0,1.0,1.0,64.0
5,Stable_Balanced_Core,Linear_Logistic_SGD_Scaled,14,,,,,,,,,,per_class,Normal,1.0,1.0,1.0,3888.0
5,Stable_Balanced_Core,Linear_Logistic_SGD_Scaled,14,,,,,,,,,,per_class,Password,0.3925271193250301,0.6110068792995622,0.4779843444227006,1599.0
5,Stable_Balanced_Core,Linear_Logistic_SGD_Scaled,14,,,,,,,,,,per_class,Port_Scanning,0.7242479489516864,0.9863438857852266,0.8352168199737189,1611.0
5,Stable_Balanced_Core,Linear_Logistic_SGD_Scaled,14,,,,,,,,,,per_class,Ransomware,0.5369127516778524,0.137299771167048,0.2186788154897494,1748.0
5,Stable_Balanced_Core,Linear_Logistic_SGD_Scaled,14,,,,,,,,,,per_class,SQL_injection,0.2996972754793138,0.1801091570648878,0.225,1649.0
5,Stable_Balanced_Core,Linear_Logistic_SGD_Scaled,14,,,,,,,,,,per_class,Uploading,0.6513111268603827,0.559342665855143,0.601833660772757,1643.0
5,Stable_Balanced_Core,Linear_Logistic_SGD_Scaled,14,,,,,,,,,,per_class,Vulnerability_scanner,0.8529956763434219,0.8566997518610422,0.854843701640359,1612.0
5,Stable_Balanced_Core,Linear_Logistic_SGD_Scaled,14,,,,,,,,,,per_class,XSS,0.6634009797060881,0.5895522388059702,0.6243002963450773,1608.0
5,Stable_Minority_Only,Linear_Logistic_SGD_Scaled,15,0.6042919138432138,0.5601900999044392,0.5818076812706824,0.5857695206631576,0.5709646837338599,4.929098962999888,0.0245674489997327,0.0009781203567198,7241.0,aggregate,,,,,
5,Stable_Minority_Only,Linear_Logistic_SGD_Scaled,15,,,,,,,,,,per_class,Backdoor,0.4041450777202072,0.4301470588235294,0.4167408726625112,1632.0
5,Stable_Minority_Only,Linear_Logistic_SGD_Scaled,15,,,,,,,,,,per_class,DDoS_HTTP,0.5262329485834207,0.5938425103611604,0.5579972183588316,1689.0
5,Stable_Minority_Only,Linear_Logistic_SGD_Scaled,15,,,,,,,,,,per_class,DDoS_ICMP,0.928006658343737,0.9889135254988912,0.9574924860455132,2255.0
5,Stable_Minority_Only,Linear_Logistic_SGD_Scaled,15,,,,,,,,,,per_class,DDoS_TCP,0.5676652892561983,0.6705308114704088,0.6148251748251748,1639.0
5,Stable_Minority_Only,Linear_Logistic_SGD_Scaled,15,,,,,,,,,,per_class,DDoS_UDP,0.9006488240064883,0.9573275862068964,0.9281236941078144,2320.0
5,Stable_Minority_Only,Linear_Logistic_SGD_Scaled,15,,,,,,,,,,per_class,Fingerprinting,0.0876494023904382,0.1375,0.1070559610705596,160.0
5,Stable_Minority_Only,Linear_Logistic_SGD_Scaled,15,,,,,,,,,,per_class,MITM,1.0,1.0,1.0,64.0
5,Stable_Minority_Only,Linear_Logistic_SGD_Scaled,15,,,,,,,,,,per_class,Normal,0.6144056322772813,0.5835905349794238,0.5986017675768367,3888.0
5,Stable_Minority_Only,Linear_Logistic_SGD_Scaled,15,,,,,,,,,,per_class,Password,0.3411962931760741,0.5065666041275797,0.4077523282154542,1599.0
5,Stable_Minority_Only,Linear_Logistic_SGD_Scaled,15,,,,,,,,,,per_class,Port_Scanning,0.7936932121859968,0.9217877094972068,0.8529580700746697,1611.0
5,Stable_Minority_Only,Linear_Logistic_SGD_Scaled,15,,,,,,,,,,per_class,Ransomware,0.7734375,0.3964530892448512,0.5242057488653554,1748.0
5,Stable_Minority_Only,Linear_Logistic_SGD_Scaled,15,,,,,,,,,,per_class,SQL_injection,0.0889121338912133,0.0515463917525773,0.0652591170825335,1649.0
5,Stable_Minority_Only,Linear_Logistic_SGD_Scaled,15,,,,,,,,,,per_class,Uploading,0.3397683397683397,0.0535605599513085,0.0925341745531019,1643.0
5,Stable_Minority_Only,Linear_Logistic_SGD_Scaled,15,,,,,,,,,,per_class,Vulnerability_scanner,0.6360259981429898,0.8498759305210918,0.7275624004248539,1612.0
5,Stable_Minority_Only,Linear_Logistic_SGD_Scaled,15,,,,,,,,,,per_class,XSS,0.4821013482101348,0.6449004975124378,0.5517424847033786,1608.0
5,CS_SHAP_Union,Linear_Logistic_SGD_Scaled,19,0.8166580403710634,0.7718355836782729,0.8210664865753863,0.7830144066737444,0.8005321872750173,5.08729372200014,0.0352050869996674,0.0014016437870632,8875.0,aggregate,,,,,
5,CS_SHAP_Union,Linear_Logistic_SGD_Scaled,19,,,,,,,,,,per_class,Backdoor,0.9586666666666668,0.8811274509803921,0.9182630906768838,1632.0
5,CS_SHAP_Union,Linear_Logistic_SGD_Scaled,19,,,,,,,,,,per_class,DDoS_HTTP,0.7832322118036403,0.8407341622261694,0.8109651627641349,1689.0
5,CS_SHAP_Union,Linear_Logistic_SGD_Scaled,19,,,,,,,,,,per_class,DDoS_ICMP,0.9435789473684212,0.9937915742793793,0.9680345572354212,2255.0
5,CS_SHAP_Union,Linear_Logistic_SGD_Scaled,19,,,,,,,,,,per_class,DDoS_TCP,0.7374233128834355,0.7333740085417938,0.7353930865708167,1639.0
5,CS_SHAP_Union,Linear_Logistic_SGD_Scaled,19,,,,,,,,,,per_class,DDoS_UDP,1.0,0.95,0.9743589743589745,2320.0
5,CS_SHAP_Union,Linear_Logistic_SGD_Scaled,19,,,,,,,,,,per_class,Fingerprinting,0.1415270018621973,0.475,0.218077474892396,160.0
5,CS_SHAP_Union,Linear_Logistic_SGD_Scaled,19,,,,,,,,,,per_class,MITM,1.0,1.0,1.0,64.0
5,CS_SHAP_Union,Linear_Logistic_SGD_Scaled,19,,,,,,,,,,per_class,Normal,1.0,1.0,1.0,3888.0
5,CS_SHAP_Union,Linear_Logistic_SGD_Scaled,19,,,,,,,,,,per_class,Password,0.551255940257977,0.5078173858661663,0.5286458333333333,1599.0
5,CS_SHAP_Union,Linear_Logistic_SGD_Scaled,19,,,,,,,,,,per_class,Port_Scanning,0.8223915592028136,0.8708876474239603,0.8459451311425988,1611.0
5,CS_SHAP_Union,Linear_Logistic_SGD_Scaled,19,,,,,,,,,,per_class,Ransomware,0.8570417551309271,0.6927917620137299,0.7662132236633977,1748.0
5,CS_SHAP_Union,Linear_Logistic_SGD_Scaled,19,,,,,,,,,,per_class,SQL_injection,0.5223730517848165,0.6300788356579745,0.5711929631665751,1649.0
5,CS_SHAP_Union,Linear_Logistic_SGD_Scaled,19,,,,,,,,,,per_class,Uploading,0.7172848145556333,0.6238587948874011,0.6673177083333334,1643.0
5,CS_SHAP_Union,Linear_Logistic_SGD_Scaled,19,,,,,,,,,,per_class,Vulnerability_scanner,0.8524691358024692,0.8566997518610422,0.8545792079207921,1612.0
5,CS_SHAP_Union,Linear_Logistic_SGD_Scaled,19,,,,,,,,,,per_class,XSS,0.7506775067750677,0.6890547263681592,0.7185473411154345,1608.0
5,Mutual_Information_19,Linear_Logistic_SGD_Scaled,19,0.7865190906557312,0.7448829795161725,0.7847454830828555,0.7511075443303596,0.768470989837023,5.628401906000363,0.0441368960000545,0.001757251901105,9286.0,aggregate,,,,,
5,Mutual_Information_19,Linear_Logistic_SGD_Scaled,19,,,,,,,,,,per_class,Backdoor,0.9522760646108664,0.7947303921568627,0.8663994655978624,1632.0
5,Mutual_Information_19,Linear_Logistic_SGD_Scaled,19,,,,,,,,,,per_class,DDoS_HTTP,0.7528542646071189,0.6637063351095323,0.7054751415984897,1689.0
5,Mutual_Information_19,Linear_Logistic_SGD_Scaled,19,,,,,,,,,,per_class,DDoS_ICMP,0.951530612244898,0.992461197339246,0.9715650097677446,2255.0
5,Mutual_Information_19,Linear_Logistic_SGD_Scaled,19,,,,,,,,,,per_class,DDoS_TCP,0.8300341296928327,0.7419158023184869,0.7835051546391751,1639.0
5,Mutual_Information_19,Linear_Logistic_SGD_Scaled,19,,,,,,,,,,per_class,DDoS_UDP,1.0,0.9495689655172412,0.9741322131328763,2320.0
5,Mutual_Information_19,Linear_Logistic_SGD_Scaled,19,,,,,,,,,,per_class,Fingerprinting,0.3380952380952381,0.44375,0.3837837837837838,160.0
5,Mutual_Information_19,Linear_Logistic_SGD_Scaled,19,,,,,,,,,,per_class,MITM,1.0,1.0,1.0,64.0
5,Mutual_Information_19,Linear_Logistic_SGD_Scaled,19,,,,,,,,,,per_class,Normal,1.0,1.0,1.0,3888.0
5,Mutual_Information_19,Linear_Logistic_SGD_Scaled,19,,,,,,,,,,per_class,Password,0.4538461538461538,0.7379612257661038,0.562038580614432,1599.0
5,Mutual_Information_19,Linear_Logistic_SGD_Scaled,19,,,,,,,,,,per_class,Port_Scanning,0.7390476190476191,0.9633767846058348,0.8364322285098357,1611.0
5,Mutual_Information_19,Linear_Logistic_SGD_Scaled,19,,,,,,,,,,per_class,Ransomware,0.7776449491930664,0.744279176201373,0.7605963168664133,1748.0
5,Mutual_Information_19,Linear_Logistic_SGD_Scaled,19,,,,,,,,,,per_class,SQL_injection,0.3762886597938144,0.2656155245603396,0.3114113046569499,1649.0
5,Mutual_Information_19,Linear_Logistic_SGD_Scaled,19,,,,,,,,,,per_class,Uploading,0.6708074534161491,0.4601339013998782,0.5458483754512635,1643.0
5,Mutual_Information_19,Linear_Logistic_SGD_Scaled,19,,,,,,,,,,per_class,Vulnerability_scanner,0.8520859671302149,0.8362282878411911,0.844082654978084,1612.0
5,Mutual_Information_19,Linear_Logistic_SGD_Scaled,19,,,,,,,,,,per_class,XSS,0.588683351468988,0.6728855721393034,0.6279744631456762,1608.0
5,Random_Forest_Importance_19,Linear_Logistic_SGD_Scaled,19,0.7838117609587132,0.7422902082450223,0.7815043698019868,0.7485505329912407,0.7648174493206716,5.3389190099997,0.0412698270001783,0.0016431033562996,9281.0,aggregate,,,,,
5,Random_Forest_Importance_19,Linear_Logistic_SGD_Scaled,19,,,,,,,,,,per_class,Backdoor,0.9534717251252685,0.8161764705882353,0.8794981842192142,1632.0
5,Random_Forest_Importance_19,Linear_Logistic_SGD_Scaled,19,,,,,,,,,,per_class,DDoS_HTTP,0.6581532416502947,0.7933688573120189,0.7194630872483221,1689.0
5,Random_Forest_Importance_19,Linear_Logistic_SGD_Scaled,19,,,,,,,,,,per_class,DDoS_ICMP,0.951530612244898,0.992461197339246,0.9715650097677446,2255.0
5,Random_Forest_Importance_19,Linear_Logistic_SGD_Scaled,19,,,,,,,,,,per_class,DDoS_TCP,0.8210144927536231,0.6912751677852349,0.7505796621397813,1639.0
5,Random_Forest_Importance_19,Linear_Logistic_SGD_Scaled,19,,,,,,,,,,per_class,DDoS_UDP,1.0,0.9482758620689656,0.9734513274336284,2320.0
5,Random_Forest_Importance_19,Linear_Logistic_SGD_Scaled,19,,,,,,,,,,per_class,Fingerprinting,0.3523809523809524,0.4625,0.4000000000000001,160.0
5,Random_Forest_Importance_19,Linear_Logistic_SGD_Scaled,19,,,,,,,,,,per_class,MITM,1.0,1.0,1.0,64.0
5,Random_Forest_Importance_19,Linear_Logistic_SGD_Scaled,19,,,,,,,,,,per_class,Normal,1.0,1.0,1.0,3888.0
5,Random_Forest_Importance_19,Linear_Logistic_SGD_Scaled,19,,,,,,,,,,per_class,Password,0.4064093226511289,0.348968105065666,0.3755047106325706,1599.0
5,Random_Forest_Importance_19,Linear_Logistic_SGD_Scaled,19,,,,,,,,,,per_class,Port_Scanning,0.7312271062271062,0.9913097454996896,0.8416337285902503,1611.0
5,Random_Forest_Importance_19,Linear_Logistic_SGD_Scaled,19,,,,,,,,,,per_class,Ransomware,0.7600487210718636,0.7139588100686499,0.7362831858407078,1748.0
5,Random_Forest_Importance_19,Linear_Logistic_SGD_Scaled,19,,,,,,,,,,per_class,SQL_injection,0.445210199862164,0.3917525773195876,0.4167741935483871,1649.0
5,Random_Forest_Importance_19,Linear_Logistic_SGD_Scaled,19,,,,,,,,,,per_class,Uploading,0.5428156748911466,0.6828971393791844,0.6048517520215634,1643.0
5,Random_Forest_Importance_19,Linear_Logistic_SGD_Scaled,19,,,,,,,,,,per_class,Vulnerability_scanner,0.8517110266159695,0.8337468982630273,0.8426332288401254,1612.0
5,Random_Forest_Importance_19,Linear_Logistic_SGD_Scaled,19,,,,,,,,,,per_class,XSS,0.6972972972972973,0.5615671641791045,0.6221150533930417,1608.0
