method,feature,importance,rank,outer_fold,inner_fold
Natural_Global,arp.hw.size,0.0052761706,25,1,1
Natural_Global,arp.opcode,0.037901115,20,1,1
Natural_Global,dns.qry.name,0.028154831,21,1,1
Natural_Global,dns.qry.name.len,0.0,32,1,1
Natural_Global,dns.qry.qu,0.0,32,1,1
Natural_Global,dns.retransmission,0.0,32,1,1
Natural_Global,dns.retransmit_request,0.0,32,1,1
Natural_Global,http.content_length,0.014461938,22,1,1
Natural_Global,http.referer,1.1562877,1,1,1
Natural_Global,http.request.method,0.7101427,3,1,1
Natural_Global,http.request.version,0.5817768,4,1,1
Natural_Global,http.response,0.00088594743,29,1,1
Natural_Global,icmp.checksum,0.3500301,8,1,1
Natural_Global,icmp.seq_le,0.17686386,11,1,1
Natural_Global,icmp.transmit_timestamp,0.00060896866,30,1,1
Natural_Global,mqtt.conack.flags,0.4015943,7,1,1
Natural_Global,mqtt.conflag.cleansess,0.0,32,1,1
Natural_Global,mqtt.conflags,0.0,32,1,1
Natural_Global,mqtt.hdrflags,0.0005918337,31,1,1
Natural_Global,mqtt.len,0.0,32,1,1
Natural_Global,mqtt.msgtype,0.0,32,1,1
Natural_Global,mqtt.proto_len,0.0,32,1,1
Natural_Global,mqtt.protoname,0.076788634,16,1,1
Natural_Global,mqtt.topic,0.038190927,19,1,1
Natural_Global,mqtt.topic_len,0.0,32,1,1
Natural_Global,mqtt.ver,0.0,32,1,1
Natural_Global,tcp.ack,0.48209727,6,1,1
Natural_Global,tcp.ack_raw,0.14755738,12,1,1
Natural_Global,tcp.checksum,0.10939713,15,1,1
Natural_Global,tcp.connection.fin,0.0101219015,23,1,1
Natural_Global,tcp.connection.rst,0.043790974,18,1,1
Natural_Global,tcp.connection.syn,0.049029987,17,1,1
Natural_Global,tcp.connection.synack,0.007028141,24,1,1
Natural_Global,tcp.dstport,0.5733381,5,1,1
Natural_Global,tcp.flags,0.20981237,10,1,1
Natural_Global,tcp.flags.ack,0.0019655882,27,1,1
Natural_Global,tcp.len,0.12788147,13,1,1
Natural_Global,tcp.seq,0.1276987,14,1,1
Natural_Global,tcp.srcport,0.89232117,2,1,1
Natural_Global,udp.port,0.0010551322,28,1,1
Natural_Global,udp.stream,0.2939197,9,1,1
Natural_Global,udp.time_delta,0.0031008392,26,1,1
Class_Balanced,arp.hw.size,0.0055403844,28,1,1
Class_Balanced,arp.opcode,0.023144236,25,1,1
Class_Balanced,dns.qry.name,0.04809069,20,1,1
Class_Balanced,dns.qry.name.len,0.0,32,1,1
Class_Balanced,dns.qry.qu,0.0,32,1,1
Class_Balanced,dns.retransmission,0.0,32,1,1
Class_Balanced,dns.retransmit_request,0.0,32,1,1
Class_Balanced,http.content_length,0.041325852,21,1,1
Class_Balanced,http.referer,0.7334001,4,1,1
Class_Balanced,http.request.method,0.3874316,8,1,1
Class_Balanced,http.request.version,0.33723804,10,1,1
Class_Balanced,http.response,0.000397445,31,1,1
Class_Balanced,icmp.checksum,0.26422182,12,1,1
Class_Balanced,icmp.seq_le,0.37797368,9,1,1
Class_Balanced,icmp.transmit_timestamp,0.013886263,26,1,1
Class_Balanced,mqtt.conack.flags,0.40411603,7,1,1
Class_Balanced,mqtt.conflag.cleansess,0.0,32,1,1
Class_Balanced,mqtt.conflags,0.0,32,1,1
Class_Balanced,mqtt.hdrflags,0.0013188825,30,1,1
Class_Balanced,mqtt.len,0.0,32,1,1
Class_Balanced,mqtt.msgtype,0.0,32,1,1
Class_Balanced,mqtt.proto_len,0.0,32,1,1
Class_Balanced,mqtt.protoname,0.07213834,19,1,1
Class_Balanced,mqtt.topic,0.037777152,22,1,1
Class_Balanced,mqtt.topic_len,0.0,32,1,1
Class_Balanced,mqtt.ver,0.0,32,1,1
Class_Balanced,tcp.ack,0.8512715,2,1,1
Class_Balanced,tcp.ack_raw,0.22515322,14,1,1
Class_Balanced,tcp.checksum,0.112628974,15,1,1
Class_Balanced,tcp.connection.fin,0.023226758,24,1,1
Class_Balanced,tcp.connection.rst,0.10240478,18,1,1
Class_Balanced,tcp.connection.syn,0.10415745,16,1,1
Class_Balanced,tcp.connection.synack,0.011146301,27,1,1
Class_Balanced,tcp.dstport,0.8400413,3,1,1
Class_Balanced,tcp.flags,0.25337145,13,1,1
Class_Balanced,tcp.flags.ack,0.0023764072,29,1,1
Class_Balanced,tcp.len,0.6395243,5,1,1
Class_Balanced,tcp.seq,0.26704943,11,1,1
Class_Balanced,tcp.srcport,0.86851776,1,1,1
Class_Balanced,udp.port,0.02381682,23,1,1
Class_Balanced,udp.stream,0.42349103,6,1,1
Class_Balanced,udp.time_delta,0.10297105,17,1,1
Minority_Diagnostic,arp.hw.size,0.0037950214,22,1,1
Minority_Diagnostic,arp.opcode,0.026990596,15,1,1
Minority_Diagnostic,dns.qry.name,0.0012415012,24,1,1
Minority_Diagnostic,dns.qry.name.len,0.0,26,1,1
Minority_Diagnostic,dns.qry.qu,0.0,26,1,1
Minority_Diagnostic,dns.retransmission,0.0,26,1,1
Minority_Diagnostic,dns.retransmit_request,0.0,26,1,1
Minority_Diagnostic,http.content_length,0.0,26,1,1
Minority_Diagnostic,http.referer,0.008464219,19,1,1
Minority_Diagnostic,http.request.method,0.22200069,9,1,1
Minority_Diagnostic,http.request.version,0.41054833,7,1,1
Minority_Diagnostic,http.response,0.0,26,1,1
Minority_Diagnostic,icmp.checksum,0.560687,4,1,1
Minority_Diagnostic,icmp.seq_le,0.48083252,5,1,1
Minority_Diagnostic,icmp.transmit_timestamp,0.103801556,11,1,1
Minority_Diagnostic,mqtt.conack.flags,0.0058311,21,1,1
Minority_Diagnostic,mqtt.conflag.cleansess,0.0,26,1,1
Minority_Diagnostic,mqtt.conflags,0.0,26,1,1
Minority_Diagnostic,mqtt.hdrflags,0.0,26,1,1
Minority_Diagnostic,mqtt.len,0.0,26,1,1
Minority_Diagnostic,mqtt.msgtype,0.0,26,1,1
Minority_Diagnostic,mqtt.proto_len,0.0,26,1,1
Minority_Diagnostic,mqtt.protoname,0.002269814,23,1,1
Minority_Diagnostic,mqtt.topic,0.0,26,1,1
Minority_Diagnostic,mqtt.topic_len,0.0,26,1,1
Minority_Diagnostic,mqtt.ver,0.0,26,1,1
Minority_Diagnostic,tcp.ack,0.029164826,14,1,1
Minority_Diagnostic,tcp.ack_raw,0.029571356,13,1,1
Minority_Diagnostic,tcp.checksum,0.029988095,12,1,1
Minority_Diagnostic,tcp.connection.fin,0.0,26,1,1
Minority_Diagnostic,tcp.connection.rst,0.010713407,18,1,1
Minority_Diagnostic,tcp.connection.syn,0.018066542,16,1,1
Minority_Diagnostic,tcp.connection.synack,0.0,26,1,1
Minority_Diagnostic,tcp.dstport,0.4719398,6,1,1
Minority_Diagnostic,tcp.flags,0.3439685,8,1,1
Minority_Diagnostic,tcp.flags.ack,0.0012169231,25,1,1
Minority_Diagnostic,tcp.len,3.3170984,1,1,1
Minority_Diagnostic,tcp.seq,0.006527442,20,1,1
Minority_Diagnostic,tcp.srcport,1.4460435,2,1,1
Minority_Diagnostic,udp.port,0.17845486,10,1,1
Minority_Diagnostic,udp.stream,0.014037105,17,1,1
Minority_Diagnostic,udp.time_delta,0.77228284,3,1,1
Natural_Global,arp.hw.size,0.007199539,25,1,2
Natural_Global,arp.opcode,0.039087888,19,1,2
Natural_Global,dns.qry.name,0.025334986,20,1,2
Natural_Global,dns.qry.name.len,0.0,32,1,2
Natural_Global,dns.qry.qu,0.0,32,1,2
Natural_Global,dns.retransmission,0.0,32,1,2
Natural_Global,dns.retransmit_request,0.0,32,1,2
Natural_Global,http.content_length,0.02151077,21,1,2
Natural_Global,http.referer,1.1299593,1,1,2
Natural_Global,http.request.method,0.7472818,3,1,2
Natural_Global,http.request.version,0.5762006,4,1,2
Natural_Global,http.response,0.001249916,28,1,2
Natural_Global,icmp.checksum,0.40691388,8,1,2
Natural_Global,icmp.seq_le,0.19262157,10,1,2
Natural_Global,icmp.transmit_timestamp,0.0006331128,30,1,2
Natural_Global,mqtt.conack.flags,0.42693007,7,1,2
Natural_Global,mqtt.conflag.cleansess,0.0,32,1,2
Natural_Global,mqtt.conflags,0.0,32,1,2
Natural_Global,mqtt.hdrflags,0.0,32,1,2
Natural_Global,mqtt.len,0.0,32,1,2
Natural_Global,mqtt.msgtype,0.00030385234,31,1,2
Natural_Global,mqtt.proto_len,0.0,32,1,2
Natural_Global,mqtt.protoname,0.0769329,16,1,2
Natural_Global,mqtt.topic,0.018452536,22,1,2
Natural_Global,mqtt.topic_len,0.0,32,1,2
Natural_Global,mqtt.ver,0.0,32,1,2
Natural_Global,tcp.ack,0.49376017,6,1,2
Natural_Global,tcp.ack_raw,0.1584239,12,1,2
Natural_Global,tcp.checksum,0.11373755,15,1,2
Natural_Global,tcp.connection.fin,0.013681954,23,1,2
Natural_Global,tcp.connection.rst,0.05861702,17,1,2
Natural_Global,tcp.connection.syn,0.049449284,18,1,2
Natural_Global,tcp.connection.synack,0.010561738,24,1,2
Natural_Global,tcp.dstport,0.55359465,5,1,2
Natural_Global,tcp.flags,0.18556024,11,1,2
Natural_Global,tcp.flags.ack,0.0041961903,26,1,2
Natural_Global,tcp.len,0.12915663,14,1,2
Natural_Global,tcp.seq,0.13898091,13,1,2
Natural_Global,tcp.srcport,0.8955118,2,1,2
Natural_Global,udp.port,0.0009311673,29,1,2
Natural_Global,udp.stream,0.28055546,9,1,2
Natural_Global,udp.time_delta,0.002549571,27,1,2
Class_Balanced,arp.hw.size,0.0033541434,29,1,2
Class_Balanced,arp.opcode,0.021133684,24,1,2
Class_Balanced,dns.qry.name,0.055394676,21,1,2
Class_Balanced,dns.qry.name.len,0.0,32,1,2
Class_Balanced,dns.qry.qu,0.0,32,1,2
Class_Balanced,dns.retransmission,0.0,32,1,2
Class_Balanced,dns.retransmit_request,0.0,32,1,2
Class_Balanced,http.content_length,0.07073041,19,1,2
Class_Balanced,http.referer,0.7231687,4,1,2
Class_Balanced,http.request.method,0.40445396,8,1,2
Class_Balanced,http.request.version,0.3031569,10,1,2
Class_Balanced,http.response,0.0011976832,30,1,2
Class_Balanced,icmp.checksum,0.27984518,12,1,2
Class_Balanced,icmp.seq_le,0.3530676,9,1,2
Class_Balanced,icmp.transmit_timestamp,0.007389403,27,1,2
Class_Balanced,mqtt.conack.flags,0.4318995,6,1,2
Class_Balanced,mqtt.conflag.cleansess,0.0,32,1,2
Class_Balanced,mqtt.conflags,0.0,32,1,2
Class_Balanced,mqtt.hdrflags,0.0,32,1,2
Class_Balanced,mqtt.len,0.0,32,1,2
Class_Balanced,mqtt.msgtype,0.00054022635,31,1,2
Class_Balanced,mqtt.proto_len,0.0,32,1,2
Class_Balanced,mqtt.protoname,0.070556276,20,1,2
Class_Balanced,mqtt.topic,0.016187886,26,1,2
Class_Balanced,mqtt.topic_len,0.0,32,1,2
Class_Balanced,mqtt.ver,0.0,32,1,2
Class_Balanced,tcp.ack,0.904542,1,1,2
Class_Balanced,tcp.ack_raw,0.20705064,13,1,2
Class_Balanced,tcp.checksum,0.11799445,17,1,2
Class_Balanced,tcp.connection.fin,0.02676233,23,1,2
Class_Balanced,tcp.connection.rst,0.13386543,16,1,2
Class_Balanced,tcp.connection.syn,0.102130316,18,1,2
Class_Balanced,tcp.connection.synack,0.016694007,25,1,2
Class_Balanced,tcp.dstport,0.8240223,3,1,2
Class_Balanced,tcp.flags,0.19783112,14,1,2
Class_Balanced,tcp.flags.ack,0.0051713125,28,1,2
Class_Balanced,tcp.len,0.58067584,5,1,2
Class_Balanced,tcp.seq,0.29461622,11,1,2
Class_Balanced,tcp.srcport,0.8328956,2,1,2
Class_Balanced,udp.port,0.050403815,22,1,2
Class_Balanced,udp.stream,0.4138742,7,1,2
Class_Balanced,udp.time_delta,0.13676478,15,1,2
Minority_Diagnostic,arp.hw.size,0.0035901063,22,1,2
Minority_Diagnostic,arp.opcode,0.03292902,14,1,2
Minority_Diagnostic,dns.qry.name,0.0016830228,23,1,2
Minority_Diagnostic,dns.qry.name.len,0.0,24,1,2
Minority_Diagnostic,dns.qry.qu,0.0,24,1,2
Minority_Diagnostic,dns.retransmission,0.0,24,1,2
Minority_Diagnostic,dns.retransmit_request,0.0,24,1,2
Minority_Diagnostic,http.content_length,0.0,24,1,2
Minority_Diagnostic,http.referer,0.010577784,20,1,2
Minority_Diagnostic,http.request.method,0.24389032,10,1,2
Minority_Diagnostic,http.request.version,0.35570866,8,1,2
Minority_Diagnostic,http.response,0.0,24,1,2
Minority_Diagnostic,icmp.checksum,0.5128888,5,1,2
Minority_Diagnostic,icmp.seq_le,0.43260887,6,1,2
Minority_Diagnostic,icmp.transmit_timestamp,0.054711014,11,1,2
Minority_Diagnostic,mqtt.conack.flags,0.004889097,21,1,2
Minority_Diagnostic,mqtt.conflag.cleansess,0.0,24,1,2
Minority_Diagnostic,mqtt.conflags,0.0,24,1,2
Minority_Diagnostic,mqtt.hdrflags,0.0,24,1,2
Minority_Diagnostic,mqtt.len,0.0,24,1,2
Minority_Diagnostic,mqtt.msgtype,0.0,24,1,2
Minority_Diagnostic,mqtt.proto_len,0.0,24,1,2
Minority_Diagnostic,mqtt.protoname,0.0,24,1,2
Minority_Diagnostic,mqtt.topic,0.0,24,1,2
Minority_Diagnostic,mqtt.topic_len,0.0,24,1,2
Minority_Diagnostic,mqtt.ver,0.0,24,1,2
Minority_Diagnostic,tcp.ack,0.04979494,12,1,2
Minority_Diagnostic,tcp.ack_raw,0.032785457,15,1,2
Minority_Diagnostic,tcp.checksum,0.02885179,16,1,2
Minority_Diagnostic,tcp.connection.fin,0.0,24,1,2
Minority_Diagnostic,tcp.connection.rst,0.025146686,18,1,2
Minority_Diagnostic,tcp.connection.syn,0.036477216,13,1,2
Minority_Diagnostic,tcp.connection.synack,0.0,24,1,2
Minority_Diagnostic,tcp.dstport,0.7038959,4,1,2
Minority_Diagnostic,tcp.flags,0.24874634,9,1,2
Minority_Diagnostic,tcp.flags.ack,0.0,24,1,2
Minority_Diagnostic,tcp.len,2.9433835,1,1,2
Minority_Diagnostic,tcp.seq,0.017511744,19,1,2
Minority_Diagnostic,tcp.srcport,1.3234819,2,1,2
Minority_Diagnostic,udp.port,0.3778179,7,1,2
Minority_Diagnostic,udp.stream,0.027242763,17,1,2
Minority_Diagnostic,udp.time_delta,1.0257189,3,1,2
Natural_Global,arp.hw.size,0.007198659,24,1,3
Natural_Global,arp.opcode,0.037223976,19,1,3
Natural_Global,dns.qry.name,0.035665024,20,1,3
Natural_Global,dns.qry.name.len,0.0,31,1,3
Natural_Global,dns.qry.qu,0.0,31,1,3
Natural_Global,dns.retransmission,0.0,31,1,3
Natural_Global,dns.retransmit_request,0.0,31,1,3
Natural_Global,http.content_length,0.019685436,21,1,3
Natural_Global,http.referer,1.1306834,1,1,3
Natural_Global,http.request.method,0.7362851,3,1,3
Natural_Global,http.request.version,0.57098836,4,1,3
Natural_Global,http.response,0.00119018,28,1,3
Natural_Global,icmp.checksum,0.294737,9,1,3
Natural_Global,icmp.seq_le,0.2445764,10,1,3
Natural_Global,icmp.transmit_timestamp,0.0005086245,30,1,3
Natural_Global,mqtt.conack.flags,0.42124566,7,1,3
Natural_Global,mqtt.conflag.cleansess,0.0,31,1,3
Natural_Global,mqtt.conflags,0.0,31,1,3
Natural_Global,mqtt.hdrflags,0.0,31,1,3
Natural_Global,mqtt.len,0.0,31,1,3
Natural_Global,mqtt.msgtype,0.0,31,1,3
Natural_Global,mqtt.proto_len,0.0,31,1,3
Natural_Global,mqtt.protoname,0.10034355,16,1,3
Natural_Global,mqtt.topic,0.0051196343,25,1,3
Natural_Global,mqtt.topic_len,0.0,31,1,3
Natural_Global,mqtt.ver,0.0,31,1,3
Natural_Global,tcp.ack,0.47740704,6,1,3
Natural_Global,tcp.ack_raw,0.14162669,13,1,3
Natural_Global,tcp.checksum,0.11142138,15,1,3
Natural_Global,tcp.connection.fin,0.011850313,22,1,3
Natural_Global,tcp.connection.rst,0.048214052,17,1,3
Natural_Global,tcp.connection.syn,0.03894359,18,1,3
Natural_Global,tcp.connection.synack,0.008382434,23,1,3
Natural_Global,tcp.dstport,0.52110165,5,1,3
Natural_Global,tcp.flags,0.15965354,11,1,3
Natural_Global,tcp.flags.ack,0.004496582,26,1,3
Natural_Global,tcp.len,0.11520796,14,1,3
Natural_Global,tcp.seq,0.14898756,12,1,3
Natural_Global,tcp.srcport,0.87524897,2,1,3
Natural_Global,udp.port,0.001019212,29,1,3
Natural_Global,udp.stream,0.32781857,8,1,3
Natural_Global,udp.time_delta,0.0031365978,27,1,3
Class_Balanced,arp.hw.size,0.005611031,28,1,3
Class_Balanced,arp.opcode,0.021699589,24,1,3
Class_Balanced,dns.qry.name,0.046609405,21,1,3
Class_Balanced,dns.qry.name.len,0.0,31,1,3
Class_Balanced,dns.qry.qu,0.0,31,1,3
Class_Balanced,dns.retransmission,0.0,31,1,3
Class_Balanced,dns.retransmit_request,0.0,31,1,3
Class_Balanced,http.content_length,0.06518086,20,1,3
Class_Balanced,http.referer,0.7324812,4,1,3
Class_Balanced,http.request.method,0.38187417,9,1,3
Class_Balanced,http.request.version,0.3337084,10,1,3
Class_Balanced,http.response,0.0012628478,30,1,3
Class_Balanced,icmp.checksum,0.2140597,13,1,3
Class_Balanced,icmp.seq_le,0.40800604,8,1,3
Class_Balanced,icmp.transmit_timestamp,0.011003587,25,1,3
Class_Balanced,mqtt.conack.flags,0.42118907,7,1,3
Class_Balanced,mqtt.conflag.cleansess,0.0,31,1,3
Class_Balanced,mqtt.conflags,0.0,31,1,3
Class_Balanced,mqtt.hdrflags,0.0,31,1,3
Class_Balanced,mqtt.len,0.0,31,1,3
Class_Balanced,mqtt.msgtype,0.0,31,1,3
Class_Balanced,mqtt.proto_len,0.0,31,1,3
Class_Balanced,mqtt.protoname,0.101728275,18,1,3
Class_Balanced,mqtt.topic,0.0037977037,29,1,3
Class_Balanced,mqtt.topic_len,0.0,31,1,3
Class_Balanced,mqtt.ver,0.0,31,1,3
Class_Balanced,tcp.ack,0.85709363,3,1,3
Class_Balanced,tcp.ack_raw,0.18313795,14,1,3
Class_Balanced,tcp.checksum,0.13473065,15,1,3
Class_Balanced,tcp.connection.fin,0.025436372,23,1,3
Class_Balanced,tcp.connection.rst,0.110890955,17,1,3
Class_Balanced,tcp.connection.syn,0.07289341,19,1,3
Class_Balanced,tcp.connection.synack,0.010994492,26,1,3
Class_Balanced,tcp.dstport,0.9202375,1,1,3
Class_Balanced,tcp.flags,0.22038028,12,1,3
Class_Balanced,tcp.flags.ack,0.006226909,27,1,3
Class_Balanced,tcp.len,0.5822913,5,1,3
Class_Balanced,tcp.seq,0.31071097,11,1,3
Class_Balanced,tcp.srcport,0.8582074,2,1,3
Class_Balanced,udp.port,0.04497507,22,1,3
Class_Balanced,udp.stream,0.4556203,6,1,3
Class_Balanced,udp.time_delta,0.13091892,16,1,3
Minority_Diagnostic,arp.hw.size,0.0025351986,22,1,3
Minority_Diagnostic,arp.opcode,0.021483641,15,1,3
Minority_Diagnostic,dns.qry.name,0.0010269171,23,1,3
Minority_Diagnostic,dns.qry.name.len,0.0,24,1,3
Minority_Diagnostic,dns.qry.qu,0.0,24,1,3
Minority_Diagnostic,dns.retransmission,0.0,24,1,3
Minority_Diagnostic,dns.retransmit_request,0.0,24,1,3
Minority_Diagnostic,http.content_length,0.0,24,1,3
Minority_Diagnostic,http.referer,0.015330816,16,1,3
Minority_Diagnostic,http.request.method,0.25096142,9,1,3
Minority_Diagnostic,http.request.version,0.38118076,7,1,3
Minority_Diagnostic,http.response,0.0,24,1,3
Minority_Diagnostic,icmp.checksum,0.53938127,5,1,3
Minority_Diagnostic,icmp.seq_le,0.43936965,6,1,3
Minority_Diagnostic,icmp.transmit_timestamp,0.08099422,11,1,3
Minority_Diagnostic,mqtt.conack.flags,0.003251096,21,1,3
Minority_Diagnostic,mqtt.conflag.cleansess,0.0,24,1,3
Minority_Diagnostic,mqtt.conflags,0.0,24,1,3
Minority_Diagnostic,mqtt.hdrflags,0.0,24,1,3
Minority_Diagnostic,mqtt.len,0.0,24,1,3
Minority_Diagnostic,mqtt.msgtype,0.0,24,1,3
Minority_Diagnostic,mqtt.proto_len,0.0,24,1,3
Minority_Diagnostic,mqtt.protoname,0.0,24,1,3
Minority_Diagnostic,mqtt.topic,0.0,24,1,3
Minority_Diagnostic,mqtt.topic_len,0.0,24,1,3
Minority_Diagnostic,mqtt.ver,0.0,24,1,3
Minority_Diagnostic,tcp.ack,0.03320413,14,1,3
Minority_Diagnostic,tcp.ack_raw,0.052244186,12,1,3
Minority_Diagnostic,tcp.checksum,0.010775138,17,1,3
Minority_Diagnostic,tcp.connection.fin,0.0,24,1,3
Minority_Diagnostic,tcp.connection.rst,0.01006739,18,1,3
Minority_Diagnostic,tcp.connection.syn,0.03688219,13,1,3
Minority_Diagnostic,tcp.connection.synack,0.0,24,1,3
Minority_Diagnostic,tcp.dstport,0.7563271,4,1,3
Minority_Diagnostic,tcp.flags,0.22399797,10,1,3
Minority_Diagnostic,tcp.flags.ack,0.0,24,1,3
Minority_Diagnostic,tcp.len,2.90586,1,1,3
Minority_Diagnostic,tcp.seq,0.0070493845,20,1,3
Minority_Diagnostic,tcp.srcport,1.5461805,2,1,3
Minority_Diagnostic,udp.port,0.33700916,8,1,3
Minority_Diagnostic,udp.stream,0.007984837,19,1,3
Minority_Diagnostic,udp.time_delta,0.9818919,3,1,3
Natural_Global,arp.hw.size,0.00781479,24,1,4
Natural_Global,arp.opcode,0.043468315,19,1,4
Natural_Global,dns.qry.name,0.026513612,20,1,4
Natural_Global,dns.qry.name.len,0.0,32,1,4
Natural_Global,dns.qry.qu,0.0,32,1,4
Natural_Global,dns.retransmission,0.0,32,1,4
Natural_Global,dns.retransmit_request,0.0,32,1,4
Natural_Global,http.content_length,0.018798,21,1,4
Natural_Global,http.referer,1.1208836,1,1,4
Natural_Global,http.request.method,0.7456769,3,1,4
Natural_Global,http.request.version,0.5551714,5,1,4
Natural_Global,http.response,0.001369609,28,1,4
Natural_Global,icmp.checksum,0.35825056,8,1,4
Natural_Global,icmp.seq_le,0.18383053,10,1,4
Natural_Global,icmp.transmit_timestamp,0.00069991674,29,1,4
Natural_Global,mqtt.conack.flags,0.4129819,7,1,4
Natural_Global,mqtt.conflag.cleansess,0.0,32,1,4
Natural_Global,mqtt.conflags,0.0,32,1,4
Natural_Global,mqtt.hdrflags,0.0003754968,30,1,4
Natural_Global,mqtt.len,0.0,32,1,4
Natural_Global,mqtt.msgtype,0.0,32,1,4
Natural_Global,mqtt.proto_len,0.0,32,1,4
Natural_Global,mqtt.protoname,0.09550198,16,1,4
Natural_Global,mqtt.topic,0.010846654,23,1,4
Natural_Global,mqtt.topic_len,0.0,32,1,4
Natural_Global,mqtt.ver,0.0,32,1,4
Natural_Global,tcp.ack,0.4780764,6,1,4
Natural_Global,tcp.ack_raw,0.14433238,11,1,4
Natural_Global,tcp.checksum,0.10608973,14,1,4
Natural_Global,tcp.connection.fin,0.014754298,22,1,4
Natural_Global,tcp.connection.rst,0.060734376,17,1,4
Natural_Global,tcp.connection.syn,0.044387244,18,1,4
Natural_Global,tcp.connection.synack,0.007728664,25,1,4
Natural_Global,tcp.dstport,0.64529973,4,1,4
Natural_Global,tcp.flags,0.104542136,15,1,4
Natural_Global,tcp.flags.ack,0.00244651,27,1,4
Natural_Global,tcp.len,0.123405285,13,1,4
Natural_Global,tcp.seq,0.14099897,12,1,4
Natural_Global,tcp.srcport,0.8807665,2,1,4
Natural_Global,udp.port,0.0029984084,26,1,4
Natural_Global,udp.stream,0.2788498,9,1,4
Natural_Global,udp.time_delta,0.00019032601,31,1,4
Class_Balanced,arp.hw.size,0.0045290897,28,1,4
Class_Balanced,arp.opcode,0.02094427,23,1,4
Class_Balanced,dns.qry.name,0.049898293,20,1,4
Class_Balanced,dns.qry.name.len,0.0,32,1,4
Class_Balanced,dns.qry.qu,0.0,32,1,4
Class_Balanced,dns.retransmission,0.0,32,1,4
Class_Balanced,dns.retransmit_request,0.0,32,1,4
Class_Balanced,http.content_length,0.04752853,21,1,4
Class_Balanced,http.referer,0.73795134,4,1,4
Class_Balanced,http.request.method,0.42368194,6,1,4
Class_Balanced,http.request.version,0.2807569,11,1,4
Class_Balanced,http.response,0.0028592166,29,1,4
Class_Balanced,icmp.checksum,0.27379736,12,1,4
Class_Balanced,icmp.seq_le,0.36513,9,1,4
Class_Balanced,icmp.transmit_timestamp,0.0077929134,26,1,4
Class_Balanced,mqtt.conack.flags,0.40040496,8,1,4
Class_Balanced,mqtt.conflag.cleansess,0.0,32,1,4
Class_Balanced,mqtt.conflags,0.0,32,1,4
Class_Balanced,mqtt.hdrflags,0.00036617674,31,1,4
Class_Balanced,mqtt.len,0.0,32,1,4
Class_Balanced,mqtt.msgtype,0.0,32,1,4
Class_Balanced,mqtt.proto_len,0.0,32,1,4
Class_Balanced,mqtt.protoname,0.1010265,18,1,4
Class_Balanced,mqtt.topic,0.010097676,25,1,4
Class_Balanced,mqtt.topic_len,0.0,32,1,4
Class_Balanced,mqtt.ver,0.0,32,1,4
Class_Balanced,tcp.ack,0.8573864,2,1,4
Class_Balanced,tcp.ack_raw,0.21081519,13,1,4
Class_Balanced,tcp.checksum,0.1132905,17,1,4
Class_Balanced,tcp.connection.fin,0.03194546,22,1,4
Class_Balanced,tcp.connection.rst,0.13036756,16,1,4
Class_Balanced,tcp.connection.syn,0.09126708,19,1,4
Class_Balanced,tcp.connection.synack,0.011572081,24,1,4
Class_Balanced,tcp.dstport,0.91217256,1,1,4
Class_Balanced,tcp.flags,0.15206197,15,1,4
Class_Balanced,tcp.flags.ack,0.0023827844,30,1,4
Class_Balanced,tcp.len,0.5765164,5,1,4
Class_Balanced,tcp.seq,0.29736087,10,1,4
Class_Balanced,tcp.srcport,0.8143968,3,1,4
Class_Balanced,udp.port,0.16183618,14,1,4
Class_Balanced,udp.stream,0.42242426,7,1,4
Class_Balanced,udp.time_delta,0.005300885,27,1,4
Minority_Diagnostic,arp.hw.size,0.0044043334,22,1,4
Minority_Diagnostic,arp.opcode,0.03306696,11,1,4
Minority_Diagnostic,dns.qry.name,0.0022050403,23,1,4
Minority_Diagnostic,dns.qry.name.len,0.0,24,1,4
Minority_Diagnostic,dns.qry.qu,0.0,24,1,4
Minority_Diagnostic,dns.retransmission,0.0,24,1,4
Minority_Diagnostic,dns.retransmit_request,0.0,24,1,4
Minority_Diagnostic,http.content_length,0.0,24,1,4
Minority_Diagnostic,http.referer,0.022218037,16,1,4
Minority_Diagnostic,http.request.method,0.2447068,8,1,4
Minority_Diagnostic,http.request.version,0.40695834,7,1,4
Minority_Diagnostic,http.response,0.0,24,1,4
Minority_Diagnostic,icmp.checksum,0.58079183,5,1,4
Minority_Diagnostic,icmp.seq_le,0.45111313,6,1,4
Minority_Diagnostic,icmp.transmit_timestamp,0.057986744,9,1,4
Minority_Diagnostic,mqtt.conack.flags,0.0076478883,21,1,4
Minority_Diagnostic,mqtt.conflag.cleansess,0.0,24,1,4
Minority_Diagnostic,mqtt.conflags,0.0,24,1,4
Minority_Diagnostic,mqtt.hdrflags,0.0,24,1,4
Minority_Diagnostic,mqtt.len,0.0,24,1,4
Minority_Diagnostic,mqtt.msgtype,0.0,24,1,4
Minority_Diagnostic,mqtt.proto_len,0.0,24,1,4
Minority_Diagnostic,mqtt.protoname,0.0,24,1,4
Minority_Diagnostic,mqtt.topic,0.0,24,1,4
Minority_Diagnostic,mqtt.topic_len,0.0,24,1,4
Minority_Diagnostic,mqtt.ver,0.0,24,1,4
Minority_Diagnostic,tcp.ack,0.024373205,15,1,4
Minority_Diagnostic,tcp.ack_raw,0.01625905,17,1,4
Minority_Diagnostic,tcp.checksum,0.02692468,13,1,4
Minority_Diagnostic,tcp.connection.fin,0.0,24,1,4
Minority_Diagnostic,tcp.connection.rst,0.013741656,18,1,4
Minority_Diagnostic,tcp.connection.syn,0.010495021,20,1,4
Minority_Diagnostic,tcp.connection.synack,0.0,24,1,4
Minority_Diagnostic,tcp.dstport,0.7955016,4,1,4
Minority_Diagnostic,tcp.flags,0.03258865,12,1,4
Minority_Diagnostic,tcp.flags.ack,0.0,24,1,4
Minority_Diagnostic,tcp.len,2.8666024,1,1,4
Minority_Diagnostic,tcp.seq,0.01058181,19,1,4
Minority_Diagnostic,tcp.srcport,1.3113322,2,1,4
Minority_Diagnostic,udp.port,1.2135435,3,1,4
Minority_Diagnostic,udp.stream,0.025514767,14,1,4
Minority_Diagnostic,udp.time_delta,0.0397345,10,1,4
Natural_Global,arp.hw.size,0.010505499,24,1,5
Natural_Global,arp.opcode,0.042574793,19,1,5
Natural_Global,dns.qry.name,0.026134448,20,1,5
Natural_Global,dns.qry.name.len,0.0,31,1,5
Natural_Global,dns.qry.qu,0.0,31,1,5
Natural_Global,dns.retransmission,0.0,31,1,5
Natural_Global,dns.retransmit_request,0.0,31,1,5
Natural_Global,http.content_length,0.022367127,21,1,5
Natural_Global,http.referer,1.1140958,1,1,5
Natural_Global,http.request.method,0.7605194,3,1,5
Natural_Global,http.request.version,0.5463158,5,1,5
Natural_Global,http.response,0.00056898175,30,1,5
Natural_Global,icmp.checksum,0.36144423,8,1,5
Natural_Global,icmp.seq_le,0.1653227,11,1,5
Natural_Global,icmp.transmit_timestamp,0.0007323744,29,1,5
Natural_Global,mqtt.conack.flags,0.40417323,7,1,5
Natural_Global,mqtt.conflag.cleansess,0.0,31,1,5
Natural_Global,mqtt.conflags,0.0,31,1,5
Natural_Global,mqtt.hdrflags,0.0,31,1,5
Natural_Global,mqtt.len,0.0,31,1,5
Natural_Global,mqtt.msgtype,0.0,31,1,5
Natural_Global,mqtt.proto_len,0.0,31,1,5
Natural_Global,mqtt.protoname,0.10233666,16,1,5
Natural_Global,mqtt.topic,0.013395925,22,1,5
Natural_Global,mqtt.topic_len,0.0,31,1,5
Natural_Global,mqtt.ver,0.0,31,1,5
Natural_Global,tcp.ack,0.47752345,6,1,5
Natural_Global,tcp.ack_raw,0.15785101,12,1,5
Natural_Global,tcp.checksum,0.10616829,15,1,5
Natural_Global,tcp.connection.fin,0.0127641875,23,1,5
Natural_Global,tcp.connection.rst,0.05491979,17,1,5
Natural_Global,tcp.connection.syn,0.050066218,18,1,5
Natural_Global,tcp.connection.synack,0.010009385,25,1,5
Natural_Global,tcp.dstport,0.553036,4,1,5
Natural_Global,tcp.flags,0.20855503,10,1,5
Natural_Global,tcp.flags.ack,0.004606321,26,1,5
Natural_Global,tcp.len,0.13646908,14,1,5
Natural_Global,tcp.seq,0.14518254,13,1,5
Natural_Global,tcp.srcport,0.91202754,2,1,5
Natural_Global,udp.port,0.0014022007,28,1,5
Natural_Global,udp.stream,0.26871958,9,1,5
Natural_Global,udp.time_delta,0.0019036473,27,1,5
Class_Balanced,arp.hw.size,0.008425152,28,1,5
Class_Balanced,arp.opcode,0.02400654,24,1,5
Class_Balanced,dns.qry.name,0.05756793,20,1,5
Class_Balanced,dns.qry.name.len,0.0,31,1,5
Class_Balanced,dns.qry.qu,0.0,31,1,5
Class_Balanced,dns.retransmission,0.0,31,1,5
Class_Balanced,dns.retransmit_request,0.0,31,1,5
Class_Balanced,http.content_length,0.07461157,19,1,5
Class_Balanced,http.referer,0.71296614,4,1,5
Class_Balanced,http.request.method,0.42845777,6,1,5
Class_Balanced,http.request.version,0.29652962,11,1,5
Class_Balanced,http.response,0.00059069414,30,1,5
Class_Balanced,icmp.checksum,0.27714765,12,1,5
Class_Balanced,icmp.seq_le,0.3721441,9,1,5
Class_Balanced,icmp.transmit_timestamp,0.010038393,27,1,5
Class_Balanced,mqtt.conack.flags,0.3955008,7,1,5
Class_Balanced,mqtt.conflag.cleansess,0.0,31,1,5
Class_Balanced,mqtt.conflags,0.0,31,1,5
Class_Balanced,mqtt.hdrflags,0.0,31,1,5
Class_Balanced,mqtt.len,0.0,31,1,5
Class_Balanced,mqtt.msgtype,0.0,31,1,5
Class_Balanced,mqtt.proto_len,0.0,31,1,5
Class_Balanced,mqtt.protoname,0.10706902,17,1,5
Class_Balanced,mqtt.topic,0.01195674,26,1,5
Class_Balanced,mqtt.topic_len,0.0,31,1,5
Class_Balanced,mqtt.ver,0.0,31,1,5
Class_Balanced,tcp.ack,0.83141714,2,1,5
Class_Balanced,tcp.ack_raw,0.21172403,14,1,5
Class_Balanced,tcp.checksum,0.11538709,16,1,5
Class_Balanced,tcp.connection.fin,0.028092401,23,1,5
Class_Balanced,tcp.connection.rst,0.11838494,15,1,5
Class_Balanced,tcp.connection.syn,0.099356815,18,1,5
Class_Balanced,tcp.connection.synack,0.014149814,25,1,5
Class_Balanced,tcp.dstport,0.80069363,3,1,5
Class_Balanced,tcp.flags,0.2502221,13,1,5
Class_Balanced,tcp.flags.ack,0.0050345096,29,1,5
Class_Balanced,tcp.len,0.62630445,5,1,5
Class_Balanced,tcp.seq,0.31407687,10,1,5
Class_Balanced,tcp.srcport,0.912326,1,1,5
Class_Balanced,udp.port,0.05477332,22,1,5
Class_Balanced,udp.stream,0.39310977,8,1,5
Class_Balanced,udp.time_delta,0.055961724,21,1,5
Minority_Diagnostic,arp.hw.size,0.01698578,19,1,5
Minority_Diagnostic,arp.opcode,0.032939244,13,1,5
Minority_Diagnostic,dns.qry.name,0.0008006219,23,1,5
Minority_Diagnostic,dns.qry.name.len,0.0,25,1,5
Minority_Diagnostic,dns.qry.qu,0.0,25,1,5
Minority_Diagnostic,dns.retransmission,0.0,25,1,5
Minority_Diagnostic,dns.retransmit_request,0.0,25,1,5
Minority_Diagnostic,http.content_length,0.0,25,1,5
Minority_Diagnostic,http.referer,0.015096136,20,1,5
Minority_Diagnostic,http.request.method,0.28591725,9,1,5
Minority_Diagnostic,http.request.version,0.39973554,8,1,5
Minority_Diagnostic,http.response,0.0,25,1,5
Minority_Diagnostic,icmp.checksum,0.5062898,4,1,5
Minority_Diagnostic,icmp.seq_le,0.4860545,5,1,5
Minority_Diagnostic,icmp.transmit_timestamp,0.07467572,11,1,5
Minority_Diagnostic,mqtt.conack.flags,0.006140981,22,1,5
Minority_Diagnostic,mqtt.conflag.cleansess,0.0,25,1,5
Minority_Diagnostic,mqtt.conflags,0.0,25,1,5
Minority_Diagnostic,mqtt.hdrflags,0.0,25,1,5
Minority_Diagnostic,mqtt.len,0.0,25,1,5
Minority_Diagnostic,mqtt.msgtype,0.0,25,1,5
Minority_Diagnostic,mqtt.proto_len,0.0,25,1,5
Minority_Diagnostic,mqtt.protoname,8.6161715e-05,24,1,5
Minority_Diagnostic,mqtt.topic,0.0,25,1,5
Minority_Diagnostic,mqtt.topic_len,0.0,25,1,5
Minority_Diagnostic,mqtt.ver,0.0,25,1,5
Minority_Diagnostic,tcp.ack,0.031172588,14,1,5
Minority_Diagnostic,tcp.ack_raw,0.048076242,12,1,5
Minority_Diagnostic,tcp.checksum,0.024758255,16,1,5
Minority_Diagnostic,tcp.connection.fin,0.0,25,1,5
Minority_Diagnostic,tcp.connection.rst,0.014642813,21,1,5
Minority_Diagnostic,tcp.connection.syn,0.02124179,17,1,5
Minority_Diagnostic,tcp.connection.synack,0.0,25,1,5
Minority_Diagnostic,tcp.dstport,0.5525998,3,1,5
Minority_Diagnostic,tcp.flags,0.27625376,10,1,5
Minority_Diagnostic,tcp.flags.ack,0.0,25,1,5
Minority_Diagnostic,tcp.len,3.1844153,1,1,5
Minority_Diagnostic,tcp.seq,0.019175444,18,1,5
Minority_Diagnostic,tcp.srcport,1.555598,2,1,5
Minority_Diagnostic,udp.port,0.4105384,7,1,5
Minority_Diagnostic,udp.stream,0.02882588,15,1,5
Minority_Diagnostic,udp.time_delta,0.4196064,6,1,5
Natural_Global,arp.hw.size,0.0077702035,25,2,1
Natural_Global,arp.opcode,0.040119484,19,2,1
Natural_Global,dns.qry.name,0.0235902,20,2,1
Natural_Global,dns.qry.name.len,0.00012298688,31,2,1
Natural_Global,dns.qry.qu,0.0,32,2,1
Natural_Global,dns.retransmission,0.0,32,2,1
Natural_Global,dns.retransmit_request,0.0,32,2,1
Natural_Global,http.content_length,0.02081935,21,2,1
Natural_Global,http.referer,1.1401631,1,2,1
Natural_Global,http.request.method,0.7507286,3,2,1
Natural_Global,http.request.version,0.5554256,4,2,1
Natural_Global,http.response,0.0013304857,28,2,1
Natural_Global,icmp.checksum,0.3499288,8,2,1
Natural_Global,icmp.seq_le,0.19344592,11,2,1
Natural_Global,icmp.transmit_timestamp,0.0007151757,30,2,1
Natural_Global,mqtt.conack.flags,0.42167124,7,2,1
Natural_Global,mqtt.conflag.cleansess,0.0,32,2,1
Natural_Global,mqtt.conflags,0.0,32,2,1
Natural_Global,mqtt.hdrflags,0.0,32,2,1
Natural_Global,mqtt.len,0.0,32,2,1
Natural_Global,mqtt.msgtype,0.0,32,2,1
Natural_Global,mqtt.proto_len,0.0,32,2,1
Natural_Global,mqtt.protoname,0.073248535,16,2,1
Natural_Global,mqtt.topic,0.019191613,22,2,1
Natural_Global,mqtt.topic_len,0.0,32,2,1
Natural_Global,mqtt.ver,0.0,32,2,1
Natural_Global,tcp.ack,0.47978058,6,2,1
Natural_Global,tcp.ack_raw,0.14589228,12,2,1
Natural_Global,tcp.checksum,0.10612654,15,2,1
Natural_Global,tcp.connection.fin,0.0116456635,23,2,1
Natural_Global,tcp.connection.rst,0.04881324,17,2,1
Natural_Global,tcp.connection.syn,0.048093468,18,2,1
Natural_Global,tcp.connection.synack,0.01078346,24,2,1
Natural_Global,tcp.dstport,0.5477372,5,2,1
Natural_Global,tcp.flags,0.2101277,10,2,1
Natural_Global,tcp.flags.ack,0.0050024963,26,2,1
Natural_Global,tcp.len,0.13659176,14,2,1
Natural_Global,tcp.seq,0.14037901,13,2,1
Natural_Global,tcp.srcport,0.9069795,2,2,1
Natural_Global,udp.port,0.0012568792,29,2,1
Natural_Global,udp.stream,0.27005273,9,2,1
Natural_Global,udp.time_delta,0.0013712397,27,2,1
Class_Balanced,arp.hw.size,0.0048644613,29,2,1
Class_Balanced,arp.opcode,0.024010984,24,2,1
Class_Balanced,dns.qry.name,0.045080893,21,2,1
Class_Balanced,dns.qry.name.len,0.0022681346,30,2,1
Class_Balanced,dns.qry.qu,0.0,32,2,1
Class_Balanced,dns.retransmission,0.0,32,2,1
Class_Balanced,dns.retransmit_request,0.0,32,2,1
Class_Balanced,http.content_length,0.06715332,20,2,1
Class_Balanced,http.referer,0.7284384,4,2,1
Class_Balanced,http.request.method,0.4106048,8,2,1
Class_Balanced,http.request.version,0.30128002,10,2,1
Class_Balanced,http.response,0.0015827024,31,2,1
Class_Balanced,icmp.checksum,0.2819287,11,2,1
Class_Balanced,icmp.seq_le,0.35910806,9,2,1
Class_Balanced,icmp.transmit_timestamp,0.0061160005,28,2,1
Class_Balanced,mqtt.conack.flags,0.42050323,6,2,1
Class_Balanced,mqtt.conflag.cleansess,0.0,32,2,1
Class_Balanced,mqtt.conflags,0.0,32,2,1
Class_Balanced,mqtt.hdrflags,0.0,32,2,1
Class_Balanced,mqtt.len,0.0,32,2,1
Class_Balanced,mqtt.msgtype,0.0,32,2,1
Class_Balanced,mqtt.proto_len,0.0,32,2,1
Class_Balanced,mqtt.protoname,0.074559055,18,2,1
Class_Balanced,mqtt.topic,0.017945794,25,2,1
Class_Balanced,mqtt.topic_len,0.0,32,2,1
Class_Balanced,mqtt.ver,0.0,32,2,1
Class_Balanced,tcp.ack,0.8458751,3,2,1
Class_Balanced,tcp.ack_raw,0.19322194,14,2,1
Class_Balanced,tcp.checksum,0.11005155,16,2,1
Class_Balanced,tcp.connection.fin,0.028684802,23,2,1
Class_Balanced,tcp.connection.rst,0.112544015,15,2,1
Class_Balanced,tcp.connection.syn,0.09362499,17,2,1
Class_Balanced,tcp.connection.synack,0.015973942,26,2,1
Class_Balanced,tcp.dstport,0.866994,1,2,1
Class_Balanced,tcp.flags,0.24013925,13,2,1
Class_Balanced,tcp.flags.ack,0.0069126743,27,2,1
Class_Balanced,tcp.len,0.6969234,5,2,1
Class_Balanced,tcp.seq,0.2771722,12,2,1
Class_Balanced,tcp.srcport,0.85376173,2,2,1
Class_Balanced,udp.port,0.06733911,19,2,1
Class_Balanced,udp.stream,0.41572127,7,2,1
Class_Balanced,udp.time_delta,0.043688823,22,2,1
Minority_Diagnostic,arp.hw.size,0.01026896,19,2,1
Minority_Diagnostic,arp.opcode,0.024700783,14,2,1
Minority_Diagnostic,dns.qry.name,0.0021451386,24,2,1
Minority_Diagnostic,dns.qry.name.len,0.01701101,16,2,1
Minority_Diagnostic,dns.qry.qu,0.0,26,2,1
Minority_Diagnostic,dns.retransmission,0.0,26,2,1
Minority_Diagnostic,dns.retransmit_request,0.0,26,2,1
Minority_Diagnostic,http.content_length,0.0,26,2,1
Minority_Diagnostic,http.referer,0.0038735312,22,2,1
Minority_Diagnostic,http.request.method,0.21328819,10,2,1
Minority_Diagnostic,http.request.version,0.34295225,7,2,1
Minority_Diagnostic,http.response,0.0,26,2,1
Minority_Diagnostic,icmp.checksum,0.5440606,4,2,1
Minority_Diagnostic,icmp.seq_le,0.50602686,5,2,1
Minority_Diagnostic,icmp.transmit_timestamp,0.045152273,11,2,1
Minority_Diagnostic,mqtt.conack.flags,0.0064847562,21,2,1
Minority_Diagnostic,mqtt.conflag.cleansess,0.0,26,2,1
Minority_Diagnostic,mqtt.conflags,0.0,26,2,1
Minority_Diagnostic,mqtt.hdrflags,0.0,26,2,1
Minority_Diagnostic,mqtt.len,0.0,26,2,1
Minority_Diagnostic,mqtt.msgtype,0.0,26,2,1
Minority_Diagnostic,mqtt.proto_len,0.0,26,2,1
Minority_Diagnostic,mqtt.protoname,7.710396e-05,25,2,1
Minority_Diagnostic,mqtt.topic,0.0,26,2,1
Minority_Diagnostic,mqtt.topic_len,0.0,26,2,1
Minority_Diagnostic,mqtt.ver,0.0,26,2,1
Minority_Diagnostic,tcp.ack,0.039532766,13,2,1
Minority_Diagnostic,tcp.ack_raw,0.042125285,12,2,1
Minority_Diagnostic,tcp.checksum,0.014502648,17,2,1
Minority_Diagnostic,tcp.connection.fin,0.0,26,2,1
Minority_Diagnostic,tcp.connection.rst,0.0115265725,18,2,1
Minority_Diagnostic,tcp.connection.syn,0.019561931,15,2,1
Minority_Diagnostic,tcp.connection.synack,0.0,26,2,1
Minority_Diagnostic,tcp.dstport,0.71221614,3,2,1
Minority_Diagnostic,tcp.flags,0.2579996,9,2,1
Minority_Diagnostic,tcp.flags.ack,0.0,26,2,1
Minority_Diagnostic,tcp.len,3.6134026,1,2,1
Minority_Diagnostic,tcp.seq,0.0032815065,23,2,1
Minority_Diagnostic,tcp.srcport,1.3732486,2,2,1
Minority_Diagnostic,udp.port,0.5047616,6,2,1
Minority_Diagnostic,udp.stream,0.007487612,20,2,1
Minority_Diagnostic,udp.time_delta,0.327633,8,2,1
Natural_Global,arp.hw.size,0.008721478,25,2,2
Natural_Global,arp.opcode,0.036584917,19,2,2
Natural_Global,dns.qry.name,0.024064025,20,2,2
Natural_Global,dns.qry.name.len,0.0,31,2,2
Natural_Global,dns.qry.qu,0.0,31,2,2
Natural_Global,dns.retransmission,0.0,31,2,2
Natural_Global,dns.retransmit_request,0.0,31,2,2
Natural_Global,http.content_length,0.016759625,22,2,2
Natural_Global,http.referer,1.1373656,1,2,2
Natural_Global,http.request.method,0.7196667,3,2,2
Natural_Global,http.request.version,0.58080006,4,2,2
Natural_Global,http.response,0.0010484534,28,2,2
Natural_Global,icmp.checksum,0.39553702,7,2,2
Natural_Global,icmp.seq_le,0.22306459,10,2,2
Natural_Global,icmp.transmit_timestamp,0.00061121286,29,2,2
Natural_Global,mqtt.conack.flags,0.39298788,8,2,2
Natural_Global,mqtt.conflag.cleansess,0.0,31,2,2
Natural_Global,mqtt.conflags,0.0,31,2,2
Natural_Global,mqtt.hdrflags,0.0,31,2,2
Natural_Global,mqtt.len,0.0,31,2,2
Natural_Global,mqtt.msgtype,0.0,31,2,2
Natural_Global,mqtt.proto_len,0.0,31,2,2
Natural_Global,mqtt.protoname,0.098423466,16,2,2
Natural_Global,mqtt.topic,0.022585878,21,2,2
Natural_Global,mqtt.topic_len,0.0,31,2,2
Natural_Global,mqtt.ver,0.0,31,2,2
Natural_Global,tcp.ack,0.48471376,6,2,2
Natural_Global,tcp.ack_raw,0.15094246,12,2,2
Natural_Global,tcp.checksum,0.1106016,15,2,2
Natural_Global,tcp.connection.fin,0.010054024,24,2,2
Natural_Global,tcp.connection.rst,0.05560342,18,2,2
Natural_Global,tcp.connection.syn,0.06402119,17,2,2
Natural_Global,tcp.connection.synack,0.011606851,23,2,2
Natural_Global,tcp.dstport,0.5520053,5,2,2
Natural_Global,tcp.flags,0.19023485,11,2,2
Natural_Global,tcp.flags.ack,0.005986626,26,2,2
Natural_Global,tcp.len,0.13215908,13,2,2
Natural_Global,tcp.seq,0.12494615,14,2,2
Natural_Global,tcp.srcport,0.8878814,2,2,2
Natural_Global,udp.port,0.0005670396,30,2,2
Natural_Global,udp.stream,0.2869857,9,2,2
Natural_Global,udp.time_delta,0.0017192155,27,2,2
Class_Balanced,arp.hw.size,0.0048552076,29,2,2
Class_Balanced,arp.opcode,0.022312796,23,2,2
Class_Balanced,dns.qry.name,0.044692043,21,2,2
Class_Balanced,dns.qry.name.len,0.0,31,2,2
Class_Balanced,dns.qry.qu,0.0,31,2,2
Class_Balanced,dns.retransmission,0.0,31,2,2
Class_Balanced,dns.retransmit_request,0.0,31,2,2
Class_Balanced,http.content_length,0.06985884,20,2,2
Class_Balanced,http.referer,0.73687845,4,2,2
Class_Balanced,http.request.method,0.40636972,8,2,2
Class_Balanced,http.request.version,0.3175886,10,2,2
Class_Balanced,http.response,0.001329005,30,2,2
Class_Balanced,icmp.checksum,0.28647393,11,2,2
Class_Balanced,icmp.seq_le,0.4089226,7,2,2
Class_Balanced,icmp.transmit_timestamp,0.0053971517,28,2,2
Class_Balanced,mqtt.conack.flags,0.36506125,9,2,2
Class_Balanced,mqtt.conflag.cleansess,0.0,31,2,2
Class_Balanced,mqtt.conflags,0.0,31,2,2
Class_Balanced,mqtt.hdrflags,0.0,31,2,2
Class_Balanced,mqtt.len,0.0,31,2,2
Class_Balanced,mqtt.msgtype,0.0,31,2,2
Class_Balanced,mqtt.proto_len,0.0,31,2,2
Class_Balanced,mqtt.protoname,0.13043027,16,2,2
Class_Balanced,mqtt.topic,0.020813094,24,2,2
Class_Balanced,mqtt.topic_len,0.0,31,2,2
Class_Balanced,mqtt.ver,0.0,31,2,2
Class_Balanced,tcp.ack,0.8844184,1,2,2
Class_Balanced,tcp.ack_raw,0.20461835,14,2,2
Class_Balanced,tcp.checksum,0.10752975,18,2,2
Class_Balanced,tcp.connection.fin,0.026888486,22,2,2
Class_Balanced,tcp.connection.rst,0.117696755,17,2,2
Class_Balanced,tcp.connection.syn,0.13065316,15,2,2
Class_Balanced,tcp.connection.synack,0.017087676,25,2,2
Class_Balanced,tcp.dstport,0.86684775,2,2,2
Class_Balanced,tcp.flags,0.23039557,13,2,2
Class_Balanced,tcp.flags.ack,0.0077952733,27,2,2
Class_Balanced,tcp.len,0.65192705,5,2,2
Class_Balanced,tcp.seq,0.24463083,12,2,2
Class_Balanced,tcp.srcport,0.8354724,3,2,2
Class_Balanced,udp.port,0.0147983385,26,2,2
Class_Balanced,udp.stream,0.42723915,6,2,2
Class_Balanced,udp.time_delta,0.083293214,19,2,2
Minority_Diagnostic,arp.hw.size,0.009751232,20,2,2
Minority_Diagnostic,arp.opcode,0.03290253,15,2,2
Minority_Diagnostic,dns.qry.name,0.0022398175,23,2,2
Minority_Diagnostic,dns.qry.name.len,0.0,24,2,2
Minority_Diagnostic,dns.qry.qu,0.0,24,2,2
Minority_Diagnostic,dns.retransmission,0.0,24,2,2
Minority_Diagnostic,dns.retransmit_request,0.0,24,2,2
Minority_Diagnostic,http.content_length,0.0,24,2,2
Minority_Diagnostic,http.referer,0.005994168,22,2,2
Minority_Diagnostic,http.request.method,0.23558599,9,2,2
Minority_Diagnostic,http.request.version,0.45748693,7,2,2
Minority_Diagnostic,http.response,0.0,24,2,2
Minority_Diagnostic,icmp.checksum,0.74556684,3,2,2
Minority_Diagnostic,icmp.seq_le,0.57688606,5,2,2
Minority_Diagnostic,icmp.transmit_timestamp,0.038811807,12,2,2
Minority_Diagnostic,mqtt.conack.flags,0.0068468517,21,2,2
Minority_Diagnostic,mqtt.conflag.cleansess,0.0,24,2,2
Minority_Diagnostic,mqtt.conflags,0.0,24,2,2
Minority_Diagnostic,mqtt.hdrflags,0.0,24,2,2
Minority_Diagnostic,mqtt.len,0.0,24,2,2
Minority_Diagnostic,mqtt.msgtype,0.0,24,2,2
Minority_Diagnostic,mqtt.proto_len,0.0,24,2,2
Minority_Diagnostic,mqtt.protoname,0.0,24,2,2
Minority_Diagnostic,mqtt.topic,0.0,24,2,2
Minority_Diagnostic,mqtt.topic_len,0.0,24,2,2
Minority_Diagnostic,mqtt.ver,0.0,24,2,2
Minority_Diagnostic,tcp.ack,0.03648521,14,2,2
Minority_Diagnostic,tcp.ack_raw,0.03898282,11,2,2
Minority_Diagnostic,tcp.checksum,0.02314049,16,2,2
Minority_Diagnostic,tcp.connection.fin,0.0,24,2,2
Minority_Diagnostic,tcp.connection.rst,0.016418489,17,2,2
Minority_Diagnostic,tcp.connection.syn,0.038223255,13,2,2
Minority_Diagnostic,tcp.connection.synack,0.0,24,2,2
Minority_Diagnostic,tcp.dstport,0.55332345,6,2,2
Minority_Diagnostic,tcp.flags,0.28571737,8,2,2
Minority_Diagnostic,tcp.flags.ack,0.0,24,2,2
Minority_Diagnostic,tcp.len,3.2474716,1,2,2
Minority_Diagnostic,tcp.seq,0.010858815,19,2,2
Minority_Diagnostic,tcp.srcport,1.4321858,2,2,2
Minority_Diagnostic,udp.port,0.11080486,10,2,2
Minority_Diagnostic,udp.stream,0.0139355,18,2,2
Minority_Diagnostic,udp.time_delta,0.62465256,4,2,2
Natural_Global,arp.hw.size,0.0055932975,25,2,3
Natural_Global,arp.opcode,0.04989718,19,2,3
Natural_Global,dns.qry.name,0.028364,20,2,3
Natural_Global,dns.qry.name.len,9.4430194e-05,31,2,3
Natural_Global,dns.qry.qu,0.0,32,2,3
Natural_Global,dns.retransmission,0.0,32,2,3
Natural_Global,dns.retransmit_request,0.0,32,2,3
Natural_Global,http.content_length,0.016177392,21,2,3
Natural_Global,http.referer,1.1346178,1,2,3
Natural_Global,http.request.method,0.72831655,3,2,3
Natural_Global,http.request.version,0.536728,5,2,3
Natural_Global,http.response,0.0015974721,27,2,3
Natural_Global,icmp.checksum,0.3285377,8,2,3
Natural_Global,icmp.seq_le,0.20237736,10,2,3
Natural_Global,icmp.transmit_timestamp,0.00076517335,30,2,3
Natural_Global,mqtt.conack.flags,0.43301135,7,2,3
Natural_Global,mqtt.conflag.cleansess,0.0,32,2,3
Natural_Global,mqtt.conflags,0.0,32,2,3
Natural_Global,mqtt.hdrflags,0.0,32,2,3
Natural_Global,mqtt.len,0.0,32,2,3
Natural_Global,mqtt.msgtype,0.0,32,2,3
Natural_Global,mqtt.proto_len,0.0,32,2,3
Natural_Global,mqtt.protoname,0.07347819,16,2,3
Natural_Global,mqtt.topic,0.012528978,22,2,3
Natural_Global,mqtt.topic_len,0.0,32,2,3
Natural_Global,mqtt.ver,0.0,32,2,3
Natural_Global,tcp.ack,0.4791326,6,2,3
Natural_Global,tcp.ack_raw,0.12965824,14,2,3
Natural_Global,tcp.checksum,0.11251355,15,2,3
Natural_Global,tcp.connection.fin,0.011066785,23,2,3
Natural_Global,tcp.connection.rst,0.052046396,18,2,3
Natural_Global,tcp.connection.syn,0.0543514,17,2,3
Natural_Global,tcp.connection.synack,0.008305981,24,2,3
Natural_Global,tcp.dstport,0.57177466,4,2,3
Natural_Global,tcp.flags,0.17769238,11,2,3
Natural_Global,tcp.flags.ack,0.0053324373,26,2,3
Natural_Global,tcp.len,0.13209367,13,2,3
Natural_Global,tcp.seq,0.14162624,12,2,3
Natural_Global,tcp.srcport,0.9189761,2,2,3
Natural_Global,udp.port,0.0015965882,28,2,3
Natural_Global,udp.stream,0.29202098,9,2,3
Natural_Global,udp.time_delta,0.0009687431,29,2,3
Class_Balanced,arp.hw.size,0.0055208886,30,2,3
Class_Balanced,arp.opcode,0.028952273,22,2,3
Class_Balanced,dns.qry.name,0.053900372,20,2,3
Class_Balanced,dns.qry.name.len,0.009305948,28,2,3
Class_Balanced,dns.qry.qu,0.0,32,2,3
Class_Balanced,dns.retransmission,0.0,32,2,3
Class_Balanced,dns.retransmit_request,0.0,32,2,3
Class_Balanced,http.content_length,0.0575827,19,2,3
Class_Balanced,http.referer,0.7528349,4,2,3
Class_Balanced,http.request.method,0.40902403,8,2,3
Class_Balanced,http.request.version,0.27886015,11,2,3
Class_Balanced,http.response,0.0013611766,31,2,3
Class_Balanced,icmp.checksum,0.28570598,10,2,3
Class_Balanced,icmp.seq_le,0.3558521,9,2,3
Class_Balanced,icmp.transmit_timestamp,0.0127894785,25,2,3
Class_Balanced,mqtt.conack.flags,0.4292975,6,2,3
Class_Balanced,mqtt.conflag.cleansess,0.0,32,2,3
Class_Balanced,mqtt.conflags,0.0,32,2,3
Class_Balanced,mqtt.hdrflags,0.0,32,2,3
Class_Balanced,mqtt.len,0.0,32,2,3
Class_Balanced,mqtt.msgtype,0.0,32,2,3
Class_Balanced,mqtt.proto_len,0.0,32,2,3
Class_Balanced,mqtt.protoname,0.07083652,18,2,3
Class_Balanced,mqtt.topic,0.012729765,26,2,3
Class_Balanced,mqtt.topic_len,0.0,32,2,3
Class_Balanced,mqtt.ver,0.0,32,2,3
Class_Balanced,tcp.ack,0.82863706,3,2,3
Class_Balanced,tcp.ack_raw,0.191708,14,2,3
Class_Balanced,tcp.checksum,0.11466799,16,2,3
Class_Balanced,tcp.connection.fin,0.025360825,24,2,3
Class_Balanced,tcp.connection.rst,0.116470575,15,2,3
Class_Balanced,tcp.connection.syn,0.10607572,17,2,3
Class_Balanced,tcp.connection.synack,0.012411073,27,2,3
Class_Balanced,tcp.dstport,0.93593603,1,2,3
Class_Balanced,tcp.flags,0.2076041,13,2,3
Class_Balanced,tcp.flags.ack,0.0057313195,29,2,3
Class_Balanced,tcp.len,0.6956808,5,2,3
Class_Balanced,tcp.seq,0.2746114,12,2,3
Class_Balanced,tcp.srcport,0.8663018,2,2,3
Class_Balanced,udp.port,0.044254515,21,2,3
Class_Balanced,udp.stream,0.4165607,7,2,3
Class_Balanced,udp.time_delta,0.02735328,23,2,3
Minority_Diagnostic,arp.hw.size,0.0046103196,22,2,3
Minority_Diagnostic,arp.opcode,0.05412855,13,2,3
Minority_Diagnostic,dns.qry.name,0.001940693,24,2,3
Minority_Diagnostic,dns.qry.name.len,0.06979461,12,2,3
Minority_Diagnostic,dns.qry.qu,0.0,25,2,3
Minority_Diagnostic,dns.retransmission,0.0,25,2,3
Minority_Diagnostic,dns.retransmit_request,0.0,25,2,3
Minority_Diagnostic,http.content_length,0.0,25,2,3
Minority_Diagnostic,http.referer,0.017531916,19,2,3
Minority_Diagnostic,http.request.method,0.22350246,9,2,3
Minority_Diagnostic,http.request.version,0.43326068,6,2,3
Minority_Diagnostic,http.response,0.0,25,2,3
Minority_Diagnostic,icmp.checksum,0.5798863,4,2,3
Minority_Diagnostic,icmp.seq_le,0.44348064,5,2,3
Minority_Diagnostic,icmp.transmit_timestamp,0.09522413,11,2,3
Minority_Diagnostic,mqtt.conack.flags,0.0030198104,23,2,3
Minority_Diagnostic,mqtt.conflag.cleansess,0.0,25,2,3
Minority_Diagnostic,mqtt.conflags,0.0,25,2,3
Minority_Diagnostic,mqtt.hdrflags,0.0,25,2,3
Minority_Diagnostic,mqtt.len,0.0,25,2,3
Minority_Diagnostic,mqtt.msgtype,0.0,25,2,3
Minority_Diagnostic,mqtt.proto_len,0.0,25,2,3
Minority_Diagnostic,mqtt.protoname,0.0,25,2,3
Minority_Diagnostic,mqtt.topic,0.0,25,2,3
Minority_Diagnostic,mqtt.topic_len,0.0,25,2,3
Minority_Diagnostic,mqtt.ver,0.0,25,2,3
Minority_Diagnostic,tcp.ack,0.017939879,18,2,3
Minority_Diagnostic,tcp.ack_raw,0.02582256,15,2,3
Minority_Diagnostic,tcp.checksum,0.03725921,14,2,3
Minority_Diagnostic,tcp.connection.fin,0.0,25,2,3
Minority_Diagnostic,tcp.connection.rst,0.02116486,17,2,3
Minority_Diagnostic,tcp.connection.syn,0.013690791,20,2,3
Minority_Diagnostic,tcp.connection.synack,0.0,25,2,3
Minority_Diagnostic,tcp.dstport,0.68408024,3,2,3
Minority_Diagnostic,tcp.flags,0.3071035,8,2,3
Minority_Diagnostic,tcp.flags.ack,0.0,25,2,3
Minority_Diagnostic,tcp.len,3.671322,1,2,3
Minority_Diagnostic,tcp.seq,0.008065399,21,2,3
Minority_Diagnostic,tcp.srcport,1.4233882,2,2,3
Minority_Diagnostic,udp.port,0.3271216,7,2,3
Minority_Diagnostic,udp.stream,0.024545243,16,2,3
Minority_Diagnostic,udp.time_delta,0.2048252,10,2,3
Natural_Global,arp.hw.size,0.0063077332,26,2,4
Natural_Global,arp.opcode,0.037311476,20,2,4
Natural_Global,dns.qry.name,0.03902055,19,2,4
Natural_Global,dns.qry.name.len,0.0,31,2,4
Natural_Global,dns.qry.qu,0.0,31,2,4
Natural_Global,dns.retransmission,0.0,31,2,4
Natural_Global,dns.retransmit_request,0.0,31,2,4
Natural_Global,http.content_length,0.01378315,21,2,4
Natural_Global,http.referer,1.1257383,1,2,4
Natural_Global,http.request.method,0.7536887,3,2,4
Natural_Global,http.request.version,0.5276173,5,2,4
Natural_Global,http.response,0.00089236046,28,2,4
Natural_Global,icmp.checksum,0.3520768,8,2,4
Natural_Global,icmp.seq_le,0.18044078,10,2,4
Natural_Global,icmp.transmit_timestamp,0.00054526137,29,2,4
Natural_Global,mqtt.conack.flags,0.41087234,7,2,4
Natural_Global,mqtt.conflag.cleansess,0.0,31,2,4
Natural_Global,mqtt.conflags,0.0,31,2,4
Natural_Global,mqtt.hdrflags,0.0,31,2,4
Natural_Global,mqtt.len,0.0,31,2,4
Natural_Global,mqtt.msgtype,0.0,31,2,4
Natural_Global,mqtt.proto_len,0.0,31,2,4
Natural_Global,mqtt.protoname,0.102810524,15,2,4
Natural_Global,mqtt.topic,0.00768552,24,2,4
Natural_Global,mqtt.topic_len,0.0,31,2,4
Natural_Global,mqtt.ver,0.0,31,2,4
Natural_Global,tcp.ack,0.48637903,6,2,4
Natural_Global,tcp.ack_raw,0.14809792,11,2,4
Natural_Global,tcp.checksum,0.108127385,14,2,4
Natural_Global,tcp.connection.fin,0.010577336,23,2,4
Natural_Global,tcp.connection.rst,0.05690946,17,2,4
Natural_Global,tcp.connection.syn,0.051585335,18,2,4
Natural_Global,tcp.connection.synack,0.010973109,22,2,4
Natural_Global,tcp.dstport,0.62012935,4,2,4
Natural_Global,tcp.flags,0.09582325,16,2,4
Natural_Global,tcp.flags.ack,0.0072027515,25,2,4
Natural_Global,tcp.len,0.13869394,12,2,4
Natural_Global,tcp.seq,0.13664022,13,2,4
Natural_Global,tcp.srcport,0.87117594,2,2,4
Natural_Global,udp.port,0.00045299286,30,2,4
Natural_Global,udp.stream,0.33595583,9,2,4
Natural_Global,udp.time_delta,0.0010797173,27,2,4
Class_Balanced,arp.hw.size,0.0041173687,29,2,4
Class_Balanced,arp.opcode,0.024372209,23,2,4
Class_Balanced,dns.qry.name,0.0656664,19,2,4
Class_Balanced,dns.qry.name.len,0.0,31,2,4
Class_Balanced,dns.qry.qu,0.0,31,2,4
Class_Balanced,dns.retransmission,0.0,31,2,4
Class_Balanced,dns.retransmit_request,0.0,31,2,4
Class_Balanced,http.content_length,0.044577762,21,2,4
Class_Balanced,http.referer,0.7233175,4,2,4
Class_Balanced,http.request.method,0.4229328,7,2,4
Class_Balanced,http.request.version,0.28516173,10,2,4
Class_Balanced,http.response,0.0012039349,30,2,4
Class_Balanced,icmp.checksum,0.28133017,11,2,4
Class_Balanced,icmp.seq_le,0.35289758,9,2,4
Class_Balanced,icmp.transmit_timestamp,0.007965302,28,2,4
Class_Balanced,mqtt.conack.flags,0.41911104,8,2,4
Class_Balanced,mqtt.conflag.cleansess,0.0,31,2,4
Class_Balanced,mqtt.conflags,0.0,31,2,4
Class_Balanced,mqtt.hdrflags,0.0,31,2,4
Class_Balanced,mqtt.len,0.0,31,2,4
Class_Balanced,mqtt.msgtype,0.0,31,2,4
Class_Balanced,mqtt.proto_len,0.0,31,2,4
Class_Balanced,mqtt.protoname,0.088751905,18,2,4
Class_Balanced,mqtt.topic,0.009324735,27,2,4
Class_Balanced,mqtt.topic_len,0.0,31,2,4
Class_Balanced,mqtt.ver,0.0,31,2,4
Class_Balanced,tcp.ack,0.7780518,3,2,4
Class_Balanced,tcp.ack_raw,0.21040568,13,2,4
Class_Balanced,tcp.checksum,0.1096541,17,2,4
Class_Balanced,tcp.connection.fin,0.023193805,24,2,4
Class_Balanced,tcp.connection.rst,0.12935965,15,2,4
Class_Balanced,tcp.connection.syn,0.11482973,16,2,4
Class_Balanced,tcp.connection.synack,0.016872337,25,2,4
Class_Balanced,tcp.dstport,0.9235821,1,2,4
Class_Balanced,tcp.flags,0.14190227,14,2,4
Class_Balanced,tcp.flags.ack,0.010437683,26,2,4
Class_Balanced,tcp.len,0.67018646,5,2,4
Class_Balanced,tcp.seq,0.2769167,12,2,4
Class_Balanced,tcp.srcport,0.8305651,2,2,4
Class_Balanced,udp.port,0.05121537,20,2,4
Class_Balanced,udp.stream,0.48977652,6,2,4
Class_Balanced,udp.time_delta,0.032934107,22,2,4
Minority_Diagnostic,arp.hw.size,0.0048594787,21,2,4
Minority_Diagnostic,arp.opcode,0.021752102,14,2,4
Minority_Diagnostic,dns.qry.name,0.002220085,22,2,4
Minority_Diagnostic,dns.qry.name.len,0.0,25,2,4
Minority_Diagnostic,dns.qry.qu,0.0,25,2,4
Minority_Diagnostic,dns.retransmission,0.0,25,2,4
Minority_Diagnostic,dns.retransmit_request,0.0,25,2,4
Minority_Diagnostic,http.content_length,0.0,25,2,4
Minority_Diagnostic,http.referer,0.009703606,20,2,4
Minority_Diagnostic,http.request.method,0.20662975,9,2,4
Minority_Diagnostic,http.request.version,0.39175284,6,2,4
Minority_Diagnostic,http.response,0.0,25,2,4
Minority_Diagnostic,icmp.checksum,0.5333231,4,2,4
Minority_Diagnostic,icmp.seq_le,0.43615758,5,2,4
Minority_Diagnostic,icmp.transmit_timestamp,0.05933415,11,2,4
Minority_Diagnostic,mqtt.conack.flags,0.0013790319,23,2,4
Minority_Diagnostic,mqtt.conflag.cleansess,0.0,25,2,4
Minority_Diagnostic,mqtt.conflags,0.0,25,2,4
Minority_Diagnostic,mqtt.hdrflags,0.0,25,2,4
Minority_Diagnostic,mqtt.len,0.0,25,2,4
Minority_Diagnostic,mqtt.msgtype,0.0,25,2,4
Minority_Diagnostic,mqtt.proto_len,0.0,25,2,4
Minority_Diagnostic,mqtt.protoname,5.24783e-05,24,2,4
Minority_Diagnostic,mqtt.topic,0.0,25,2,4
Minority_Diagnostic,mqtt.topic_len,0.0,25,2,4
Minority_Diagnostic,mqtt.ver,0.0,25,2,4
Minority_Diagnostic,tcp.ack,0.021699341,15,2,4
Minority_Diagnostic,tcp.ack_raw,0.045958493,12,2,4
Minority_Diagnostic,tcp.checksum,0.021299478,16,2,4
Minority_Diagnostic,tcp.connection.fin,0.0,25,2,4
Minority_Diagnostic,tcp.connection.rst,0.015805256,18,2,4
Minority_Diagnostic,tcp.connection.syn,0.019175787,17,2,4
Minority_Diagnostic,tcp.connection.synack,0.0,25,2,4
Minority_Diagnostic,tcp.dstport,0.8137141,3,2,4
Minority_Diagnostic,tcp.flags,0.06277921,10,2,4
Minority_Diagnostic,tcp.flags.ack,0.0,25,2,4
Minority_Diagnostic,tcp.len,3.5526772,1,2,4
Minority_Diagnostic,tcp.seq,0.009956041,19,2,4
Minority_Diagnostic,tcp.srcport,1.5339612,2,2,4
Minority_Diagnostic,udp.port,0.38400346,7,2,4
Minority_Diagnostic,udp.stream,0.027164407,13,2,4
Minority_Diagnostic,udp.time_delta,0.24684547,8,2,4
Natural_Global,arp.hw.size,0.0068142535,25,2,5
Natural_Global,arp.opcode,0.03748621,19,2,5
Natural_Global,dns.qry.name,0.02582589,20,2,5
Natural_Global,dns.qry.name.len,0.00011527707,31,2,5
Natural_Global,dns.qry.qu,0.0,32,2,5
Natural_Global,dns.retransmission,0.0,32,2,5
Natural_Global,dns.retransmit_request,0.0,32,2,5
Natural_Global,http.content_length,0.016171757,22,2,5
Natural_Global,http.referer,1.1361638,1,2,5
Natural_Global,http.request.method,0.69746,3,2,5
Natural_Global,http.request.version,0.60181075,4,2,5
Natural_Global,http.response,0.0012809907,28,2,5
Natural_Global,icmp.checksum,0.3389481,8,2,5
Natural_Global,icmp.seq_le,0.21619841,10,2,5
Natural_Global,icmp.transmit_timestamp,0.00046062202,30,2,5
Natural_Global,mqtt.conack.flags,0.42086795,7,2,5
Natural_Global,mqtt.conflag.cleansess,0.0,32,2,5
Natural_Global,mqtt.conflags,0.0,32,2,5
Natural_Global,mqtt.hdrflags,0.0,32,2,5
Natural_Global,mqtt.len,0.0,32,2,5
Natural_Global,mqtt.msgtype,0.0,32,2,5
Natural_Global,mqtt.proto_len,0.0,32,2,5
Natural_Global,mqtt.protoname,0.073027104,16,2,5
Natural_Global,mqtt.topic,0.018193796,21,2,5
Natural_Global,mqtt.topic_len,0.0,32,2,5
Natural_Global,mqtt.ver,0.0,32,2,5
Natural_Global,tcp.ack,0.46572343,6,2,5
Natural_Global,tcp.ack_raw,0.13622224,13,2,5
Natural_Global,tcp.checksum,0.120669596,15,2,5
Natural_Global,tcp.connection.fin,0.010025788,23,2,5
Natural_Global,tcp.connection.rst,0.051917378,18,2,5
Natural_Global,tcp.connection.syn,0.053975932,17,2,5
Natural_Global,tcp.connection.synack,0.008791419,24,2,5
Natural_Global,tcp.dstport,0.5594838,5,2,5
Natural_Global,tcp.flags,0.19705497,11,2,5
Natural_Global,tcp.flags.ack,0.0038248356,26,2,5
Natural_Global,tcp.len,0.12889256,14,2,5
Natural_Global,tcp.seq,0.13952279,12,2,5
Natural_Global,tcp.srcport,0.90517306,2,2,5
Natural_Global,udp.port,0.0006979374,29,2,5
Natural_Global,udp.stream,0.28355733,9,2,5
Natural_Global,udp.time_delta,0.0018126759,27,2,5
Class_Balanced,arp.hw.size,0.004393297,29,2,5
Class_Balanced,arp.opcode,0.024763392,22,2,5
Class_Balanced,dns.qry.name,0.053649537,20,2,5
Class_Balanced,dns.qry.name.len,0.002248789,30,2,5
Class_Balanced,dns.qry.qu,0.0,32,2,5
Class_Balanced,dns.retransmission,0.0,32,2,5
Class_Balanced,dns.retransmit_request,0.0,32,2,5
Class_Balanced,http.content_length,0.048767015,21,2,5
Class_Balanced,http.referer,0.7454807,4,2,5
Class_Balanced,http.request.method,0.38180625,8,2,5
Class_Balanced,http.request.version,0.33862358,10,2,5
Class_Balanced,http.response,0.0008173405,31,2,5
Class_Balanced,icmp.checksum,0.28884876,11,2,5
Class_Balanced,icmp.seq_le,0.35918224,9,2,5
Class_Balanced,icmp.transmit_timestamp,0.011489144,27,2,5
Class_Balanced,mqtt.conack.flags,0.42649704,6,2,5
Class_Balanced,mqtt.conflag.cleansess,0.0,32,2,5
Class_Balanced,mqtt.conflags,0.0,32,2,5
Class_Balanced,mqtt.hdrflags,0.0,32,2,5
Class_Balanced,mqtt.len,0.0,32,2,5
Class_Balanced,mqtt.msgtype,0.0,32,2,5
Class_Balanced,mqtt.proto_len,0.0,32,2,5
Class_Balanced,mqtt.protoname,0.06616329,18,2,5
Class_Balanced,mqtt.topic,0.022424236,25,2,5
Class_Balanced,mqtt.topic_len,0.0,32,2,5
Class_Balanced,mqtt.ver,0.0,32,2,5
Class_Balanced,tcp.ack,0.82559544,3,2,5
Class_Balanced,tcp.ack_raw,0.196066,14,2,5
Class_Balanced,tcp.checksum,0.12344715,15,2,5
Class_Balanced,tcp.connection.fin,0.023725389,24,2,5
Class_Balanced,tcp.connection.rst,0.10621367,16,2,5
Class_Balanced,tcp.connection.syn,0.09698474,17,2,5
Class_Balanced,tcp.connection.synack,0.013428925,26,2,5
Class_Balanced,tcp.dstport,0.8737622,1,2,5
Class_Balanced,tcp.flags,0.24760407,13,2,5
Class_Balanced,tcp.flags.ack,0.004958845,28,2,5
Class_Balanced,tcp.len,0.62654525,5,2,5
Class_Balanced,tcp.seq,0.26410887,12,2,5
Class_Balanced,tcp.srcport,0.86230594,2,2,5
Class_Balanced,udp.port,0.024717188,23,2,5
Class_Balanced,udp.stream,0.4203731,7,2,5
Class_Balanced,udp.time_delta,0.06401646,19,2,5
Minority_Diagnostic,arp.hw.size,0.0046235174,22,2,5
Minority_Diagnostic,arp.opcode,0.027796378,14,2,5
Minority_Diagnostic,dns.qry.name,0.0014208764,24,2,5
Minority_Diagnostic,dns.qry.name.len,0.016865917,17,2,5
Minority_Diagnostic,dns.qry.qu,0.0,25,2,5
Minority_Diagnostic,dns.retransmission,0.0,25,2,5
Minority_Diagnostic,dns.retransmit_request,0.0,25,2,5
Minority_Diagnostic,http.content_length,0.0,25,2,5
Minority_Diagnostic,http.referer,0.0136922905,18,2,5
Minority_Diagnostic,http.request.method,0.2687737,9,2,5
Minority_Diagnostic,http.request.version,0.5064572,5,2,5
Minority_Diagnostic,http.response,0.0,25,2,5
Minority_Diagnostic,icmp.checksum,0.61610264,3,2,5
Minority_Diagnostic,icmp.seq_le,0.47349957,7,2,5
Minority_Diagnostic,icmp.transmit_timestamp,0.08562993,11,2,5
Minority_Diagnostic,mqtt.conack.flags,0.004656899,21,2,5
Minority_Diagnostic,mqtt.conflag.cleansess,0.0,25,2,5
Minority_Diagnostic,mqtt.conflags,0.0,25,2,5
Minority_Diagnostic,mqtt.hdrflags,0.0,25,2,5
Minority_Diagnostic,mqtt.len,0.0,25,2,5
Minority_Diagnostic,mqtt.msgtype,0.0,25,2,5
Minority_Diagnostic,mqtt.proto_len,0.0,25,2,5
Minority_Diagnostic,mqtt.protoname,0.0,25,2,5
Minority_Diagnostic,mqtt.topic,0.0,25,2,5
Minority_Diagnostic,mqtt.topic_len,0.0,25,2,5
Minority_Diagnostic,mqtt.ver,0.0,25,2,5
Minority_Diagnostic,tcp.ack,0.041088484,12,2,5
Minority_Diagnostic,tcp.ack_raw,0.026472539,16,2,5
Minority_Diagnostic,tcp.checksum,0.027292317,15,2,5
Minority_Diagnostic,tcp.connection.fin,0.0,25,2,5
Minority_Diagnostic,tcp.connection.rst,0.013548358,19,2,5
Minority_Diagnostic,tcp.connection.syn,0.03919351,13,2,5
Minority_Diagnostic,tcp.connection.synack,0.0,25,2,5
Minority_Diagnostic,tcp.dstport,0.56315255,4,2,5
Minority_Diagnostic,tcp.flags,0.29884657,8,2,5
Minority_Diagnostic,tcp.flags.ack,0.0,25,2,5
Minority_Diagnostic,tcp.len,3.1684928,1,2,5
Minority_Diagnostic,tcp.seq,0.004171895,23,2,5
Minority_Diagnostic,tcp.srcport,1.5828946,2,2,5
Minority_Diagnostic,udp.port,0.18512999,10,2,5
Minority_Diagnostic,udp.stream,0.009737482,20,2,5
Minority_Diagnostic,udp.time_delta,0.48012346,6,2,5
Natural_Global,arp.hw.size,0.008430184,25,3,1
Natural_Global,arp.opcode,0.04214091,19,3,1
Natural_Global,dns.qry.name,0.02245569,20,3,1
Natural_Global,dns.qry.name.len,0.0,31,3,1
Natural_Global,dns.qry.qu,0.0,31,3,1
Natural_Global,dns.retransmission,0.0,31,3,1
Natural_Global,dns.retransmit_request,0.0,31,3,1
Natural_Global,http.content_length,0.01623572,22,3,1
Natural_Global,http.referer,1.1151547,1,3,1
Natural_Global,http.request.method,0.77019185,3,3,1
Natural_Global,http.request.version,0.53825945,5,3,1
Natural_Global,http.response,0.0006757086,28,3,1
Natural_Global,icmp.checksum,0.40605906,8,3,1
Natural_Global,icmp.seq_le,0.2007962,10,3,1
Natural_Global,icmp.transmit_timestamp,0.00037991686,30,3,1
Natural_Global,mqtt.conack.flags,0.43063536,7,3,1
Natural_Global,mqtt.conflag.cleansess,0.0,31,3,1
Natural_Global,mqtt.conflags,0.0,31,3,1
Natural_Global,mqtt.hdrflags,0.0,31,3,1
Natural_Global,mqtt.len,0.0,31,3,1
Natural_Global,mqtt.msgtype,0.0,31,3,1
Natural_Global,mqtt.proto_len,0.0,31,3,1
Natural_Global,mqtt.protoname,0.066127546,16,3,1
Natural_Global,mqtt.topic,0.020624315,21,3,1
Natural_Global,mqtt.topic_len,0.0,31,3,1
Natural_Global,mqtt.ver,0.0,31,3,1
Natural_Global,tcp.ack,0.4865106,6,3,1
Natural_Global,tcp.ack_raw,0.14176509,13,3,1
Natural_Global,tcp.checksum,0.093755774,15,3,1
Natural_Global,tcp.connection.fin,0.011318088,23,3,1
Natural_Global,tcp.connection.rst,0.058889177,17,3,1
Natural_Global,tcp.connection.syn,0.04944253,18,3,1
Natural_Global,tcp.connection.synack,0.009097006,24,3,1
Natural_Global,tcp.dstport,0.54809546,4,3,1
Natural_Global,tcp.flags,0.17088349,11,3,1
Natural_Global,tcp.flags.ack,0.0050127287,26,3,1
Natural_Global,tcp.len,0.12941083,14,3,1
Natural_Global,tcp.seq,0.15520495,12,3,1
Natural_Global,tcp.srcport,0.87111664,2,3,1
Natural_Global,udp.port,0.0020653757,27,3,1
Natural_Global,udp.stream,0.29638585,9,3,1
Natural_Global,udp.time_delta,0.0005469652,29,3,1
Class_Balanced,arp.hw.size,0.0047593648,29,3,1
Class_Balanced,arp.opcode,0.025256792,23,3,1
Class_Balanced,dns.qry.name,0.043930534,21,3,1
Class_Balanced,dns.qry.name.len,0.0,31,3,1
Class_Balanced,dns.qry.qu,0.0,31,3,1
Class_Balanced,dns.retransmission,0.0,31,3,1
Class_Balanced,dns.retransmit_request,0.0,31,3,1
Class_Balanced,http.content_length,0.053189438,20,3,1
Class_Balanced,http.referer,0.72620237,4,3,1
Class_Balanced,http.request.method,0.43971893,6,3,1
Class_Balanced,http.request.version,0.27295807,12,3,1
Class_Balanced,http.response,0.0011098805,30,3,1
Class_Balanced,icmp.checksum,0.27732933,11,3,1
Class_Balanced,icmp.seq_le,0.36472663,9,3,1
Class_Balanced,icmp.transmit_timestamp,0.0086280005,27,3,1
Class_Balanced,mqtt.conack.flags,0.4348072,7,3,1
Class_Balanced,mqtt.conflag.cleansess,0.0,31,3,1
Class_Balanced,mqtt.conflags,0.0,31,3,1
Class_Balanced,mqtt.hdrflags,0.0,31,3,1
Class_Balanced,mqtt.len,0.0,31,3,1
Class_Balanced,mqtt.msgtype,0.0,31,3,1
Class_Balanced,mqtt.proto_len,0.0,31,3,1
Class_Balanced,mqtt.protoname,0.05606262,19,3,1
Class_Balanced,mqtt.topic,0.025556821,22,3,1
Class_Balanced,mqtt.topic_len,0.0,31,3,1
Class_Balanced,mqtt.ver,0.0,31,3,1
Class_Balanced,tcp.ack,0.8633,2,3,1
Class_Balanced,tcp.ack_raw,0.20965512,13,3,1
Class_Balanced,tcp.checksum,0.09791031,17,3,1
Class_Balanced,tcp.connection.fin,0.021839352,24,3,1
Class_Balanced,tcp.connection.rst,0.116166905,15,3,1
Class_Balanced,tcp.connection.syn,0.10805629,16,3,1
Class_Balanced,tcp.connection.synack,0.012818601,26,3,1
Class_Balanced,tcp.dstport,0.893757,1,3,1
Class_Balanced,tcp.flags,0.20652106,14,3,1
Class_Balanced,tcp.flags.ack,0.0069322735,28,3,1
Class_Balanced,tcp.len,0.69320375,5,3,1
Class_Balanced,tcp.seq,0.30510867,10,3,1
Class_Balanced,tcp.srcport,0.8132666,3,3,1
Class_Balanced,udp.port,0.085775666,18,3,1
Class_Balanced,udp.stream,0.42523944,8,3,1
Class_Balanced,udp.time_delta,0.018847996,25,3,1
Minority_Diagnostic,arp.hw.size,0.012778479,19,3,1
Minority_Diagnostic,arp.opcode,0.06017068,12,3,1
Minority_Diagnostic,dns.qry.name,0.011887567,20,3,1
Minority_Diagnostic,dns.qry.name.len,0.0,24,3,1
Minority_Diagnostic,dns.qry.qu,0.0,24,3,1
Minority_Diagnostic,dns.retransmission,0.0,24,3,1
Minority_Diagnostic,dns.retransmit_request,0.0,24,3,1
Minority_Diagnostic,http.content_length,0.0,24,3,1
Minority_Diagnostic,http.referer,0.0033130196,22,3,1
Minority_Diagnostic,http.request.method,0.19161366,9,3,1
Minority_Diagnostic,http.request.version,0.37266913,7,3,1
Minority_Diagnostic,http.response,0.0,24,3,1
Minority_Diagnostic,icmp.checksum,0.5775206,5,3,1
Minority_Diagnostic,icmp.seq_le,0.42637283,6,3,1
Minority_Diagnostic,icmp.transmit_timestamp,0.06410719,11,3,1
Minority_Diagnostic,mqtt.conack.flags,0.0030897805,23,3,1
Minority_Diagnostic,mqtt.conflag.cleansess,0.0,24,3,1
Minority_Diagnostic,mqtt.conflags,0.0,24,3,1
Minority_Diagnostic,mqtt.hdrflags,0.0,24,3,1
Minority_Diagnostic,mqtt.len,0.0,24,3,1
Minority_Diagnostic,mqtt.msgtype,0.0,24,3,1
Minority_Diagnostic,mqtt.proto_len,0.0,24,3,1
Minority_Diagnostic,mqtt.protoname,0.0,24,3,1
Minority_Diagnostic,mqtt.topic,0.0,24,3,1
Minority_Diagnostic,mqtt.topic_len,0.0,24,3,1
Minority_Diagnostic,mqtt.ver,0.0,24,3,1
Minority_Diagnostic,tcp.ack,0.036183964,13,3,1
Minority_Diagnostic,tcp.ack_raw,0.023733485,16,3,1
Minority_Diagnostic,tcp.checksum,0.01509508,18,3,1
Minority_Diagnostic,tcp.connection.fin,0.0,24,3,1
Minority_Diagnostic,tcp.connection.rst,0.010382314,21,3,1
Minority_Diagnostic,tcp.connection.syn,0.028362397,14,3,1
Minority_Diagnostic,tcp.connection.synack,0.0,24,3,1
Minority_Diagnostic,tcp.dstport,0.7794935,3,3,1
Minority_Diagnostic,tcp.flags,0.31566006,8,3,1
Minority_Diagnostic,tcp.flags.ack,0.0,24,3,1
Minority_Diagnostic,tcp.len,3.5305588,1,3,1
Minority_Diagnostic,tcp.seq,0.024936257,15,3,1
Minority_Diagnostic,tcp.srcport,1.3083469,2,3,1
Minority_Diagnostic,udp.port,0.6428841,4,3,1
Minority_Diagnostic,udp.stream,0.017714586,17,3,1
Minority_Diagnostic,udp.time_delta,0.14135997,10,3,1
Natural_Global,arp.hw.size,0.008457703,25,3,2
Natural_Global,arp.opcode,0.042512126,19,3,2
Natural_Global,dns.qry.name,0.024935875,21,3,2
Natural_Global,dns.qry.name.len,0.0,31,3,2
Natural_Global,dns.qry.qu,0.0,31,3,2
Natural_Global,dns.retransmission,0.0,31,3,2
Natural_Global,dns.retransmit_request,0.0,31,3,2
Natural_Global,http.content_length,0.02343431,22,3,2
Natural_Global,http.referer,1.1043686,1,3,2
Natural_Global,http.request.method,0.74585843,3,3,2
Natural_Global,http.request.version,0.59709203,4,3,2
Natural_Global,http.response,0.0003660748,30,3,2
Natural_Global,icmp.checksum,0.352697,8,3,2
Natural_Global,icmp.seq_le,0.26740867,10,3,2
Natural_Global,icmp.transmit_timestamp,0.00047062256,28,3,2
Natural_Global,mqtt.conack.flags,0.41273123,7,3,2
Natural_Global,mqtt.conflag.cleansess,0.0,31,3,2
Natural_Global,mqtt.conflags,0.0,31,3,2
Natural_Global,mqtt.hdrflags,0.0,31,3,2
Natural_Global,mqtt.len,0.0,31,3,2
Natural_Global,mqtt.msgtype,0.0,31,3,2
Natural_Global,mqtt.proto_len,0.0,31,3,2
Natural_Global,mqtt.protoname,0.07076773,16,3,2
Natural_Global,mqtt.topic,0.026563602,20,3,2
Natural_Global,mqtt.topic_len,0.0,31,3,2
Natural_Global,mqtt.ver,0.0,31,3,2
Natural_Global,tcp.ack,0.4788679,6,3,2
Natural_Global,tcp.ack_raw,0.16215776,12,3,2
Natural_Global,tcp.checksum,0.09976026,15,3,2
Natural_Global,tcp.connection.fin,0.01158574,23,3,2
Natural_Global,tcp.connection.rst,0.058572374,18,3,2
Natural_Global,tcp.connection.syn,0.05890299,17,3,2
Natural_Global,tcp.connection.synack,0.009789742,24,3,2
Natural_Global,tcp.dstport,0.55367696,5,3,2
Natural_Global,tcp.flags,0.20797777,11,3,2
Natural_Global,tcp.flags.ack,0.007963828,26,3,2
Natural_Global,tcp.len,0.14175904,14,3,2
Natural_Global,tcp.seq,0.15344536,13,3,2
Natural_Global,tcp.srcport,0.873908,2,3,2
Natural_Global,udp.port,0.00044669042,29,3,2
Natural_Global,udp.stream,0.2785114,9,3,2
Natural_Global,udp.time_delta,0.0014704327,27,3,2
Class_Balanced,arp.hw.size,0.009506354,29,3,2
Class_Balanced,arp.opcode,0.025280211,24,3,2
Class_Balanced,dns.qry.name,0.03954641,21,3,2
Class_Balanced,dns.qry.name.len,0.0,31,3,2
Class_Balanced,dns.qry.qu,0.0,31,3,2
Class_Balanced,dns.retransmission,0.0,31,3,2
Class_Balanced,dns.retransmit_request,0.0,31,3,2
Class_Balanced,http.content_length,0.0730526,18,3,2
Class_Balanced,http.referer,0.7146397,4,3,2
Class_Balanced,http.request.method,0.39165667,9,3,2
Class_Balanced,http.request.version,0.318641,10,3,2
Class_Balanced,http.response,0.00062245957,30,3,2
Class_Balanced,icmp.checksum,0.24011803,13,3,2
Class_Balanced,icmp.seq_le,0.42070827,6,3,2
Class_Balanced,icmp.transmit_timestamp,0.010198664,27,3,2
Class_Balanced,mqtt.conack.flags,0.41639656,7,3,2
Class_Balanced,mqtt.conflag.cleansess,0.0,31,3,2
Class_Balanced,mqtt.conflags,0.0,31,3,2
Class_Balanced,mqtt.hdrflags,0.0,31,3,2
Class_Balanced,mqtt.len,0.0,31,3,2
Class_Balanced,mqtt.msgtype,0.0,31,3,2
Class_Balanced,mqtt.proto_len,0.0,31,3,2
Class_Balanced,mqtt.protoname,0.065891325,20,3,2
Class_Balanced,mqtt.topic,0.027323337,23,3,2
Class_Balanced,mqtt.topic_len,0.0,31,3,2
Class_Balanced,mqtt.ver,0.0,31,3,2
Class_Balanced,tcp.ack,0.8069207,2,3,2
Class_Balanced,tcp.ack_raw,0.20673881,14,3,2
Class_Balanced,tcp.checksum,0.10568506,17,3,2
Class_Balanced,tcp.connection.fin,0.024769347,25,3,2
Class_Balanced,tcp.connection.rst,0.12751679,15,3,2
Class_Balanced,tcp.connection.syn,0.113518864,16,3,2
Class_Balanced,tcp.connection.synack,0.017792124,26,3,2
Class_Balanced,tcp.dstport,0.7862484,3,3,2
Class_Balanced,tcp.flags,0.24027653,12,3,2
Class_Balanced,tcp.flags.ack,0.009700865,28,3,2
Class_Balanced,tcp.len,0.6837365,5,3,2
Class_Balanced,tcp.seq,0.30263165,11,3,2
Class_Balanced,tcp.srcport,0.9275854,1,3,2
Class_Balanced,udp.port,0.031101855,22,3,2
Class_Balanced,udp.stream,0.40771148,8,3,2
Class_Balanced,udp.time_delta,0.070185184,19,3,2
Minority_Diagnostic,arp.hw.size,0.0067651276,20,3,2
Minority_Diagnostic,arp.opcode,0.07127423,12,3,2
Minority_Diagnostic,dns.qry.name,0.00028013042,23,3,2
Minority_Diagnostic,dns.qry.name.len,0.0,24,3,2
Minority_Diagnostic,dns.qry.qu,0.0,24,3,2
Minority_Diagnostic,dns.retransmission,0.0,24,3,2
Minority_Diagnostic,dns.retransmit_request,0.0,24,3,2
Minority_Diagnostic,http.content_length,0.0,24,3,2
Minority_Diagnostic,http.referer,0.0115952855,19,3,2
Minority_Diagnostic,http.request.method,0.23838434,9,3,2
Minority_Diagnostic,http.request.version,0.40362817,7,3,2
Minority_Diagnostic,http.response,0.0,24,3,2
Minority_Diagnostic,icmp.checksum,0.63739455,3,3,2
Minority_Diagnostic,icmp.seq_le,0.5158853,6,3,2
Minority_Diagnostic,icmp.transmit_timestamp,0.07505217,11,3,2
Minority_Diagnostic,mqtt.conack.flags,0.0036703637,22,3,2
Minority_Diagnostic,mqtt.conflag.cleansess,0.0,24,3,2
Minority_Diagnostic,mqtt.conflags,0.0,24,3,2
Minority_Diagnostic,mqtt.hdrflags,0.0,24,3,2
Minority_Diagnostic,mqtt.len,0.0,24,3,2
Minority_Diagnostic,mqtt.msgtype,0.0,24,3,2
Minority_Diagnostic,mqtt.proto_len,0.0,24,3,2
Minority_Diagnostic,mqtt.protoname,0.0,24,3,2
Minority_Diagnostic,mqtt.topic,0.0,24,3,2
Minority_Diagnostic,mqtt.topic_len,0.0,24,3,2
Minority_Diagnostic,mqtt.ver,0.0,24,3,2
Minority_Diagnostic,tcp.ack,0.027809009,14,3,2
Minority_Diagnostic,tcp.ack_raw,0.047266066,13,3,2
Minority_Diagnostic,tcp.checksum,0.0062661497,21,3,2
Minority_Diagnostic,tcp.connection.fin,0.0,24,3,2
Minority_Diagnostic,tcp.connection.rst,0.016912825,15,3,2
Minority_Diagnostic,tcp.connection.syn,0.012447107,18,3,2
Minority_Diagnostic,tcp.connection.synack,0.0,24,3,2
Minority_Diagnostic,tcp.dstport,0.5354154,4,3,2
Minority_Diagnostic,tcp.flags,0.26079768,8,3,2
Minority_Diagnostic,tcp.flags.ack,0.0,24,3,2
Minority_Diagnostic,tcp.len,3.5508997,1,3,2
Minority_Diagnostic,tcp.seq,0.012894075,17,3,2
Minority_Diagnostic,tcp.srcport,1.2518535,2,3,2
Minority_Diagnostic,udp.port,0.23298778,10,3,2
Minority_Diagnostic,udp.stream,0.01622973,16,3,2
Minority_Diagnostic,udp.time_delta,0.5262383,5,3,2
Natural_Global,arp.hw.size,0.0066656126,26,3,3
Natural_Global,arp.opcode,0.03890959,19,3,3
Natural_Global,dns.qry.name,0.025605569,20,3,3
Natural_Global,dns.qry.name.len,0.0,32,3,3
Natural_Global,dns.qry.qu,0.0,32,3,3
Natural_Global,dns.retransmission,0.0,32,3,3
Natural_Global,dns.retransmit_request,0.0,32,3,3
Natural_Global,http.content_length,0.01980695,21,3,3
Natural_Global,http.referer,1.1151483,1,3,3
Natural_Global,http.request.method,0.7237311,3,3,3
Natural_Global,http.request.version,0.57469416,4,3,3
Natural_Global,http.response,0.001126021,28,3,3
Natural_Global,icmp.checksum,0.41139188,8,3,3
Natural_Global,icmp.seq_le,0.20329967,10,3,3
Natural_Global,icmp.transmit_timestamp,0.0004609231,30,3,3
Natural_Global,mqtt.conack.flags,0.41578436,7,3,3
Natural_Global,mqtt.conflag.cleansess,0.00038602078,31,3,3
Natural_Global,mqtt.conflags,0.0,32,3,3
Natural_Global,mqtt.hdrflags,0.0,32,3,3
Natural_Global,mqtt.len,0.0,32,3,3
Natural_Global,mqtt.msgtype,0.0,32,3,3
Natural_Global,mqtt.proto_len,0.0,32,3,3
Natural_Global,mqtt.protoname,0.10388291,16,3,3
Natural_Global,mqtt.topic,0.006776233,25,3,3
Natural_Global,mqtt.topic_len,0.0,32,3,3
Natural_Global,mqtt.ver,0.0,32,3,3
Natural_Global,tcp.ack,0.4844683,6,3,3
Natural_Global,tcp.ack_raw,0.14808571,12,3,3
Natural_Global,tcp.checksum,0.10475395,15,3,3
Natural_Global,tcp.connection.fin,0.014378731,22,3,3
Natural_Global,tcp.connection.rst,0.048532147,17,3,3
Natural_Global,tcp.connection.syn,0.045001376,18,3,3
Natural_Global,tcp.connection.synack,0.00941294,23,3,3
Natural_Global,tcp.dstport,0.54410326,5,3,3
Natural_Global,tcp.flags,0.15415594,11,3,3
Natural_Global,tcp.flags.ack,0.009031034,24,3,3
Natural_Global,tcp.len,0.13101578,14,3,3
Natural_Global,tcp.seq,0.14006919,13,3,3
Natural_Global,tcp.srcport,0.8520333,2,3,3
Natural_Global,udp.port,0.0007645224,29,3,3
Natural_Global,udp.stream,0.33372754,9,3,3
Natural_Global,udp.time_delta,0.0030286617,27,3,3
Class_Balanced,arp.hw.size,0.0038629028,29,3,3
Class_Balanced,arp.opcode,0.021246115,24,3,3
Class_Balanced,dns.qry.name,0.056546826,21,3,3
Class_Balanced,dns.qry.name.len,0.0,32,3,3
Class_Balanced,dns.qry.qu,0.0,32,3,3
Class_Balanced,dns.retransmission,0.0,32,3,3
Class_Balanced,dns.retransmit_request,0.0,32,3,3
Class_Balanced,http.content_length,0.0642668,20,3,3
Class_Balanced,http.referer,0.73451775,4,3,3
Class_Balanced,http.request.method,0.40726155,7,3,3
Class_Balanced,http.request.version,0.3111877,10,3,3
Class_Balanced,http.response,0.0013270985,30,3,3
Class_Balanced,icmp.checksum,0.29849657,11,3,3
Class_Balanced,icmp.seq_le,0.358243,9,3,3
Class_Balanced,icmp.transmit_timestamp,0.00911939,27,3,3
Class_Balanced,mqtt.conack.flags,0.38482013,8,3,3
Class_Balanced,mqtt.conflag.cleansess,0.00024737464,31,3,3
Class_Balanced,mqtt.conflags,0.0,32,3,3
Class_Balanced,mqtt.hdrflags,0.0,32,3,3
Class_Balanced,mqtt.len,0.0,32,3,3
Class_Balanced,mqtt.msgtype,0.0,32,3,3
Class_Balanced,mqtt.proto_len,0.0,32,3,3
Class_Balanced,mqtt.protoname,0.12982076,15,3,3
Class_Balanced,mqtt.topic,0.0053479606,28,3,3
Class_Balanced,mqtt.topic_len,0.0,32,3,3
Class_Balanced,mqtt.ver,0.0,32,3,3
Class_Balanced,tcp.ack,0.88443404,1,3,3
Class_Balanced,tcp.ack_raw,0.2080731,13,3,3
Class_Balanced,tcp.checksum,0.10138738,17,3,3
Class_Balanced,tcp.connection.fin,0.027610386,23,3,3
Class_Balanced,tcp.connection.rst,0.086568326,18,3,3
Class_Balanced,tcp.connection.syn,0.08543851,19,3,3
Class_Balanced,tcp.connection.synack,0.014225346,25,3,3
Class_Balanced,tcp.dstport,0.82223076,3,3,3
Class_Balanced,tcp.flags,0.20382908,14,3,3
Class_Balanced,tcp.flags.ack,0.011910685,26,3,3
Class_Balanced,tcp.len,0.564068,5,3,3
Class_Balanced,tcp.seq,0.27368063,12,3,3
Class_Balanced,tcp.srcport,0.8608434,2,3,3
Class_Balanced,udp.port,0.02859085,22,3,3
Class_Balanced,udp.stream,0.4954061,6,3,3
Class_Balanced,udp.time_delta,0.12437352,16,3,3
Minority_Diagnostic,arp.hw.size,0.010991534,20,3,3
Minority_Diagnostic,arp.opcode,0.033496197,12,3,3
Minority_Diagnostic,dns.qry.name,0.0020636613,22,3,3
Minority_Diagnostic,dns.qry.name.len,0.0,24,3,3
Minority_Diagnostic,dns.qry.qu,0.0,24,3,3
Minority_Diagnostic,dns.retransmission,0.0,24,3,3
Minority_Diagnostic,dns.retransmit_request,0.0,24,3,3
Minority_Diagnostic,http.content_length,0.0,24,3,3
Minority_Diagnostic,http.referer,0.018100128,16,3,3
Minority_Diagnostic,http.request.method,0.25995636,8,3,3
Minority_Diagnostic,http.request.version,0.44567847,6,3,3
Minority_Diagnostic,http.response,0.0,24,3,3
Minority_Diagnostic,icmp.checksum,0.53259134,5,3,3
Minority_Diagnostic,icmp.seq_le,0.42495298,7,3,3
Minority_Diagnostic,icmp.transmit_timestamp,0.066858776,11,3,3
Minority_Diagnostic,mqtt.conack.flags,0.0004735646,23,3,3
Minority_Diagnostic,mqtt.conflag.cleansess,0.0,24,3,3
Minority_Diagnostic,mqtt.conflags,0.0,24,3,3
Minority_Diagnostic,mqtt.hdrflags,0.0,24,3,3
Minority_Diagnostic,mqtt.len,0.0,24,3,3
Minority_Diagnostic,mqtt.msgtype,0.0,24,3,3
Minority_Diagnostic,mqtt.proto_len,0.0,24,3,3
Minority_Diagnostic,mqtt.protoname,0.0,24,3,3
Minority_Diagnostic,mqtt.topic,0.0,24,3,3
Minority_Diagnostic,mqtt.topic_len,0.0,24,3,3
Minority_Diagnostic,mqtt.ver,0.0,24,3,3
Minority_Diagnostic,tcp.ack,0.018335398,15,3,3
Minority_Diagnostic,tcp.ack_raw,0.025468782,13,3,3
Minority_Diagnostic,tcp.checksum,0.015862875,17,3,3
Minority_Diagnostic,tcp.connection.fin,0.0,24,3,3
Minority_Diagnostic,tcp.connection.rst,0.015020903,19,3,3
Minority_Diagnostic,tcp.connection.syn,0.023754897,14,3,3
Minority_Diagnostic,tcp.connection.synack,0.0,24,3,3
Minority_Diagnostic,tcp.dstport,0.6848756,4,3,3
Minority_Diagnostic,tcp.flags,0.24857457,9,3,3
Minority_Diagnostic,tcp.flags.ack,0.0,24,3,3
Minority_Diagnostic,tcp.len,2.787836,1,3,3
Minority_Diagnostic,tcp.seq,0.0076671266,21,3,3
Minority_Diagnostic,tcp.srcport,1.561013,2,3,3
Minority_Diagnostic,udp.port,0.21410991,10,3,3
Minority_Diagnostic,udp.stream,0.015200145,18,3,3
Minority_Diagnostic,udp.time_delta,0.93271303,3,3,3
Natural_Global,arp.hw.size,0.007056475,25,3,4
Natural_Global,arp.opcode,0.04226882,19,3,4
Natural_Global,dns.qry.name,0.0156145375,22,3,4
Natural_Global,dns.qry.name.len,0.0,31,3,4
Natural_Global,dns.qry.qu,0.0,31,3,4
Natural_Global,dns.retransmission,0.0,31,3,4
Natural_Global,dns.retransmit_request,0.0,31,3,4
Natural_Global,http.content_length,0.017282756,20,3,4
Natural_Global,http.referer,1.121537,1,3,4
Natural_Global,http.request.method,0.72828346,3,3,4
Natural_Global,http.request.version,0.56910014,5,3,4
Natural_Global,http.response,0.00048693674,30,3,4
Natural_Global,icmp.checksum,0.4253334,8,3,4
Natural_Global,icmp.seq_le,0.21674898,10,3,4
Natural_Global,icmp.transmit_timestamp,0.00061866076,29,3,4
Natural_Global,mqtt.conack.flags,0.43920213,7,3,4
Natural_Global,mqtt.conflag.cleansess,0.0,31,3,4
Natural_Global,mqtt.conflags,0.0,31,3,4
Natural_Global,mqtt.hdrflags,0.0,31,3,4
Natural_Global,mqtt.len,0.0,31,3,4
Natural_Global,mqtt.msgtype,0.0,31,3,4
Natural_Global,mqtt.proto_len,0.0,31,3,4
Natural_Global,mqtt.protoname,0.062236026,16,3,4
Natural_Global,mqtt.topic,0.016629146,21,3,4
Natural_Global,mqtt.topic_len,0.0,31,3,4
Natural_Global,mqtt.ver,0.0,31,3,4
Natural_Global,tcp.ack,0.47954354,6,3,4
Natural_Global,tcp.ack_raw,0.14390498,12,3,4
Natural_Global,tcp.checksum,0.096140094,15,3,4
Natural_Global,tcp.connection.fin,0.011951912,23,3,4
Natural_Global,tcp.connection.rst,0.061223194,17,3,4
Natural_Global,tcp.connection.syn,0.049001466,18,3,4
Natural_Global,tcp.connection.synack,0.007891188,24,3,4
Natural_Global,tcp.dstport,0.6265711,4,3,4
Natural_Global,tcp.flags,0.1066316,14,3,4
Natural_Global,tcp.flags.ack,0.002620552,26,3,4
Natural_Global,tcp.len,0.14111426,13,3,4
Natural_Global,tcp.seq,0.14662641,11,3,4
Natural_Global,tcp.srcport,0.87959546,2,3,4
Natural_Global,udp.port,0.0010586627,28,3,4
Natural_Global,udp.stream,0.2884779,9,3,4
Natural_Global,udp.time_delta,0.002006572,27,3,4
Class_Balanced,arp.hw.size,0.005721982,28,3,4
Class_Balanced,arp.opcode,0.026745174,24,3,4
Class_Balanced,dns.qry.name,0.037452444,21,3,4
Class_Balanced,dns.qry.name.len,0.0,31,3,4
Class_Balanced,dns.qry.qu,0.0,31,3,4
Class_Balanced,dns.retransmission,0.0,31,3,4
Class_Balanced,dns.retransmit_request,0.0,31,3,4
Class_Balanced,http.content_length,0.065512955,19,3,4
Class_Balanced,http.referer,0.7371199,4,3,4
Class_Balanced,http.request.method,0.40433905,8,3,4
Class_Balanced,http.request.version,0.2947305,10,3,4
Class_Balanced,http.response,0.0004954866,30,3,4
Class_Balanced,icmp.checksum,0.26119548,12,3,4
Class_Balanced,icmp.seq_le,0.38936934,9,3,4
Class_Balanced,icmp.transmit_timestamp,0.011154278,27,3,4
Class_Balanced,mqtt.conack.flags,0.44459015,6,3,4
Class_Balanced,mqtt.conflag.cleansess,0.0,31,3,4
Class_Balanced,mqtt.conflags,0.0,31,3,4
Class_Balanced,mqtt.hdrflags,0.0,31,3,4
Class_Balanced,mqtt.len,0.0,31,3,4
Class_Balanced,mqtt.msgtype,0.0,31,3,4
Class_Balanced,mqtt.proto_len,0.0,31,3,4
Class_Balanced,mqtt.protoname,0.059561957,20,3,4
Class_Balanced,mqtt.topic,0.011595349,26,3,4
Class_Balanced,mqtt.topic_len,0.0,31,3,4
Class_Balanced,mqtt.ver,0.0,31,3,4
Class_Balanced,tcp.ack,0.9094974,1,3,4
Class_Balanced,tcp.ack_raw,0.19743149,13,3,4
Class_Balanced,tcp.checksum,0.10303415,16,3,4
Class_Balanced,tcp.connection.fin,0.028851306,23,3,4
Class_Balanced,tcp.connection.rst,0.1224471,15,3,4
Class_Balanced,tcp.connection.syn,0.09705445,17,3,4
Class_Balanced,tcp.connection.synack,0.011861844,25,3,4
Class_Balanced,tcp.dstport,0.85847527,2,3,4
Class_Balanced,tcp.flags,0.15187877,14,3,4
Class_Balanced,tcp.flags.ack,0.0025449204,29,3,4
Class_Balanced,tcp.len,0.6700873,5,3,4
Class_Balanced,tcp.seq,0.27581102,11,3,4
Class_Balanced,tcp.srcport,0.8305223,3,3,4
Class_Balanced,udp.port,0.030747347,22,3,4
Class_Balanced,udp.stream,0.43174428,7,3,4
Class_Balanced,udp.time_delta,0.08260409,18,3,4
Minority_Diagnostic,arp.hw.size,0.0039781737,20,3,4
Minority_Diagnostic,arp.opcode,0.040157832,12,3,4
Minority_Diagnostic,dns.qry.name,0.0024333452,23,3,4
Minority_Diagnostic,dns.qry.name.len,0.0,24,3,4
Minority_Diagnostic,dns.qry.qu,0.0,24,3,4
Minority_Diagnostic,dns.retransmission,0.0,24,3,4
Minority_Diagnostic,dns.retransmit_request,0.0,24,3,4
Minority_Diagnostic,http.content_length,0.0,24,3,4
Minority_Diagnostic,http.referer,0.0026392266,22,3,4
Minority_Diagnostic,http.request.method,0.21100503,9,3,4
Minority_Diagnostic,http.request.version,0.3503622,7,3,4
Minority_Diagnostic,http.response,0.0,24,3,4
Minority_Diagnostic,icmp.checksum,0.5358192,5,3,4
Minority_Diagnostic,icmp.seq_le,0.46750513,6,3,4
Minority_Diagnostic,icmp.transmit_timestamp,0.08333843,10,3,4
Minority_Diagnostic,mqtt.conack.flags,0.0027169844,21,3,4
Minority_Diagnostic,mqtt.conflag.cleansess,0.0,24,3,4
Minority_Diagnostic,mqtt.conflags,0.0,24,3,4
Minority_Diagnostic,mqtt.hdrflags,0.0,24,3,4
Minority_Diagnostic,mqtt.len,0.0,24,3,4
Minority_Diagnostic,mqtt.msgtype,0.0,24,3,4
Minority_Diagnostic,mqtt.proto_len,0.0,24,3,4
Minority_Diagnostic,mqtt.protoname,0.0,24,3,4
Minority_Diagnostic,mqtt.topic,0.0,24,3,4
Minority_Diagnostic,mqtt.topic_len,0.0,24,3,4
Minority_Diagnostic,mqtt.ver,0.0,24,3,4
Minority_Diagnostic,tcp.ack,0.032840714,13,3,4
Minority_Diagnostic,tcp.ack_raw,0.015417315,16,3,4
Minority_Diagnostic,tcp.checksum,0.0590104,11,3,4
Minority_Diagnostic,tcp.connection.fin,0.0,24,3,4
Minority_Diagnostic,tcp.connection.rst,0.009559793,19,3,4
Minority_Diagnostic,tcp.connection.syn,0.017000599,15,3,4
Minority_Diagnostic,tcp.connection.synack,0.0,24,3,4
Minority_Diagnostic,tcp.dstport,0.73812896,3,3,4
Minority_Diagnostic,tcp.flags,0.02284627,14,3,4
Minority_Diagnostic,tcp.flags.ack,0.0,24,3,4
Minority_Diagnostic,tcp.len,3.49688,1,3,4
Minority_Diagnostic,tcp.seq,0.011814059,17,3,4
Minority_Diagnostic,tcp.srcport,1.3627957,2,3,4
Minority_Diagnostic,udp.port,0.23029101,8,3,4
Minority_Diagnostic,udp.stream,0.011324174,18,3,4
Minority_Diagnostic,udp.time_delta,0.6195307,4,3,4
Natural_Global,arp.hw.size,0.008641101,25,3,5
Natural_Global,arp.opcode,0.041349296,19,3,5
Natural_Global,dns.qry.name,0.024223045,20,3,5
Natural_Global,dns.qry.name.len,0.0,32,3,5
Natural_Global,dns.qry.qu,0.0,32,3,5
Natural_Global,dns.retransmission,0.0,32,3,5
Natural_Global,dns.retransmit_request,0.0,32,3,5
Natural_Global,http.content_length,0.021846246,21,3,5
Natural_Global,http.referer,1.1331705,1,3,5
Natural_Global,http.request.method,0.7460233,3,3,5
Natural_Global,http.request.version,0.56527376,4,3,5
Natural_Global,http.response,0.001020964,27,3,5
Natural_Global,icmp.checksum,0.40735522,7,3,5
Natural_Global,icmp.seq_le,0.18598613,10,3,5
Natural_Global,icmp.transmit_timestamp,0.00066763913,29,3,5
Natural_Global,mqtt.conack.flags,0.40163532,8,3,5
Natural_Global,mqtt.conflag.cleansess,0.0,32,3,5
Natural_Global,mqtt.conflags,0.0,32,3,5
Natural_Global,mqtt.hdrflags,0.00027638275,31,3,5
Natural_Global,mqtt.len,0.0,32,3,5
Natural_Global,mqtt.msgtype,0.0,32,3,5
Natural_Global,mqtt.proto_len,0.0,32,3,5
Natural_Global,mqtt.protoname,0.095361486,16,3,5
Natural_Global,mqtt.topic,0.014425585,22,3,5
Natural_Global,mqtt.topic_len,0.0,32,3,5
Natural_Global,mqtt.ver,0.0,32,3,5
Natural_Global,tcp.ack,0.49160665,6,3,5
Natural_Global,tcp.ack_raw,0.15394165,12,3,5
Natural_Global,tcp.checksum,0.11567855,15,3,5
Natural_Global,tcp.connection.fin,0.01091514,24,3,5
Natural_Global,tcp.connection.rst,0.059026737,17,3,5
Natural_Global,tcp.connection.syn,0.05513686,18,3,5
Natural_Global,tcp.connection.synack,0.011584419,23,3,5
Natural_Global,tcp.dstport,0.54847896,5,3,5
Natural_Global,tcp.flags,0.17672043,11,3,5
Natural_Global,tcp.flags.ack,0.0063249795,26,3,5
Natural_Global,tcp.len,0.12900367,13,3,5
Natural_Global,tcp.seq,0.1276508,14,3,5
Natural_Global,tcp.srcport,0.8727883,2,3,5
Natural_Global,udp.port,0.0005675819,30,3,5
Natural_Global,udp.stream,0.2935864,9,3,5
Natural_Global,udp.time_delta,0.0009479215,28,3,5
Class_Balanced,arp.hw.size,0.008544445,27,3,5
Class_Balanced,arp.opcode,0.025324494,22,3,5
Class_Balanced,dns.qry.name,0.05096645,20,3,5
Class_Balanced,dns.qry.name.len,0.0,32,3,5
Class_Balanced,dns.qry.qu,0.0,32,3,5
Class_Balanced,dns.retransmission,0.0,32,3,5
Class_Balanced,dns.retransmit_request,0.0,32,3,5
Class_Balanced,http.content_length,0.068499796,19,3,5
Class_Balanced,http.referer,0.73630375,4,3,5
Class_Balanced,http.request.method,0.41489628,8,3,5
Class_Balanced,http.request.version,0.32563257,10,3,5
Class_Balanced,http.response,0.0014484363,30,3,5
Class_Balanced,icmp.checksum,0.3010188,11,3,5
Class_Balanced,icmp.seq_le,0.34517848,9,3,5
Class_Balanced,icmp.transmit_timestamp,0.0065352577,29,3,5
Class_Balanced,mqtt.conack.flags,0.41732287,7,3,5
Class_Balanced,mqtt.conflag.cleansess,0.0,32,3,5
Class_Balanced,mqtt.conflags,0.0,32,3,5
Class_Balanced,mqtt.hdrflags,0.00038267236,31,3,5
Class_Balanced,mqtt.len,0.0,32,3,5
Class_Balanced,mqtt.msgtype,0.0,32,3,5
Class_Balanced,mqtt.proto_len,0.0,32,3,5
Class_Balanced,mqtt.protoname,0.08509975,18,3,5
Class_Balanced,mqtt.topic,0.014308353,26,3,5
Class_Balanced,mqtt.topic_len,0.0,32,3,5
Class_Balanced,mqtt.ver,0.0,32,3,5
Class_Balanced,tcp.ack,0.860891,2,3,5
Class_Balanced,tcp.ack_raw,0.19004181,14,3,5
Class_Balanced,tcp.checksum,0.11033298,16,3,5
Class_Balanced,tcp.connection.fin,0.022514893,23,3,5
Class_Balanced,tcp.connection.rst,0.119545035,15,3,5
Class_Balanced,tcp.connection.syn,0.094210275,17,3,5
Class_Balanced,tcp.connection.synack,0.016036777,24,3,5
Class_Balanced,tcp.dstport,0.8000612,3,3,5
Class_Balanced,tcp.flags,0.20593914,13,3,5
Class_Balanced,tcp.flags.ack,0.00795368,28,3,5
Class_Balanced,tcp.len,0.72742915,5,3,5
Class_Balanced,tcp.seq,0.2641051,12,3,5
Class_Balanced,tcp.srcport,0.90553725,1,3,5
Class_Balanced,udp.port,0.014507873,25,3,5
Class_Balanced,udp.stream,0.42750168,6,3,5
Class_Balanced,udp.time_delta,0.027546387,21,3,5
Minority_Diagnostic,arp.hw.size,0.009186657,20,3,5
Minority_Diagnostic,arp.opcode,0.038375873,13,3,5
Minority_Diagnostic,dns.qry.name,0.0010173643,22,3,5
Minority_Diagnostic,dns.qry.name.len,0.0,24,3,5
Minority_Diagnostic,dns.qry.qu,0.0,24,3,5
Minority_Diagnostic,dns.retransmission,0.0,24,3,5
Minority_Diagnostic,dns.retransmit_request,0.0,24,3,5
Minority_Diagnostic,http.content_length,0.0,24,3,5
Minority_Diagnostic,http.referer,0.01679047,18,3,5
Minority_Diagnostic,http.request.method,0.25091672,7,3,5
Minority_Diagnostic,http.request.version,0.42124182,6,3,5
Minority_Diagnostic,http.response,0.0,24,3,5
Minority_Diagnostic,icmp.checksum,0.54546535,4,3,5
Minority_Diagnostic,icmp.seq_le,0.43470916,5,3,5
Minority_Diagnostic,icmp.transmit_timestamp,0.048315905,12,3,5
Minority_Diagnostic,mqtt.conack.flags,0.0035412896,21,3,5
Minority_Diagnostic,mqtt.conflag.cleansess,0.0,24,3,5
Minority_Diagnostic,mqtt.conflags,0.0,24,3,5
Minority_Diagnostic,mqtt.hdrflags,0.0,24,3,5
Minority_Diagnostic,mqtt.len,0.0,24,3,5
Minority_Diagnostic,mqtt.msgtype,0.0,24,3,5
Minority_Diagnostic,mqtt.proto_len,0.0,24,3,5
Minority_Diagnostic,mqtt.protoname,2.344224e-05,23,3,5
Minority_Diagnostic,mqtt.topic,0.0,24,3,5
Minority_Diagnostic,mqtt.topic_len,0.0,24,3,5
Minority_Diagnostic,mqtt.ver,0.0,24,3,5
Minority_Diagnostic,tcp.ack,0.02596418,16,3,5
Minority_Diagnostic,tcp.ack_raw,0.05589126,11,3,5
Minority_Diagnostic,tcp.checksum,0.032246146,15,3,5
Minority_Diagnostic,tcp.connection.fin,0.0,24,3,5
Minority_Diagnostic,tcp.connection.rst,0.024762182,17,3,5
Minority_Diagnostic,tcp.connection.syn,0.036783945,14,3,5
Minority_Diagnostic,tcp.connection.synack,0.0,24,3,5
Minority_Diagnostic,tcp.dstport,0.5612395,3,3,5
Minority_Diagnostic,tcp.flags,0.20945288,8,3,5
Minority_Diagnostic,tcp.flags.ack,0.0,24,3,5
Minority_Diagnostic,tcp.len,3.8743644,1,3,5
Minority_Diagnostic,tcp.seq,0.0,24,3,5
Minority_Diagnostic,tcp.srcport,1.6720111,2,3,5
Minority_Diagnostic,udp.port,0.108575396,10,3,5
Minority_Diagnostic,udp.stream,0.012948364,19,3,5
Minority_Diagnostic,udp.time_delta,0.20652832,9,3,5
Natural_Global,arp.hw.size,0.006488525,24,4,1
Natural_Global,arp.opcode,0.039538812,20,4,1
Natural_Global,dns.qry.name,0.022364179,22,4,1
Natural_Global,dns.qry.name.len,8.533721e-05,32,4,1
Natural_Global,dns.qry.qu,0.0,33,4,1
Natural_Global,dns.retransmission,0.0,33,4,1
Natural_Global,dns.retransmit_request,0.0,33,4,1
Natural_Global,http.content_length,0.02443146,21,4,1
Natural_Global,http.referer,1.1294683,1,4,1
Natural_Global,http.request.method,0.76809657,3,4,1
Natural_Global,http.request.version,0.5520168,4,4,1
Natural_Global,http.response,0.00058865885,30,4,1
Natural_Global,icmp.checksum,0.34469417,8,4,1
Natural_Global,icmp.seq_le,0.20591725,10,4,1
Natural_Global,icmp.transmit_timestamp,0.0006463947,29,4,1
Natural_Global,mqtt.conack.flags,0.3805271,7,4,1
Natural_Global,mqtt.conflag.cleansess,0.0,33,4,1
Natural_Global,mqtt.conflags,0.0,33,4,1
Natural_Global,mqtt.hdrflags,0.0014191031,28,4,1
Natural_Global,mqtt.len,0.0,33,4,1
Natural_Global,mqtt.msgtype,0.0,33,4,1
Natural_Global,mqtt.proto_len,0.0,33,4,1
Natural_Global,mqtt.protoname,0.09530155,16,4,1
Natural_Global,mqtt.topic,0.042805187,19,4,1
Natural_Global,mqtt.topic_len,0.0,33,4,1
Natural_Global,mqtt.ver,0.0,33,4,1
Natural_Global,tcp.ack,0.48341736,6,4,1
Natural_Global,tcp.ack_raw,0.14201315,12,4,1
Natural_Global,tcp.checksum,0.11580659,15,4,1
Natural_Global,tcp.connection.fin,0.012543798,23,4,1
Natural_Global,tcp.connection.rst,0.04749604,18,4,1
Natural_Global,tcp.connection.syn,0.049706765,17,4,1
Natural_Global,tcp.connection.synack,0.0064097214,25,4,1
Natural_Global,tcp.dstport,0.5332044,5,4,1
Natural_Global,tcp.flags,0.18894202,11,4,1
Natural_Global,tcp.flags.ack,0.004833201,26,4,1
Natural_Global,tcp.len,0.12625615,14,4,1
Natural_Global,tcp.seq,0.13171169,13,4,1
Natural_Global,tcp.srcport,0.89702606,2,4,1
Natural_Global,udp.port,0.0019675065,27,4,1
Natural_Global,udp.stream,0.2977807,9,4,1
Natural_Global,udp.time_delta,0.00043437365,31,4,1
Class_Balanced,arp.hw.size,0.00524391,29,4,1
Class_Balanced,arp.opcode,0.028893057,23,4,1
Class_Balanced,dns.qry.name,0.047013346,21,4,1
Class_Balanced,dns.qry.name.len,0.0021715686,31,4,1
Class_Balanced,dns.qry.qu,0.0,33,4,1
Class_Balanced,dns.retransmission,0.0,33,4,1
Class_Balanced,dns.retransmit_request,0.0,33,4,1
Class_Balanced,http.content_length,0.07715056,20,4,1
Class_Balanced,http.referer,0.716025,4,4,1
Class_Balanced,http.request.method,0.4238582,6,4,1
Class_Balanced,http.request.version,0.2979152,10,4,1
Class_Balanced,http.response,0.0007051601,32,4,1
Class_Balanced,icmp.checksum,0.25431725,11,4,1
Class_Balanced,icmp.seq_le,0.39887822,7,4,1
Class_Balanced,icmp.transmit_timestamp,0.009340302,27,4,1
Class_Balanced,mqtt.conack.flags,0.38092458,9,4,1
Class_Balanced,mqtt.conflag.cleansess,0.0,33,4,1
Class_Balanced,mqtt.conflags,0.0,33,4,1
Class_Balanced,mqtt.hdrflags,0.0036627355,30,4,1
Class_Balanced,mqtt.len,0.0,33,4,1
Class_Balanced,mqtt.msgtype,0.0,33,4,1
Class_Balanced,mqtt.proto_len,0.0,33,4,1
Class_Balanced,mqtt.protoname,0.097784884,17,4,1
Class_Balanced,mqtt.topic,0.04681792,22,4,1
Class_Balanced,mqtt.topic_len,0.0,33,4,1
Class_Balanced,mqtt.ver,0.0,33,4,1
Class_Balanced,tcp.ack,0.8865528,1,4,1
Class_Balanced,tcp.ack_raw,0.20866339,14,4,1
Class_Balanced,tcp.checksum,0.101568304,15,4,1
Class_Balanced,tcp.connection.fin,0.024823429,24,4,1
Class_Balanced,tcp.connection.rst,0.095085576,18,4,1
Class_Balanced,tcp.connection.syn,0.098957926,16,4,1
Class_Balanced,tcp.connection.synack,0.011068045,26,4,1
Class_Balanced,tcp.dstport,0.80566704,3,4,1
Class_Balanced,tcp.flags,0.2541432,12,4,1
Class_Balanced,tcp.flags.ack,0.0061520124,28,4,1
Class_Balanced,tcp.len,0.6593492,5,4,1
Class_Balanced,tcp.seq,0.24075632,13,4,1
Class_Balanced,tcp.srcport,0.8240293,2,4,1
Class_Balanced,udp.port,0.08669939,19,4,1
Class_Balanced,udp.stream,0.39636412,8,4,1
Class_Balanced,udp.time_delta,0.015894974,25,4,1
Minority_Diagnostic,arp.hw.size,0.010985644,19,4,1
Minority_Diagnostic,arp.opcode,0.035453584,12,4,1
Minority_Diagnostic,dns.qry.name,0.0014197937,24,4,1
Minority_Diagnostic,dns.qry.name.len,0.016286764,18,4,1
Minority_Diagnostic,dns.qry.qu,0.0,25,4,1
Minority_Diagnostic,dns.retransmission,0.0,25,4,1
Minority_Diagnostic,dns.retransmit_request,0.0,25,4,1
Minority_Diagnostic,http.content_length,0.0,25,4,1
Minority_Diagnostic,http.referer,0.0029274672,22,4,1
Minority_Diagnostic,http.request.method,0.21968126,9,4,1
Minority_Diagnostic,http.request.version,0.42806733,7,4,1
Minority_Diagnostic,http.response,0.0,25,4,1
Minority_Diagnostic,icmp.checksum,0.58885133,5,4,1
Minority_Diagnostic,icmp.seq_le,0.43300235,6,4,1
Minority_Diagnostic,icmp.transmit_timestamp,0.06937682,11,4,1
Minority_Diagnostic,mqtt.conack.flags,0.004980129,21,4,1
Minority_Diagnostic,mqtt.conflag.cleansess,0.0,25,4,1
Minority_Diagnostic,mqtt.conflags,0.0,25,4,1
Minority_Diagnostic,mqtt.hdrflags,0.0,25,4,1
Minority_Diagnostic,mqtt.len,0.0,25,4,1
Minority_Diagnostic,mqtt.msgtype,0.0,25,4,1
Minority_Diagnostic,mqtt.proto_len,0.0,25,4,1
Minority_Diagnostic,mqtt.protoname,0.0,25,4,1
Minority_Diagnostic,mqtt.topic,0.0,25,4,1
Minority_Diagnostic,mqtt.topic_len,0.0,25,4,1
Minority_Diagnostic,mqtt.ver,0.0,25,4,1
Minority_Diagnostic,tcp.ack,0.0205936,16,4,1
Minority_Diagnostic,tcp.ack_raw,0.030220676,13,4,1
Minority_Diagnostic,tcp.checksum,0.019605754,17,4,1
Minority_Diagnostic,tcp.connection.fin,0.0,25,4,1
Minority_Diagnostic,tcp.connection.rst,0.009865967,20,4,1
Minority_Diagnostic,tcp.connection.syn,0.028293047,14,4,1
Minority_Diagnostic,tcp.connection.synack,0.0,25,4,1
Minority_Diagnostic,tcp.dstport,0.61226404,4,4,1
Minority_Diagnostic,tcp.flags,0.32782614,8,4,1
Minority_Diagnostic,tcp.flags.ack,0.0,25,4,1
Minority_Diagnostic,tcp.len,3.5166025,1,4,1
Minority_Diagnostic,tcp.seq,0.0027094753,23,4,1
Minority_Diagnostic,tcp.srcport,1.220686,2,4,1
Minority_Diagnostic,udp.port,0.650154,3,4,1
Minority_Diagnostic,udp.stream,0.021470211,15,4,1
Minority_Diagnostic,udp.time_delta,0.11921231,10,4,1
Natural_Global,arp.hw.size,0.010880022,25,4,2
Natural_Global,arp.opcode,0.03992161,19,4,2
Natural_Global,dns.qry.name,0.02596448,20,4,2
Natural_Global,dns.qry.name.len,0.0,31,4,2
Natural_Global,dns.qry.qu,0.0,31,4,2
Natural_Global,dns.retransmission,0.0,31,4,2
Natural_Global,dns.retransmit_request,0.0,31,4,2
Natural_Global,http.content_length,0.015355284,22,4,2
Natural_Global,http.referer,1.1363809,1,4,2
Natural_Global,http.request.method,0.7375825,3,4,2
Natural_Global,http.request.version,0.5832704,5,4,2
Natural_Global,http.response,0.00039749837,30,4,2
Natural_Global,icmp.checksum,0.34926718,8,4,2
Natural_Global,icmp.seq_le,0.17720528,10,4,2
Natural_Global,icmp.transmit_timestamp,0.000856227,29,4,2
Natural_Global,mqtt.conack.flags,0.41901588,7,4,2
Natural_Global,mqtt.conflag.cleansess,0.0,31,4,2
Natural_Global,mqtt.conflags,0.0,31,4,2
Natural_Global,mqtt.hdrflags,0.0,31,4,2
Natural_Global,mqtt.len,0.0,31,4,2
Natural_Global,mqtt.msgtype,0.0,31,4,2
Natural_Global,mqtt.proto_len,0.0,31,4,2
Natural_Global,mqtt.protoname,0.081449635,16,4,2
Natural_Global,mqtt.topic,0.015684327,21,4,2
Natural_Global,mqtt.topic_len,0.0,31,4,2
Natural_Global,mqtt.ver,0.0,31,4,2
Natural_Global,tcp.ack,0.48691475,6,4,2
Natural_Global,tcp.ack_raw,0.15049993,11,4,2
Natural_Global,tcp.checksum,0.11713865,13,4,2
Natural_Global,tcp.connection.fin,0.012051374,24,4,2
Natural_Global,tcp.connection.rst,0.05957797,17,4,2
Natural_Global,tcp.connection.syn,0.0479577,18,4,2
Natural_Global,tcp.connection.synack,0.012617884,23,4,2
Natural_Global,tcp.dstport,0.6439252,4,4,2
Natural_Global,tcp.flags,0.11034325,15,4,2
Natural_Global,tcp.flags.ack,0.003663233,26,4,2
Natural_Global,tcp.len,0.1441821,12,4,2
Natural_Global,tcp.seq,0.116626605,14,4,2
Natural_Global,tcp.srcport,0.89490426,2,4,2
Natural_Global,udp.port,0.0017938628,27,4,2
Natural_Global,udp.stream,0.2776902,9,4,2
Natural_Global,udp.time_delta,0.0011427362,28,4,2
Class_Balanced,arp.hw.size,0.00873669,28,4,2
Class_Balanced,arp.opcode,0.023621142,24,4,2
Class_Balanced,dns.qry.name,0.05136639,21,4,2
Class_Balanced,dns.qry.name.len,0.0,31,4,2
Class_Balanced,dns.qry.qu,0.0,31,4,2
Class_Balanced,dns.retransmission,0.0,31,4,2
Class_Balanced,dns.retransmit_request,0.0,31,4,2
Class_Balanced,http.content_length,0.055682007,20,4,2
Class_Balanced,http.referer,0.7450952,4,4,2
Class_Balanced,http.request.method,0.41727707,7,4,2
Class_Balanced,http.request.version,0.29226843,11,4,2
Class_Balanced,http.response,0.0004918449,30,4,2
Class_Balanced,icmp.checksum,0.30390057,10,4,2
Class_Balanced,icmp.seq_le,0.34223863,9,4,2
Class_Balanced,icmp.transmit_timestamp,0.011792826,27,4,2
Class_Balanced,mqtt.conack.flags,0.433441,6,4,2
Class_Balanced,mqtt.conflag.cleansess,0.0,31,4,2
Class_Balanced,mqtt.conflags,0.0,31,4,2
Class_Balanced,mqtt.hdrflags,0.0,31,4,2
Class_Balanced,mqtt.len,0.0,31,4,2
Class_Balanced,mqtt.msgtype,0.0,31,4,2
Class_Balanced,mqtt.proto_len,0.0,31,4,2
Class_Balanced,mqtt.protoname,0.070916116,18,4,2
Class_Balanced,mqtt.topic,0.0118343765,26,4,2
Class_Balanced,mqtt.topic_len,0.0,31,4,2
Class_Balanced,mqtt.ver,0.0,31,4,2
Class_Balanced,tcp.ack,0.8786715,3,4,2
Class_Balanced,tcp.ack_raw,0.18615972,13,4,2
Class_Balanced,tcp.checksum,0.11290256,16,4,2
Class_Balanced,tcp.connection.fin,0.02625502,23,4,2
Class_Balanced,tcp.connection.rst,0.126296,15,4,2
Class_Balanced,tcp.connection.syn,0.09560483,17,4,2
Class_Balanced,tcp.connection.synack,0.020342898,25,4,2
Class_Balanced,tcp.dstport,0.92853165,1,4,2
Class_Balanced,tcp.flags,0.13644561,14,4,2
Class_Balanced,tcp.flags.ack,0.004381615,29,4,2
Class_Balanced,tcp.len,0.71458846,5,4,2
Class_Balanced,tcp.seq,0.21954945,12,4,2
Class_Balanced,tcp.srcport,0.9047335,2,4,2
Class_Balanced,udp.port,0.06738613,19,4,2
Class_Balanced,udp.stream,0.41637528,8,4,2
Class_Balanced,udp.time_delta,0.037419435,22,4,2
Minority_Diagnostic,arp.hw.size,0.018032037,17,4,2
Minority_Diagnostic,arp.opcode,0.03861333,12,4,2
Minority_Diagnostic,dns.qry.name,0.0016312235,22,4,2
Minority_Diagnostic,dns.qry.name.len,0.0,23,4,2
Minority_Diagnostic,dns.qry.qu,0.0,23,4,2
Minority_Diagnostic,dns.retransmission,0.0,23,4,2
Minority_Diagnostic,dns.retransmit_request,0.0,23,4,2
Minority_Diagnostic,http.content_length,0.0,23,4,2
Minority_Diagnostic,http.referer,0.006765126,21,4,2
Minority_Diagnostic,http.request.method,0.22078246,9,4,2
Minority_Diagnostic,http.request.version,0.4014014,7,4,2
Minority_Diagnostic,http.response,0.0,23,4,2
Minority_Diagnostic,icmp.checksum,0.596735,4,4,2
Minority_Diagnostic,icmp.seq_le,0.49549097,6,4,2
Minority_Diagnostic,icmp.transmit_timestamp,0.087851875,10,4,2
Minority_Diagnostic,mqtt.conack.flags,0.009176487,19,4,2
Minority_Diagnostic,mqtt.conflag.cleansess,0.0,23,4,2
Minority_Diagnostic,mqtt.conflags,0.0,23,4,2
Minority_Diagnostic,mqtt.hdrflags,0.0,23,4,2
Minority_Diagnostic,mqtt.len,0.0,23,4,2
Minority_Diagnostic,mqtt.msgtype,0.0,23,4,2
Minority_Diagnostic,mqtt.proto_len,0.0,23,4,2
Minority_Diagnostic,mqtt.protoname,0.0,23,4,2
Minority_Diagnostic,mqtt.topic,0.0,23,4,2
Minority_Diagnostic,mqtt.topic_len,0.0,23,4,2
Minority_Diagnostic,mqtt.ver,0.0,23,4,2
Minority_Diagnostic,tcp.ack,0.04161346,11,4,2
Minority_Diagnostic,tcp.ack_raw,0.03476677,13,4,2
Minority_Diagnostic,tcp.checksum,0.018982641,16,4,2
Minority_Diagnostic,tcp.connection.fin,0.0,23,4,2
Minority_Diagnostic,tcp.connection.rst,0.008132047,20,4,2
Minority_Diagnostic,tcp.connection.syn,0.032263312,14,4,2
Minority_Diagnostic,tcp.connection.synack,0.0,23,4,2
Minority_Diagnostic,tcp.dstport,0.7009175,3,4,2
Minority_Diagnostic,tcp.flags,0.026326042,15,4,2
Minority_Diagnostic,tcp.flags.ack,0.0,23,4,2
Minority_Diagnostic,tcp.len,3.6166961,1,4,2
Minority_Diagnostic,tcp.seq,0.0,23,4,2
Minority_Diagnostic,tcp.srcport,1.4572502,2,4,2
Minority_Diagnostic,udp.port,0.50509286,5,4,2
Minority_Diagnostic,udp.stream,0.012442518,18,4,2
Minority_Diagnostic,udp.time_delta,0.2806085,8,4,2
Natural_Global,arp.hw.size,0.0076061226,25,4,3
Natural_Global,arp.opcode,0.038123626,19,4,3
Natural_Global,dns.qry.name,0.028187003,20,4,3
Natural_Global,dns.qry.name.len,9.618748e-05,31,4,3
Natural_Global,dns.qry.qu,0.0,32,4,3
Natural_Global,dns.retransmission,0.0,32,4,3
Natural_Global,dns.retransmit_request,0.0,32,4,3
Natural_Global,http.content_length,0.025972713,21,4,3
Natural_Global,http.referer,1.1230277,1,4,3
Natural_Global,http.request.method,0.76114076,3,4,3
Natural_Global,http.request.version,0.55098146,5,4,3
Natural_Global,http.response,0.00060874264,29,4,3
Natural_Global,icmp.checksum,0.36631358,8,4,3
Natural_Global,icmp.seq_le,0.23977205,10,4,3
Natural_Global,icmp.transmit_timestamp,0.000304209,30,4,3
Natural_Global,mqtt.conack.flags,0.42187795,7,4,3
Natural_Global,mqtt.conflag.cleansess,0.0,32,4,3
Natural_Global,mqtt.conflags,0.0,32,4,3
Natural_Global,mqtt.hdrflags,0.0,32,4,3
Natural_Global,mqtt.len,0.0,32,4,3
Natural_Global,mqtt.msgtype,0.0,32,4,3
Natural_Global,mqtt.proto_len,0.0,32,4,3
Natural_Global,mqtt.protoname,0.08022531,16,4,3
Natural_Global,mqtt.topic,0.0118270675,23,4,3
Natural_Global,mqtt.topic_len,0.0,32,4,3
Natural_Global,mqtt.ver,0.0,32,4,3
Natural_Global,tcp.ack,0.48152635,6,4,3
Natural_Global,tcp.ack_raw,0.13884124,12,4,3
Natural_Global,tcp.checksum,0.110945605,15,4,3
Natural_Global,tcp.connection.fin,0.010706691,24,4,3
Natural_Global,tcp.connection.rst,0.055605248,18,4,3
Natural_Global,tcp.connection.syn,0.05676574,17,4,3
Natural_Global,tcp.connection.synack,0.012113895,22,4,3
Natural_Global,tcp.dstport,0.56526154,4,4,3
Natural_Global,tcp.flags,0.1807499,11,4,3
Natural_Global,tcp.flags.ack,0.004171484,26,4,3
Natural_Global,tcp.len,0.126033,13,4,3
Natural_Global,tcp.seq,0.12542695,14,4,3
Natural_Global,tcp.srcport,0.91873115,2,4,3
Natural_Global,udp.port,0.0020233355,27,4,3
Natural_Global,udp.stream,0.29015675,9,4,3
Natural_Global,udp.time_delta,0.00087604905,28,4,3
Class_Balanced,arp.hw.size,0.006210549,29,4,3
Class_Balanced,arp.opcode,0.024967184,23,4,3
Class_Balanced,dns.qry.name,0.059978902,21,4,3
Class_Balanced,dns.qry.name.len,0.00514552,30,4,3
Class_Balanced,dns.qry.qu,0.0,32,4,3
Class_Balanced,dns.retransmission,0.0,32,4,3
Class_Balanced,dns.retransmit_request,0.0,32,4,3
Class_Balanced,http.content_length,0.081447415,18,4,3
Class_Balanced,http.referer,0.72679156,4,4,3
Class_Balanced,http.request.method,0.41078648,7,4,3
Class_Balanced,http.request.version,0.303437,10,4,3
Class_Balanced,http.response,0.0011039521,31,4,3
Class_Balanced,icmp.checksum,0.25370142,12,4,3
Class_Balanced,icmp.seq_le,0.38876274,9,4,3
Class_Balanced,icmp.transmit_timestamp,0.008285527,27,4,3
Class_Balanced,mqtt.conack.flags,0.42953062,6,4,3
Class_Balanced,mqtt.conflag.cleansess,0.0,32,4,3
Class_Balanced,mqtt.conflags,0.0,32,4,3
Class_Balanced,mqtt.hdrflags,0.0,32,4,3
Class_Balanced,mqtt.len,0.0,32,4,3
Class_Balanced,mqtt.msgtype,0.0,32,4,3
Class_Balanced,mqtt.proto_len,0.0,32,4,3
Class_Balanced,mqtt.protoname,0.06950302,20,4,3
Class_Balanced,mqtt.topic,0.012751686,26,4,3
Class_Balanced,mqtt.topic_len,0.0,32,4,3
Class_Balanced,mqtt.ver,0.0,32,4,3
Class_Balanced,tcp.ack,0.83013976,3,4,3
Class_Balanced,tcp.ack_raw,0.173702,14,4,3
Class_Balanced,tcp.checksum,0.107734576,15,4,3
Class_Balanced,tcp.connection.fin,0.023432957,24,4,3
Class_Balanced,tcp.connection.rst,0.10234753,17,4,3
Class_Balanced,tcp.connection.syn,0.10760081,16,4,3
Class_Balanced,tcp.connection.synack,0.014626643,25,4,3
Class_Balanced,tcp.dstport,0.8508354,2,4,3
Class_Balanced,tcp.flags,0.21905287,13,4,3
Class_Balanced,tcp.flags.ack,0.0062664403,28,4,3
Class_Balanced,tcp.len,0.6681707,5,4,3
Class_Balanced,tcp.seq,0.26665875,11,4,3
Class_Balanced,tcp.srcport,0.9134044,1,4,3
Class_Balanced,udp.port,0.07139588,19,4,3
Class_Balanced,udp.stream,0.4105741,8,4,3
Class_Balanced,udp.time_delta,0.028136112,22,4,3
Minority_Diagnostic,arp.hw.size,0.008259894,20,4,3
Minority_Diagnostic,arp.opcode,0.025185416,16,4,3
Minority_Diagnostic,dns.qry.name,0.0015361696,25,4,3
Minority_Diagnostic,dns.qry.name.len,0.0385914,13,4,3
Minority_Diagnostic,dns.qry.qu,0.0,26,4,3
Minority_Diagnostic,dns.retransmission,0.0,26,4,3
Minority_Diagnostic,dns.retransmit_request,0.0,26,4,3
Minority_Diagnostic,http.content_length,0.0,26,4,3
Minority_Diagnostic,http.referer,0.008251421,21,4,3
Minority_Diagnostic,http.request.method,0.22191343,9,4,3
Minority_Diagnostic,http.request.version,0.4538563,6,4,3
Minority_Diagnostic,http.response,0.0,26,4,3
Minority_Diagnostic,icmp.checksum,0.5747766,4,4,3
Minority_Diagnostic,icmp.seq_le,0.39515746,7,4,3
Minority_Diagnostic,icmp.transmit_timestamp,0.06046744,11,4,3
Minority_Diagnostic,mqtt.conack.flags,0.0019234859,23,4,3
Minority_Diagnostic,mqtt.conflag.cleansess,0.0,26,4,3
Minority_Diagnostic,mqtt.conflags,0.0,26,4,3
Minority_Diagnostic,mqtt.hdrflags,0.0,26,4,3
Minority_Diagnostic,mqtt.len,0.0,26,4,3
Minority_Diagnostic,mqtt.msgtype,0.0,26,4,3
Minority_Diagnostic,mqtt.proto_len,0.0,26,4,3
Minority_Diagnostic,mqtt.protoname,0.0,26,4,3
Minority_Diagnostic,mqtt.topic,0.0016018092,24,4,3
Minority_Diagnostic,mqtt.topic_len,0.0,26,4,3
Minority_Diagnostic,mqtt.ver,0.0,26,4,3
Minority_Diagnostic,tcp.ack,0.02300196,17,4,3
Minority_Diagnostic,tcp.ack_raw,0.027585756,15,4,3
Minority_Diagnostic,tcp.checksum,0.03952264,12,4,3
Minority_Diagnostic,tcp.connection.fin,0.0,26,4,3
Minority_Diagnostic,tcp.connection.rst,0.012155719,19,4,3
Minority_Diagnostic,tcp.connection.syn,0.032377884,14,4,3
Minority_Diagnostic,tcp.connection.synack,0.0,26,4,3
Minority_Diagnostic,tcp.dstport,0.6637829,3,4,3
Minority_Diagnostic,tcp.flags,0.3144713,8,4,3
Minority_Diagnostic,tcp.flags.ack,0.0,26,4,3
Minority_Diagnostic,tcp.len,3.3849614,1,4,3
Minority_Diagnostic,tcp.seq,0.0045315786,22,4,3
Minority_Diagnostic,tcp.srcport,1.4950327,2,4,3
Minority_Diagnostic,udp.port,0.5351007,5,4,3
Minority_Diagnostic,udp.stream,0.017997902,18,4,3
Minority_Diagnostic,udp.time_delta,0.21100159,10,4,3
Natural_Global,arp.hw.size,0.010507451,25,4,4
Natural_Global,arp.opcode,0.03932372,19,4,4
Natural_Global,dns.qry.name,0.013410806,22,4,4
Natural_Global,dns.qry.name.len,0.0,32,4,4
Natural_Global,dns.qry.qu,0.0,32,4,4
Natural_Global,dns.retransmission,0.0,32,4,4
Natural_Global,dns.retransmit_request,0.0,32,4,4
Natural_Global,http.content_length,0.02003626,20,4,4
Natural_Global,http.referer,1.1118872,1,4,4
Natural_Global,http.request.method,0.75161016,3,4,4
Natural_Global,http.request.version,0.59564346,4,4,4
Natural_Global,http.response,0.0006856967,28,4,4
Natural_Global,icmp.checksum,0.34827447,8,4,4
Natural_Global,icmp.seq_le,0.17975351,11,4,4
Natural_Global,icmp.transmit_timestamp,0.0006353521,29,4,4
Natural_Global,mqtt.conack.flags,0.392959,7,4,4
Natural_Global,mqtt.conflag.cleansess,0.0,32,4,4
Natural_Global,mqtt.conflags,0.00035584814,30,4,4
Natural_Global,mqtt.hdrflags,0.0,32,4,4
Natural_Global,mqtt.len,0.0,32,4,4
Natural_Global,mqtt.msgtype,0.0,32,4,4
Natural_Global,mqtt.proto_len,0.0,32,4,4
Natural_Global,mqtt.protoname,0.100509554,16,4,4
Natural_Global,mqtt.topic,0.018424056,21,4,4
Natural_Global,mqtt.topic_len,0.0,32,4,4
Natural_Global,mqtt.ver,0.0,32,4,4
Natural_Global,tcp.ack,0.48213112,6,4,4
Natural_Global,tcp.ack_raw,0.15331666,12,4,4
Natural_Global,tcp.checksum,0.11205917,15,4,4
Natural_Global,tcp.connection.fin,0.012262167,23,4,4
Natural_Global,tcp.connection.rst,0.06010574,17,4,4
Natural_Global,tcp.connection.syn,0.046531484,18,4,4
Natural_Global,tcp.connection.synack,0.010767614,24,4,4
Natural_Global,tcp.dstport,0.55456895,5,4,4
Natural_Global,tcp.flags,0.20258874,10,4,4
Natural_Global,tcp.flags.ack,0.0032595461,26,4,4
Natural_Global,tcp.len,0.13175286,13,4,4
Natural_Global,tcp.seq,0.12367337,14,4,4
Natural_Global,tcp.srcport,0.8971592,2,4,4
Natural_Global,udp.port,0.0018302429,27,4,4
Natural_Global,udp.stream,0.26261976,9,4,4
Natural_Global,udp.time_delta,7.108334e-06,31,4,4
Class_Balanced,arp.hw.size,0.0080509605,27,4,4
Class_Balanced,arp.opcode,0.025416816,22,4,4
Class_Balanced,dns.qry.name,0.0388419,21,4,4
Class_Balanced,dns.qry.name.len,0.0,32,4,4
Class_Balanced,dns.qry.qu,0.0,32,4,4
Class_Balanced,dns.retransmission,0.0,32,4,4
Class_Balanced,dns.retransmit_request,0.0,32,4,4
Class_Balanced,http.content_length,0.06023067,19,4,4
Class_Balanced,http.referer,0.7288106,4,4,4
Class_Balanced,http.request.method,0.42568538,6,4,4
Class_Balanced,http.request.version,0.3245018,10,4,4
Class_Balanced,http.response,0.0010932516,29,4,4
Class_Balanced,icmp.checksum,0.30258575,11,4,4
Class_Balanced,icmp.seq_le,0.33870718,9,4,4
Class_Balanced,icmp.transmit_timestamp,0.014174614,26,4,4
Class_Balanced,mqtt.conack.flags,0.40983075,8,4,4
Class_Balanced,mqtt.conflag.cleansess,0.0,32,4,4
Class_Balanced,mqtt.conflags,0.00035522872,30,4,4
Class_Balanced,mqtt.hdrflags,0.0,32,4,4
Class_Balanced,mqtt.len,0.0,32,4,4
Class_Balanced,mqtt.msgtype,0.0,32,4,4
Class_Balanced,mqtt.proto_len,0.0,32,4,4
Class_Balanced,mqtt.protoname,0.08868496,18,4,4
Class_Balanced,mqtt.topic,0.020170253,24,4,4
Class_Balanced,mqtt.topic_len,0.0,32,4,4
Class_Balanced,mqtt.ver,0.0,32,4,4
Class_Balanced,tcp.ack,0.8560321,2,4,4
Class_Balanced,tcp.ack_raw,0.20932284,14,4,4
Class_Balanced,tcp.checksum,0.10666873,16,4,4
Class_Balanced,tcp.connection.fin,0.024433017,23,4,4
Class_Balanced,tcp.connection.rst,0.1465,15,4,4
Class_Balanced,tcp.connection.syn,0.0967639,17,4,4
Class_Balanced,tcp.connection.synack,0.014830506,25,4,4
Class_Balanced,tcp.dstport,0.8552754,3,4,4
Class_Balanced,tcp.flags,0.21475376,13,4,4
Class_Balanced,tcp.flags.ack,0.00291532,28,4,4
Class_Balanced,tcp.len,0.66843987,5,4,4
Class_Balanced,tcp.seq,0.2501808,12,4,4
Class_Balanced,tcp.srcport,0.87448627,1,4,4
Class_Balanced,udp.port,0.042510815,20,4,4
Class_Balanced,udp.stream,0.40991625,7,4,4
Class_Balanced,udp.time_delta,3.4263028e-06,31,4,4
Minority_Diagnostic,arp.hw.size,0.009394034,19,4,4
Minority_Diagnostic,arp.opcode,0.050276868,11,4,4
Minority_Diagnostic,dns.qry.name,0.0007119789,22,4,4
Minority_Diagnostic,dns.qry.name.len,0.0,24,4,4
Minority_Diagnostic,dns.qry.qu,0.0,24,4,4
Minority_Diagnostic,dns.retransmission,0.0,24,4,4
Minority_Diagnostic,dns.retransmit_request,0.0,24,4,4
Minority_Diagnostic,http.content_length,0.0,24,4,4
Minority_Diagnostic,http.referer,0.015628345,16,4,4
Minority_Diagnostic,http.request.method,0.2717129,9,4,4
Minority_Diagnostic,http.request.version,0.53502846,5,4,4
Minority_Diagnostic,http.response,0.0,24,4,4
Minority_Diagnostic,icmp.checksum,0.5658858,4,4,4
Minority_Diagnostic,icmp.seq_le,0.44581854,6,4,4
Minority_Diagnostic,icmp.transmit_timestamp,0.105680846,10,4,4
Minority_Diagnostic,mqtt.conack.flags,0.0030919847,21,4,4
Minority_Diagnostic,mqtt.conflag.cleansess,0.0,24,4,4
Minority_Diagnostic,mqtt.conflags,0.0,24,4,4
Minority_Diagnostic,mqtt.hdrflags,0.0,24,4,4
Minority_Diagnostic,mqtt.len,0.0,24,4,4
Minority_Diagnostic,mqtt.msgtype,0.0,24,4,4
Minority_Diagnostic,mqtt.proto_len,0.0,24,4,4
Minority_Diagnostic,mqtt.protoname,1.4038851e-05,23,4,4
Minority_Diagnostic,mqtt.topic,0.0,24,4,4
Minority_Diagnostic,mqtt.topic_len,0.0,24,4,4
Minority_Diagnostic,mqtt.ver,0.0,24,4,4
Minority_Diagnostic,tcp.ack,0.026199466,14,4,4
Minority_Diagnostic,tcp.ack_raw,0.03128577,12,4,4
Minority_Diagnostic,tcp.checksum,0.028781923,13,4,4
Minority_Diagnostic,tcp.connection.fin,0.0,24,4,4
Minority_Diagnostic,tcp.connection.rst,0.014925822,18,4,4
Minority_Diagnostic,tcp.connection.syn,0.015022421,17,4,4
Minority_Diagnostic,tcp.connection.synack,0.0,24,4,4
Minority_Diagnostic,tcp.dstport,0.6120929,3,4,4
Minority_Diagnostic,tcp.flags,0.2825246,8,4,4
Minority_Diagnostic,tcp.flags.ack,0.0,24,4,4
Minority_Diagnostic,tcp.len,3.457544,1,4,4
Minority_Diagnostic,tcp.seq,0.0068031005,20,4,4
Minority_Diagnostic,tcp.srcport,1.6032349,2,4,4
Minority_Diagnostic,udp.port,0.3186709,7,4,4
Minority_Diagnostic,udp.stream,0.022102084,15,4,4
Minority_Diagnostic,udp.time_delta,0.0,24,4,4
Natural_Global,arp.hw.size,0.009261207,25,4,5
Natural_Global,arp.opcode,0.040525243,19,4,5
Natural_Global,dns.qry.name,0.03153994,20,4,5
Natural_Global,dns.qry.name.len,0.0,33,4,5
Natural_Global,dns.qry.qu,0.0,33,4,5
Natural_Global,dns.retransmission,0.0,33,4,5
Natural_Global,dns.retransmit_request,0.0,33,4,5
Natural_Global,http.content_length,0.020449003,21,4,5
Natural_Global,http.referer,1.1247405,1,4,5
Natural_Global,http.request.method,0.7186122,3,4,5
Natural_Global,http.request.version,0.5717941,4,4,5
Natural_Global,http.response,0.0008385176,28,4,5
Natural_Global,icmp.checksum,0.37209544,8,4,5
Natural_Global,icmp.seq_le,0.17237473,11,4,5
Natural_Global,icmp.transmit_timestamp,0.0008060959,30,4,5
Natural_Global,mqtt.conack.flags,0.43290353,7,4,5
Natural_Global,mqtt.conflag.cleansess,0.00036665908,32,4,5
Natural_Global,mqtt.conflags,0.0,33,4,5
Natural_Global,mqtt.hdrflags,0.0,33,4,5
Natural_Global,mqtt.len,0.00045992158,31,4,5
Natural_Global,mqtt.msgtype,0.0,33,4,5
Natural_Global,mqtt.proto_len,0.0,33,4,5
Natural_Global,mqtt.protoname,0.06773235,16,4,5
Natural_Global,mqtt.topic,0.016893152,22,4,5
Natural_Global,mqtt.topic_len,0.0,33,4,5
Natural_Global,mqtt.ver,0.0,33,4,5
Natural_Global,tcp.ack,0.49442574,6,4,5
Natural_Global,tcp.ack_raw,0.1386084,13,4,5
Natural_Global,tcp.checksum,0.11793419,15,4,5
Natural_Global,tcp.connection.fin,0.010951249,24,4,5
Natural_Global,tcp.connection.rst,0.052338775,18,4,5
Natural_Global,tcp.connection.syn,0.05795043,17,4,5
Natural_Global,tcp.connection.synack,0.012134672,23,4,5
Natural_Global,tcp.dstport,0.55365616,5,4,5
Natural_Global,tcp.flags,0.18022786,10,4,5
Natural_Global,tcp.flags.ack,0.001413943,27,4,5
Natural_Global,tcp.len,0.13835469,14,4,5
Natural_Global,tcp.seq,0.14024554,12,4,5
Natural_Global,tcp.srcport,0.91002077,2,4,5
Natural_Global,udp.port,0.002115772,26,4,5
Natural_Global,udp.stream,0.26493365,9,4,5
Natural_Global,udp.time_delta,0.00082960434,29,4,5
Class_Balanced,arp.hw.size,0.007225863,28,4,5
Class_Balanced,arp.opcode,0.02579649,23,4,5
Class_Balanced,dns.qry.name,0.06395922,21,4,5
Class_Balanced,dns.qry.name.len,0.0,33,4,5
Class_Balanced,dns.qry.qu,0.0,33,4,5
Class_Balanced,dns.retransmission,0.0,33,4,5
Class_Balanced,dns.retransmit_request,0.0,33,4,5
Class_Balanced,http.content_length,0.076334044,19,4,5
Class_Balanced,http.referer,0.73126644,4,4,5
Class_Balanced,http.request.method,0.4003193,6,4,5
Class_Balanced,http.request.version,0.30676916,10,4,5
Class_Balanced,http.response,0.000989443,30,4,5
Class_Balanced,icmp.checksum,0.2944337,11,4,5
Class_Balanced,icmp.seq_le,0.3707074,9,4,5
Class_Balanced,icmp.transmit_timestamp,0.008701219,27,4,5
Class_Balanced,mqtt.conack.flags,0.39943206,8,4,5
Class_Balanced,mqtt.conflag.cleansess,0.00021379524,32,4,5
Class_Balanced,mqtt.conflags,0.0,33,4,5
Class_Balanced,mqtt.hdrflags,0.0,33,4,5
Class_Balanced,mqtt.len,0.0005097168,31,4,5
Class_Balanced,mqtt.msgtype,0.0,33,4,5
Class_Balanced,mqtt.proto_len,0.0,33,4,5
Class_Balanced,mqtt.protoname,0.10000333,17,4,5
Class_Balanced,mqtt.topic,0.015720986,26,4,5
Class_Balanced,mqtt.topic_len,0.0,33,4,5
Class_Balanced,mqtt.ver,0.0,33,4,5
Class_Balanced,tcp.ack,0.8422747,3,4,5
Class_Balanced,tcp.ack_raw,0.19490972,14,4,5
Class_Balanced,tcp.checksum,0.097993545,18,4,5
Class_Balanced,tcp.connection.fin,0.028181458,22,4,5
Class_Balanced,tcp.connection.rst,0.12363504,15,4,5
Class_Balanced,tcp.connection.syn,0.1200501,16,4,5
Class_Balanced,tcp.connection.synack,0.019074041,25,4,5
Class_Balanced,tcp.dstport,0.87906545,1,4,5
Class_Balanced,tcp.flags,0.23480697,13,4,5
Class_Balanced,tcp.flags.ack,0.0016197948,29,4,5
Class_Balanced,tcp.len,0.676252,5,4,5
Class_Balanced,tcp.seq,0.26205632,12,4,5
Class_Balanced,tcp.srcport,0.8691084,2,4,5
Class_Balanced,udp.port,0.0695493,20,4,5
Class_Balanced,udp.stream,0.40019137,7,4,5
Class_Balanced,udp.time_delta,0.02434764,24,4,5
Minority_Diagnostic,arp.hw.size,0.0066848267,21,4,5
Minority_Diagnostic,arp.opcode,0.036815464,12,4,5
Minority_Diagnostic,dns.qry.name,0.001287826,23,4,5
Minority_Diagnostic,dns.qry.name.len,0.0,25,4,5
Minority_Diagnostic,dns.qry.qu,0.0,25,4,5
Minority_Diagnostic,dns.retransmission,0.0,25,4,5
Minority_Diagnostic,dns.retransmit_request,0.0,25,4,5
Minority_Diagnostic,http.content_length,0.0,25,4,5
Minority_Diagnostic,http.referer,0.006348599,22,4,5
Minority_Diagnostic,http.request.method,0.23976722,8,4,5
Minority_Diagnostic,http.request.version,0.35999364,7,4,5
Minority_Diagnostic,http.response,0.0,25,4,5
Minority_Diagnostic,icmp.checksum,0.5815471,3,4,5
Minority_Diagnostic,icmp.seq_le,0.53494674,4,4,5
Minority_Diagnostic,icmp.transmit_timestamp,0.06480659,11,4,5
Minority_Diagnostic,mqtt.conack.flags,0.0067997174,20,4,5
Minority_Diagnostic,mqtt.conflag.cleansess,0.0,25,4,5
Minority_Diagnostic,mqtt.conflags,0.0,25,4,5
Minority_Diagnostic,mqtt.hdrflags,0.0,25,4,5
Minority_Diagnostic,mqtt.len,0.0,25,4,5
Minority_Diagnostic,mqtt.msgtype,0.0,25,4,5
Minority_Diagnostic,mqtt.proto_len,0.0,25,4,5
Minority_Diagnostic,mqtt.protoname,2.1201993e-05,24,4,5
Minority_Diagnostic,mqtt.topic,0.0,25,4,5
Minority_Diagnostic,mqtt.topic_len,0.0,25,4,5
Minority_Diagnostic,mqtt.ver,0.0,25,4,5
Minority_Diagnostic,tcp.ack,0.022497265,15,4,5
Minority_Diagnostic,tcp.ack_raw,0.030818295,13,4,5
Minority_Diagnostic,tcp.checksum,0.028885335,14,4,5
Minority_Diagnostic,tcp.connection.fin,0.0,25,4,5
Minority_Diagnostic,tcp.connection.rst,0.016855814,18,4,5
Minority_Diagnostic,tcp.connection.syn,0.021396376,16,4,5
Minority_Diagnostic,tcp.connection.synack,0.0,25,4,5
Minority_Diagnostic,tcp.dstport,0.5014828,6,4,5
Minority_Diagnostic,tcp.flags,0.1745127,10,4,5
Minority_Diagnostic,tcp.flags.ack,0.0,25,4,5
Minority_Diagnostic,tcp.len,3.6060975,1,4,5
Minority_Diagnostic,tcp.seq,0.010479206,19,4,5
Minority_Diagnostic,tcp.srcport,1.5398929,2,4,5
Minority_Diagnostic,udp.port,0.5213828,5,4,5
Minority_Diagnostic,udp.stream,0.016870473,17,4,5
Minority_Diagnostic,udp.time_delta,0.18260731,9,4,5
Natural_Global,arp.hw.size,0.009797175,25,5,1
Natural_Global,arp.opcode,0.040398803,19,5,1
Natural_Global,dns.qry.name,0.028599992,20,5,1
Natural_Global,dns.qry.name.len,0.00011675735,32,5,1
Natural_Global,dns.qry.qu,0.0,33,5,1
Natural_Global,dns.retransmission,0.0,33,5,1
Natural_Global,dns.retransmit_request,0.0,33,5,1
Natural_Global,http.content_length,0.020197818,21,5,1
Natural_Global,http.referer,1.1268088,1,5,1
Natural_Global,http.request.method,0.73899657,3,5,1
Natural_Global,http.request.version,0.58280706,5,5,1
Natural_Global,http.response,0.0012153081,28,5,1
Natural_Global,icmp.checksum,0.34346676,8,5,1
Natural_Global,icmp.seq_le,0.17541723,10,5,1
Natural_Global,icmp.transmit_timestamp,0.00054295384,30,5,1
Natural_Global,mqtt.conack.flags,0.38737193,7,5,1
Natural_Global,mqtt.conflag.cleansess,0.0004211723,31,5,1
Natural_Global,mqtt.conflags,0.0,33,5,1
Natural_Global,mqtt.hdrflags,0.0,33,5,1
Natural_Global,mqtt.len,0.0,33,5,1
Natural_Global,mqtt.msgtype,0.0,33,5,1
Natural_Global,mqtt.proto_len,0.0,33,5,1
Natural_Global,mqtt.protoname,0.11136599,15,5,1
Natural_Global,mqtt.topic,0.016421927,22,5,1
Natural_Global,mqtt.topic_len,0.0,33,5,1
Natural_Global,mqtt.ver,0.0,33,5,1
Natural_Global,tcp.ack,0.49489936,6,5,1
Natural_Global,tcp.ack_raw,0.13892151,11,5,1
Natural_Global,tcp.checksum,0.102168076,16,5,1
Natural_Global,tcp.connection.fin,0.0120944455,24,5,1
Natural_Global,tcp.connection.rst,0.04569488,18,5,1
Natural_Global,tcp.connection.syn,0.055133272,17,5,1
Natural_Global,tcp.connection.synack,0.012135327,23,5,1
Natural_Global,tcp.dstport,0.63120514,4,5,1
Natural_Global,tcp.flags,0.11658193,14,5,1
Natural_Global,tcp.flags.ack,0.003056577,26,5,1
Natural_Global,tcp.len,0.1301882,12,5,1
Natural_Global,tcp.seq,0.12526304,13,5,1
Natural_Global,tcp.srcport,0.91201615,2,5,1
Natural_Global,udp.port,0.00085731293,29,5,1
Natural_Global,udp.stream,0.2963321,9,5,1
Natural_Global,udp.time_delta,0.0020383468,27,5,1
Class_Balanced,arp.hw.size,0.009376957,28,5,1
Class_Balanced,arp.opcode,0.02250723,24,5,1
Class_Balanced,dns.qry.name,0.057315886,21,5,1
Class_Balanced,dns.qry.name.len,0.0019527647,30,5,1
Class_Balanced,dns.qry.qu,0.0,33,5,1
Class_Balanced,dns.retransmission,0.0,33,5,1
Class_Balanced,dns.retransmit_request,0.0,33,5,1
Class_Balanced,http.content_length,0.070065506,20,5,1
Class_Balanced,http.referer,0.7362472,4,5,1
Class_Balanced,http.request.method,0.38552514,8,5,1
Class_Balanced,http.request.version,0.32854536,10,5,1
Class_Balanced,http.response,0.001341488,31,5,1
Class_Balanced,icmp.checksum,0.29536018,11,5,1
Class_Balanced,icmp.seq_le,0.34423545,9,5,1
Class_Balanced,icmp.transmit_timestamp,0.00994651,27,5,1
Class_Balanced,mqtt.conack.flags,0.39196688,7,5,1
Class_Balanced,mqtt.conflag.cleansess,0.00037626995,32,5,1
Class_Balanced,mqtt.conflags,0.0,33,5,1
Class_Balanced,mqtt.hdrflags,0.0,33,5,1
Class_Balanced,mqtt.len,0.0,33,5,1
Class_Balanced,mqtt.msgtype,0.0,33,5,1
Class_Balanced,mqtt.proto_len,0.0,33,5,1
Class_Balanced,mqtt.protoname,0.1020591,17,5,1
Class_Balanced,mqtt.topic,0.021576693,25,5,1
Class_Balanced,mqtt.topic_len,0.0,33,5,1
Class_Balanced,mqtt.ver,0.0,33,5,1
Class_Balanced,tcp.ack,0.8832791,3,5,1
Class_Balanced,tcp.ack_raw,0.20300812,13,5,1
Class_Balanced,tcp.checksum,0.10772654,16,5,1
Class_Balanced,tcp.connection.fin,0.026888736,22,5,1
Class_Balanced,tcp.connection.rst,0.08394814,19,5,1
Class_Balanced,tcp.connection.syn,0.122594856,15,5,1
Class_Balanced,tcp.connection.synack,0.017889114,26,5,1
Class_Balanced,tcp.dstport,0.91276306,1,5,1
Class_Balanced,tcp.flags,0.17565608,14,5,1
Class_Balanced,tcp.flags.ack,0.0040682033,29,5,1
Class_Balanced,tcp.len,0.60366046,5,5,1
Class_Balanced,tcp.seq,0.26187715,12,5,1
Class_Balanced,tcp.srcport,0.883369,2,5,1
Class_Balanced,udp.port,0.025599996,23,5,1
Class_Balanced,udp.stream,0.4283992,6,5,1
Class_Balanced,udp.time_delta,0.10028415,18,5,1
Minority_Diagnostic,arp.hw.size,0.01147525,20,5,1
Minority_Diagnostic,arp.opcode,0.03903374,13,5,1
Minority_Diagnostic,dns.qry.name,0.002218458,23,5,1
Minority_Diagnostic,dns.qry.name.len,0.014645735,17,5,1
Minority_Diagnostic,dns.qry.qu,0.0,25,5,1
Minority_Diagnostic,dns.retransmission,0.0,25,5,1
Minority_Diagnostic,dns.retransmit_request,0.0,25,5,1
Minority_Diagnostic,http.content_length,0.0,25,5,1
Minority_Diagnostic,http.referer,0.0028047338,22,5,1
Minority_Diagnostic,http.request.method,0.23589447,8,5,1
Minority_Diagnostic,http.request.version,0.48521987,6,5,1
Minority_Diagnostic,http.response,0.0,25,5,1
Minority_Diagnostic,icmp.checksum,0.62025356,5,5,1
Minority_Diagnostic,icmp.seq_le,0.4421753,7,5,1
Minority_Diagnostic,icmp.transmit_timestamp,0.074062,11,5,1
Minority_Diagnostic,mqtt.conack.flags,0.0031856354,21,5,1
Minority_Diagnostic,mqtt.conflag.cleansess,0.0,25,5,1
Minority_Diagnostic,mqtt.conflags,0.0,25,5,1
Minority_Diagnostic,mqtt.hdrflags,0.0,25,5,1
Minority_Diagnostic,mqtt.len,0.0,25,5,1
Minority_Diagnostic,mqtt.msgtype,0.0,25,5,1
Minority_Diagnostic,mqtt.proto_len,0.0,25,5,1
Minority_Diagnostic,mqtt.protoname,0.0019195466,24,5,1
Minority_Diagnostic,mqtt.topic,0.0,25,5,1
Minority_Diagnostic,mqtt.topic_len,0.0,25,5,1
Minority_Diagnostic,mqtt.ver,0.0,25,5,1
Minority_Diagnostic,tcp.ack,0.04270944,12,5,1
Minority_Diagnostic,tcp.ack_raw,0.027612101,15,5,1
Minority_Diagnostic,tcp.checksum,0.020651134,16,5,1
Minority_Diagnostic,tcp.connection.fin,0.0,25,5,1
Minority_Diagnostic,tcp.connection.rst,0.011481569,19,5,1
Minority_Diagnostic,tcp.connection.syn,0.030258767,14,5,1
Minority_Diagnostic,tcp.connection.synack,0.0,25,5,1
Minority_Diagnostic,tcp.dstport,0.77678436,3,5,1
Minority_Diagnostic,tcp.flags,0.09093865,10,5,1
Minority_Diagnostic,tcp.flags.ack,0.0,25,5,1
Minority_Diagnostic,tcp.len,3.0581625,1,5,1
Minority_Diagnostic,tcp.seq,0.0,25,5,1
Minority_Diagnostic,tcp.srcport,1.5420889,2,5,1
Minority_Diagnostic,udp.port,0.19153109,9,5,1
Minority_Diagnostic,udp.stream,0.012111525,18,5,1
Minority_Diagnostic,udp.time_delta,0.7520459,4,5,1
Natural_Global,arp.hw.size,0.008028809,25,5,2
Natural_Global,arp.opcode,0.043439846,19,5,2
Natural_Global,dns.qry.name,0.022680355,22,5,2
Natural_Global,dns.qry.name.len,0.0,31,5,2
Natural_Global,dns.qry.qu,0.0,31,5,2
Natural_Global,dns.retransmission,0.0,31,5,2
Natural_Global,dns.retransmit_request,0.0,31,5,2
Natural_Global,http.content_length,0.024712805,20,5,2
Natural_Global,http.referer,1.1237881,1,5,2
Natural_Global,http.request.method,0.74690187,3,5,2
Natural_Global,http.request.version,0.5679338,5,5,2
Natural_Global,http.response,0.00078628515,28,5,2
Natural_Global,icmp.checksum,0.41177818,7,5,2
Natural_Global,icmp.seq_le,0.17887826,10,5,2
Natural_Global,icmp.transmit_timestamp,0.00072731526,29,5,2
Natural_Global,mqtt.conack.flags,0.39371702,8,5,2
Natural_Global,mqtt.conflag.cleansess,0.0,31,5,2
Natural_Global,mqtt.conflags,0.0,31,5,2
Natural_Global,mqtt.hdrflags,0.0,31,5,2
Natural_Global,mqtt.len,0.0,31,5,2
Natural_Global,mqtt.msgtype,0.0,31,5,2
Natural_Global,mqtt.proto_len,0.0,31,5,2
Natural_Global,mqtt.protoname,0.09293523,16,5,2
Natural_Global,mqtt.topic,0.02284937,21,5,2
Natural_Global,mqtt.topic_len,0.0,31,5,2
Natural_Global,mqtt.ver,0.0,31,5,2
Natural_Global,tcp.ack,0.47745594,6,5,2
Natural_Global,tcp.ack_raw,0.130441,13,5,2
Natural_Global,tcp.checksum,0.10132371,15,5,2
Natural_Global,tcp.connection.fin,0.012218569,23,5,2
Natural_Global,tcp.connection.rst,0.04813717,18,5,2
Natural_Global,tcp.connection.syn,0.049841117,17,5,2
Natural_Global,tcp.connection.synack,0.011207782,24,5,2
Natural_Global,tcp.dstport,0.63102084,4,5,2
Natural_Global,tcp.flags,0.11603018,14,5,2
Natural_Global,tcp.flags.ack,0.0021153311,26,5,2
Natural_Global,tcp.len,0.13204378,12,5,2
Natural_Global,tcp.seq,0.13676035,11,5,2
Natural_Global,tcp.srcport,0.9048156,2,5,2
Natural_Global,udp.port,0.0016702311,27,5,2
Natural_Global,udp.stream,0.28548947,9,5,2
Natural_Global,udp.time_delta,0.00054309476,30,5,2
Class_Balanced,arp.hw.size,0.0048050387,28,5,2
Class_Balanced,arp.opcode,0.026899774,23,5,2
Class_Balanced,dns.qry.name,0.051327165,22,5,2
Class_Balanced,dns.qry.name.len,0.0,31,5,2
Class_Balanced,dns.qry.qu,0.0,31,5,2
Class_Balanced,dns.retransmission,0.0,31,5,2
Class_Balanced,dns.retransmit_request,0.0,31,5,2
Class_Balanced,http.content_length,0.0793631,19,5,2
Class_Balanced,http.referer,0.7112686,4,5,2
Class_Balanced,http.request.method,0.4218994,7,5,2
Class_Balanced,http.request.version,0.28578985,11,5,2
Class_Balanced,http.response,0.00047472338,30,5,2
Class_Balanced,icmp.checksum,0.29658926,10,5,2
Class_Balanced,icmp.seq_le,0.33576292,9,5,2
Class_Balanced,icmp.transmit_timestamp,0.0056211073,27,5,2
Class_Balanced,mqtt.conack.flags,0.37650946,8,5,2
Class_Balanced,mqtt.conflag.cleansess,0.0,31,5,2
Class_Balanced,mqtt.conflags,0.0,31,5,2
Class_Balanced,mqtt.hdrflags,0.0,31,5,2
Class_Balanced,mqtt.len,0.0,31,5,2
Class_Balanced,mqtt.msgtype,0.0,31,5,2
Class_Balanced,mqtt.proto_len,0.0,31,5,2
Class_Balanced,mqtt.protoname,0.083446234,18,5,2
Class_Balanced,mqtt.topic,0.055074506,21,5,2
Class_Balanced,mqtt.topic_len,0.0,31,5,2
Class_Balanced,mqtt.ver,0.0,31,5,2
Class_Balanced,tcp.ack,0.9127623,2,5,2
Class_Balanced,tcp.ack_raw,0.16900545,13,5,2
Class_Balanced,tcp.checksum,0.110926345,15,5,2
Class_Balanced,tcp.connection.fin,0.026459796,24,5,2
Class_Balanced,tcp.connection.rst,0.10843587,16,5,2
Class_Balanced,tcp.connection.syn,0.09933514,17,5,2
Class_Balanced,tcp.connection.synack,0.017893275,25,5,2
Class_Balanced,tcp.dstport,0.95559764,1,5,2
Class_Balanced,tcp.flags,0.1571669,14,5,2
Class_Balanced,tcp.flags.ack,0.0028127849,29,5,2
Class_Balanced,tcp.len,0.7035561,5,5,2
Class_Balanced,tcp.seq,0.27854013,12,5,2
Class_Balanced,tcp.srcport,0.8623924,3,5,2
Class_Balanced,udp.port,0.06962897,20,5,2
Class_Balanced,udp.stream,0.431787,6,5,2
Class_Balanced,udp.time_delta,0.016462747,26,5,2
Minority_Diagnostic,arp.hw.size,0.0074911914,19,5,2
Minority_Diagnostic,arp.opcode,0.048639357,11,5,2
Minority_Diagnostic,dns.qry.name,0.002330332,22,5,2
Minority_Diagnostic,dns.qry.name.len,0.0,24,5,2
Minority_Diagnostic,dns.qry.qu,0.0,24,5,2
Minority_Diagnostic,dns.retransmission,0.0,24,5,2
Minority_Diagnostic,dns.retransmit_request,0.0,24,5,2
Minority_Diagnostic,http.content_length,0.0,24,5,2
Minority_Diagnostic,http.referer,0.0055239643,20,5,2
Minority_Diagnostic,http.request.method,0.19313258,8,5,2
Minority_Diagnostic,http.request.version,0.38751176,7,5,2
Minority_Diagnostic,http.response,0.0,24,5,2
Minority_Diagnostic,icmp.checksum,0.52545285,4,5,2
Minority_Diagnostic,icmp.seq_le,0.3973962,6,5,2
Minority_Diagnostic,icmp.transmit_timestamp,0.041778706,12,5,2
Minority_Diagnostic,mqtt.conack.flags,0.004652324,21,5,2
Minority_Diagnostic,mqtt.conflag.cleansess,0.0,24,5,2
Minority_Diagnostic,mqtt.conflags,0.0,24,5,2
Minority_Diagnostic,mqtt.hdrflags,0.0,24,5,2
Minority_Diagnostic,mqtt.len,0.0,24,5,2
Minority_Diagnostic,mqtt.msgtype,0.0,24,5,2
Minority_Diagnostic,mqtt.proto_len,0.0,24,5,2
Minority_Diagnostic,mqtt.protoname,0.0,24,5,2
Minority_Diagnostic,mqtt.topic,0.0,24,5,2
Minority_Diagnostic,mqtt.topic_len,0.0,24,5,2
Minority_Diagnostic,mqtt.ver,0.0,24,5,2
Minority_Diagnostic,tcp.ack,0.03583917,13,5,2
Minority_Diagnostic,tcp.ack_raw,0.016228316,15,5,2
Minority_Diagnostic,tcp.checksum,0.014614623,16,5,2
Minority_Diagnostic,tcp.connection.fin,0.0,24,5,2
Minority_Diagnostic,tcp.connection.rst,0.012445089,17,5,2
Minority_Diagnostic,tcp.connection.syn,0.033294156,14,5,2
Minority_Diagnostic,tcp.connection.synack,0.0,24,5,2
Minority_Diagnostic,tcp.dstport,0.96030796,3,5,2
Minority_Diagnostic,tcp.flags,0.07130504,10,5,2
Minority_Diagnostic,tcp.flags.ack,0.0,24,5,2
Minority_Diagnostic,tcp.len,3.7340248,1,5,2
Minority_Diagnostic,tcp.seq,0.0016648002,23,5,2
Minority_Diagnostic,tcp.srcport,1.4286593,2,5,2
Minority_Diagnostic,udp.port,0.5219208,5,5,2
Minority_Diagnostic,udp.stream,0.0110638505,18,5,2
Minority_Diagnostic,udp.time_delta,0.12340029,9,5,2
Natural_Global,arp.hw.size,0.007421897,25,5,3
Natural_Global,arp.opcode,0.04047825,19,5,3
Natural_Global,dns.qry.name,0.03357304,20,5,3
Natural_Global,dns.qry.name.len,0.0,32,5,3
Natural_Global,dns.qry.qu,0.0,32,5,3
Natural_Global,dns.retransmission,0.0,32,5,3
Natural_Global,dns.retransmit_request,0.0,32,5,3
Natural_Global,http.content_length,0.019742243,21,5,3
Natural_Global,http.referer,1.1381625,1,5,3
Natural_Global,http.request.method,0.76415896,3,5,3
Natural_Global,http.request.version,0.5304965,5,5,3
Natural_Global,http.response,0.0011936796,29,5,3
Natural_Global,icmp.checksum,0.36681926,8,5,3
Natural_Global,icmp.seq_le,0.19621104,10,5,3
Natural_Global,icmp.transmit_timestamp,0.00056839694,30,5,3
Natural_Global,mqtt.conack.flags,0.408514,7,5,3
Natural_Global,mqtt.conflag.cleansess,0.0,32,5,3
Natural_Global,mqtt.conflags,0.0,32,5,3
Natural_Global,mqtt.hdrflags,0.0003917124,31,5,3
Natural_Global,mqtt.len,0.0,32,5,3
Natural_Global,mqtt.msgtype,0.0,32,5,3
Natural_Global,mqtt.proto_len,0.0,32,5,3
Natural_Global,mqtt.protoname,0.09233441,16,5,3
Natural_Global,mqtt.topic,0.018748308,22,5,3
Natural_Global,mqtt.topic_len,0.0,32,5,3
Natural_Global,mqtt.ver,0.0,32,5,3
Natural_Global,tcp.ack,0.47487718,6,5,3
Natural_Global,tcp.ack_raw,0.14499523,11,5,3
Natural_Global,tcp.checksum,0.09764179,15,5,3
Natural_Global,tcp.connection.fin,0.011807651,24,5,3
Natural_Global,tcp.connection.rst,0.052750148,18,5,3
Natural_Global,tcp.connection.syn,0.053698987,17,5,3
Natural_Global,tcp.connection.synack,0.011930645,23,5,3
Natural_Global,tcp.dstport,0.6108089,4,5,3
Natural_Global,tcp.flags,0.104549326,14,5,3
Natural_Global,tcp.flags.ack,0.0013645922,27,5,3
Natural_Global,tcp.len,0.13748112,12,5,3
Natural_Global,tcp.seq,0.13289937,13,5,3
Natural_Global,tcp.srcport,0.8585495,2,5,3
Natural_Global,udp.port,0.0012105204,28,5,3
Natural_Global,udp.stream,0.30827633,9,5,3
Natural_Global,udp.time_delta,0.0016449986,26,5,3
Class_Balanced,arp.hw.size,0.004938043,28,5,3
Class_Balanced,arp.opcode,0.026517255,24,5,3
Class_Balanced,dns.qry.name,0.06213619,21,5,3
Class_Balanced,dns.qry.name.len,0.0,32,5,3
Class_Balanced,dns.qry.qu,0.0,32,5,3
Class_Balanced,dns.retransmission,0.0,32,5,3
Class_Balanced,dns.retransmit_request,0.0,32,5,3
Class_Balanced,http.content_length,0.069618724,20,5,3
Class_Balanced,http.referer,0.7315243,4,5,3
Class_Balanced,http.request.method,0.41464984,7,5,3
Class_Balanced,http.request.version,0.27363232,12,5,3
Class_Balanced,http.response,0.0019953633,30,5,3
Class_Balanced,icmp.checksum,0.28454435,11,5,3
Class_Balanced,icmp.seq_le,0.3837281,9,5,3
Class_Balanced,icmp.transmit_timestamp,0.008872215,27,5,3
Class_Balanced,mqtt.conack.flags,0.40983957,8,5,3
Class_Balanced,mqtt.conflag.cleansess,0.0,32,5,3
Class_Balanced,mqtt.conflags,0.0,32,5,3
Class_Balanced,mqtt.hdrflags,0.00050926546,31,5,3
Class_Balanced,mqtt.len,0.0,32,5,3
Class_Balanced,mqtt.msgtype,0.0,32,5,3
Class_Balanced,mqtt.proto_len,0.0,32,5,3
Class_Balanced,mqtt.protoname,0.086429484,18,5,3
Class_Balanced,mqtt.topic,0.018339809,25,5,3
Class_Balanced,mqtt.topic_len,0.0,32,5,3
Class_Balanced,mqtt.ver,0.0,32,5,3
Class_Balanced,tcp.ack,0.8282701,3,5,3
Class_Balanced,tcp.ack_raw,0.18745306,13,5,3
Class_Balanced,tcp.checksum,0.09686681,17,5,3
Class_Balanced,tcp.connection.fin,0.030907502,23,5,3
Class_Balanced,tcp.connection.rst,0.129914,15,5,3
Class_Balanced,tcp.connection.syn,0.110184446,16,5,3
Class_Balanced,tcp.connection.synack,0.018238293,26,5,3
Class_Balanced,tcp.dstport,0.8921257,1,5,3
Class_Balanced,tcp.flags,0.14891462,14,5,3
Class_Balanced,tcp.flags.ack,0.0021549321,29,5,3
Class_Balanced,tcp.len,0.6760925,5,5,3
Class_Balanced,tcp.seq,0.29481247,10,5,3
Class_Balanced,tcp.srcport,0.8602575,2,5,3
Class_Balanced,udp.port,0.04081214,22,5,3
Class_Balanced,udp.stream,0.461902,6,5,3
Class_Balanced,udp.time_delta,0.07542981,19,5,3
Minority_Diagnostic,arp.hw.size,0.012742305,16,5,3
Minority_Diagnostic,arp.opcode,0.023943793,13,5,3
Minority_Diagnostic,dns.qry.name,0.0032714992,20,5,3
Minority_Diagnostic,dns.qry.name.len,0.0,24,5,3
Minority_Diagnostic,dns.qry.qu,0.0,24,5,3
Minority_Diagnostic,dns.retransmission,0.0,24,5,3
Minority_Diagnostic,dns.retransmit_request,0.0,24,5,3
Minority_Diagnostic,http.content_length,0.0,24,5,3
Minority_Diagnostic,http.referer,0.0027067042,21,5,3
Minority_Diagnostic,http.request.method,0.20298915,9,5,3
Minority_Diagnostic,http.request.version,0.36745793,7,5,3
Minority_Diagnostic,http.response,0.0,24,5,3
Minority_Diagnostic,icmp.checksum,0.6480027,4,5,3
Minority_Diagnostic,icmp.seq_le,0.5091289,6,5,3
Minority_Diagnostic,icmp.transmit_timestamp,0.06616889,10,5,3
Minority_Diagnostic,mqtt.conack.flags,0.001473385,22,5,3
Minority_Diagnostic,mqtt.conflag.cleansess,0.0,24,5,3
Minority_Diagnostic,mqtt.conflags,0.0,24,5,3
Minority_Diagnostic,mqtt.hdrflags,0.0,24,5,3
Minority_Diagnostic,mqtt.len,0.0,24,5,3
Minority_Diagnostic,mqtt.msgtype,0.0,24,5,3
Minority_Diagnostic,mqtt.proto_len,0.0,24,5,3
Minority_Diagnostic,mqtt.protoname,0.0,24,5,3
Minority_Diagnostic,mqtt.topic,0.0,24,5,3
Minority_Diagnostic,mqtt.topic_len,0.0,24,5,3
Minority_Diagnostic,mqtt.ver,0.0,24,5,3
Minority_Diagnostic,tcp.ack,0.014580681,15,5,3
Minority_Diagnostic,tcp.ack_raw,0.037586655,11,5,3
Minority_Diagnostic,tcp.checksum,0.011118161,17,5,3
Minority_Diagnostic,tcp.connection.fin,0.0,24,5,3
Minority_Diagnostic,tcp.connection.rst,0.011017845,18,5,3
Minority_Diagnostic,tcp.connection.syn,0.025791556,12,5,3
Minority_Diagnostic,tcp.connection.synack,0.0,24,5,3
Minority_Diagnostic,tcp.dstport,0.74665415,3,5,3
Minority_Diagnostic,tcp.flags,0.015863882,14,5,3
Minority_Diagnostic,tcp.flags.ack,0.0,24,5,3
Minority_Diagnostic,tcp.len,3.518668,1,5,3
Minority_Diagnostic,tcp.seq,0.0012537905,23,5,3
Minority_Diagnostic,tcp.srcport,1.3400387,2,5,3
Minority_Diagnostic,udp.port,0.30596706,8,5,3
Minority_Diagnostic,udp.stream,0.008877181,19,5,3
Minority_Diagnostic,udp.time_delta,0.5657236,5,5,3
Natural_Global,arp.hw.size,0.009571012,25,5,4
Natural_Global,arp.opcode,0.043453373,19,5,4
Natural_Global,dns.qry.name,0.025755381,20,5,4
Natural_Global,dns.qry.name.len,0.0,32,5,4
Natural_Global,dns.qry.qu,0.0,32,5,4
Natural_Global,dns.retransmission,0.0,32,5,4
Natural_Global,dns.retransmit_request,0.0,32,5,4
Natural_Global,http.content_length,0.01984511,22,5,4
Natural_Global,http.referer,1.1370821,1,5,4
Natural_Global,http.request.method,0.7936402,3,5,4
Natural_Global,http.request.version,0.5423256,5,5,4
Natural_Global,http.response,0.0011536276,28,5,4
Natural_Global,icmp.checksum,0.36309922,8,5,4
Natural_Global,icmp.seq_le,0.16653168,10,5,4
Natural_Global,icmp.transmit_timestamp,0.00046932366,30,5,4
Natural_Global,mqtt.conack.flags,0.39660475,7,5,4
Natural_Global,mqtt.conflag.cleansess,0.00071854366,29,5,4
Natural_Global,mqtt.conflags,0.0,32,5,4
Natural_Global,mqtt.hdrflags,0.0,32,5,4
Natural_Global,mqtt.len,0.0,32,5,4
Natural_Global,mqtt.msgtype,0.0,32,5,4
Natural_Global,mqtt.proto_len,0.0,32,5,4
Natural_Global,mqtt.protoname,0.09171456,16,5,4
Natural_Global,mqtt.topic,0.021357685,21,5,4
Natural_Global,mqtt.topic_len,0.0,32,5,4
Natural_Global,mqtt.ver,0.0,32,5,4
Natural_Global,tcp.ack,0.48707768,6,5,4
Natural_Global,tcp.ack_raw,0.13331059,11,5,4
Natural_Global,tcp.checksum,0.10641876,14,5,4
Natural_Global,tcp.connection.fin,0.011615904,23,5,4
Natural_Global,tcp.connection.rst,0.04894502,18,5,4
Natural_Global,tcp.connection.syn,0.054870524,17,5,4
Natural_Global,tcp.connection.synack,0.011341271,24,5,4
Natural_Global,tcp.dstport,0.64630353,4,5,4
Natural_Global,tcp.flags,0.099948645,15,5,4
Natural_Global,tcp.flags.ack,0.0066846185,26,5,4
Natural_Global,tcp.len,0.12907681,12,5,4
Natural_Global,tcp.seq,0.12411825,13,5,4
Natural_Global,tcp.srcport,0.8833127,2,5,4
Natural_Global,udp.port,9.946185e-05,31,5,4
Natural_Global,udp.stream,0.28377736,9,5,4
Natural_Global,udp.time_delta,0.0014143065,27,5,4
Class_Balanced,arp.hw.size,0.007934589,26,5,4
Class_Balanced,arp.opcode,0.027220024,22,5,4
Class_Balanced,dns.qry.name,0.06458125,21,5,4
Class_Balanced,dns.qry.name.len,0.0,32,5,4
Class_Balanced,dns.qry.qu,0.0,32,5,4
Class_Balanced,dns.retransmission,0.0,32,5,4
Class_Balanced,dns.retransmit_request,0.0,32,5,4
Class_Balanced,http.content_length,0.07433818,19,5,4
Class_Balanced,http.referer,0.7202595,4,5,4
Class_Balanced,http.request.method,0.43367872,6,5,4
Class_Balanced,http.request.version,0.2969114,11,5,4
Class_Balanced,http.response,0.0011451817,29,5,4
Class_Balanced,icmp.checksum,0.3073984,10,5,4
Class_Balanced,icmp.seq_le,0.34028786,9,5,4
Class_Balanced,icmp.transmit_timestamp,0.0072572064,28,5,4
Class_Balanced,mqtt.conack.flags,0.41350386,7,5,4
Class_Balanced,mqtt.conflag.cleansess,0.00065155287,30,5,4
Class_Balanced,mqtt.conflags,0.0,32,5,4
Class_Balanced,mqtt.hdrflags,0.0,32,5,4
Class_Balanced,mqtt.len,0.0,32,5,4
Class_Balanced,mqtt.msgtype,0.0,32,5,4
Class_Balanced,mqtt.proto_len,0.0,32,5,4
Class_Balanced,mqtt.protoname,0.0796118,18,5,4
Class_Balanced,mqtt.topic,0.020460878,24,5,4
Class_Balanced,mqtt.topic_len,0.0,32,5,4
Class_Balanced,mqtt.ver,0.0,32,5,4
Class_Balanced,tcp.ack,0.85699475,3,5,4
Class_Balanced,tcp.ack_raw,0.17143033,13,5,4
Class_Balanced,tcp.checksum,0.1020057,17,5,4
Class_Balanced,tcp.connection.fin,0.026178768,23,5,4
Class_Balanced,tcp.connection.rst,0.10689087,16,5,4
Class_Balanced,tcp.connection.syn,0.11055739,15,5,4
Class_Balanced,tcp.connection.synack,0.016569857,25,5,4
Class_Balanced,tcp.dstport,0.94089997,1,5,4
Class_Balanced,tcp.flags,0.15493666,14,5,4
Class_Balanced,tcp.flags.ack,0.007771434,27,5,4
Class_Balanced,tcp.len,0.650368,5,5,4
Class_Balanced,tcp.seq,0.26553887,12,5,4
Class_Balanced,tcp.srcport,0.9105308,2,5,4
Class_Balanced,udp.port,0.0002453178,31,5,4
Class_Balanced,udp.stream,0.40790457,8,5,4
Class_Balanced,udp.time_delta,0.06521026,20,5,4
Minority_Diagnostic,arp.hw.size,0.008711842,17,5,4
Minority_Diagnostic,arp.opcode,0.05446727,9,5,4
Minority_Diagnostic,dns.qry.name,0.0009799772,21,5,4
Minority_Diagnostic,dns.qry.name.len,0.0,22,5,4
Minority_Diagnostic,dns.qry.qu,0.0,22,5,4
Minority_Diagnostic,dns.retransmission,0.0,22,5,4
Minority_Diagnostic,dns.retransmit_request,0.0,22,5,4
Minority_Diagnostic,http.content_length,0.0,22,5,4
Minority_Diagnostic,http.referer,0.0,22,5,4
Minority_Diagnostic,http.request.method,0.27324235,8,5,4
Minority_Diagnostic,http.request.version,0.4053538,7,5,4
Minority_Diagnostic,http.response,0.0,22,5,4
Minority_Diagnostic,icmp.checksum,0.5951043,4,5,4
Minority_Diagnostic,icmp.seq_le,0.46319523,6,5,4
Minority_Diagnostic,icmp.transmit_timestamp,0.054068044,10,5,4
Minority_Diagnostic,mqtt.conack.flags,0.0036956924,19,5,4
Minority_Diagnostic,mqtt.conflag.cleansess,0.0,22,5,4
Minority_Diagnostic,mqtt.conflags,0.0,22,5,4
Minority_Diagnostic,mqtt.hdrflags,0.0,22,5,4
Minority_Diagnostic,mqtt.len,0.0,22,5,4
Minority_Diagnostic,mqtt.msgtype,0.0,22,5,4
Minority_Diagnostic,mqtt.proto_len,0.0,22,5,4
Minority_Diagnostic,mqtt.protoname,0.0,22,5,4
Minority_Diagnostic,mqtt.topic,0.0,22,5,4
Minority_Diagnostic,mqtt.topic_len,0.0,22,5,4
Minority_Diagnostic,mqtt.ver,0.0,22,5,4
Minority_Diagnostic,tcp.ack,0.025333062,14,5,4
Minority_Diagnostic,tcp.ack_raw,0.025761057,12,5,4
Minority_Diagnostic,tcp.checksum,0.0047620167,18,5,4
Minority_Diagnostic,tcp.connection.fin,0.0,22,5,4
Minority_Diagnostic,tcp.connection.rst,0.02557416,13,5,4
Minority_Diagnostic,tcp.connection.syn,0.018965157,15,5,4
Minority_Diagnostic,tcp.connection.synack,0.0,22,5,4
Minority_Diagnostic,tcp.dstport,0.8230767,3,5,4
Minority_Diagnostic,tcp.flags,0.03413407,11,5,4
Minority_Diagnostic,tcp.flags.ack,0.0,22,5,4
Minority_Diagnostic,tcp.len,3.457332,1,5,4
Minority_Diagnostic,tcp.seq,0.0,22,5,4
Minority_Diagnostic,tcp.srcport,1.4770898,2,5,4
Minority_Diagnostic,udp.port,0.0014612521,20,5,4
Minority_Diagnostic,udp.stream,0.012903407,16,5,4
Minority_Diagnostic,udp.time_delta,0.48897916,5,5,4
Natural_Global,arp.hw.size,0.0075923014,24,5,5
Natural_Global,arp.opcode,0.04130647,19,5,5
Natural_Global,dns.qry.name,0.03069991,20,5,5
Natural_Global,dns.qry.name.len,0.0,31,5,5
Natural_Global,dns.qry.qu,0.0,31,5,5
Natural_Global,dns.retransmission,0.0,31,5,5
Natural_Global,dns.retransmit_request,0.0,31,5,5
Natural_Global,http.content_length,0.018933767,21,5,5
Natural_Global,http.referer,1.14429,1,5,5
Natural_Global,http.request.method,0.7389566,3,5,5
Natural_Global,http.request.version,0.57358223,5,5,5
Natural_Global,http.response,0.0012977379,27,5,5
Natural_Global,icmp.checksum,0.3435835,8,5,5
Natural_Global,icmp.seq_le,0.20178038,10,5,5
Natural_Global,icmp.transmit_timestamp,0.0005859059,30,5,5
Natural_Global,mqtt.conack.flags,0.39992043,7,5,5
Natural_Global,mqtt.conflag.cleansess,0.0,31,5,5
Natural_Global,mqtt.conflags,0.0,31,5,5
Natural_Global,mqtt.hdrflags,0.0,31,5,5
Natural_Global,mqtt.len,0.0,31,5,5
Natural_Global,mqtt.msgtype,0.0,31,5,5
Natural_Global,mqtt.proto_len,0.0,31,5,5
Natural_Global,mqtt.protoname,0.107754655,14,5,5
Natural_Global,mqtt.topic,0.0065799495,25,5,5
Natural_Global,mqtt.topic_len,0.0,31,5,5
Natural_Global,mqtt.ver,0.0,31,5,5
Natural_Global,tcp.ack,0.5039037,6,5,5
Natural_Global,tcp.ack_raw,0.14000756,11,5,5
Natural_Global,tcp.checksum,0.09966471,15,5,5
Natural_Global,tcp.connection.fin,0.011589487,22,5,5
Natural_Global,tcp.connection.rst,0.043032464,18,5,5
Natural_Global,tcp.connection.syn,0.045117177,17,5,5
Natural_Global,tcp.connection.synack,0.009631998,23,5,5
Natural_Global,tcp.dstport,0.6238617,4,5,5
Natural_Global,tcp.flags,0.09709875,16,5,5
Natural_Global,tcp.flags.ack,0.0018449733,26,5,5
Natural_Global,tcp.len,0.13419825,12,5,5
Natural_Global,tcp.seq,0.119996645,13,5,5
Natural_Global,tcp.srcport,0.89646816,2,5,5
Natural_Global,udp.port,0.0006243121,29,5,5
Natural_Global,udp.stream,0.30038652,9,5,5
Natural_Global,udp.time_delta,0.00079691486,28,5,5
Class_Balanced,arp.hw.size,0.005587015,28,5,5
Class_Balanced,arp.opcode,0.022270143,23,5,5
Class_Balanced,dns.qry.name,0.048446365,20,5,5
Class_Balanced,dns.qry.name.len,0.0,31,5,5
Class_Balanced,dns.qry.qu,0.0,31,5,5
Class_Balanced,dns.retransmission,0.0,31,5,5
Class_Balanced,dns.retransmit_request,0.0,31,5,5
Class_Balanced,http.content_length,0.05086743,19,5,5
Class_Balanced,http.referer,0.75517654,5,5,5
Class_Balanced,http.request.method,0.4120991,7,5,5
Class_Balanced,http.request.version,0.27228004,11,5,5
Class_Balanced,http.response,0.0019043261,30,5,5
Class_Balanced,icmp.checksum,0.3004807,10,5,5
Class_Balanced,icmp.seq_le,0.33461177,9,5,5
Class_Balanced,icmp.transmit_timestamp,0.009418126,26,5,5
Class_Balanced,mqtt.conack.flags,0.37817678,8,5,5
Class_Balanced,mqtt.conflag.cleansess,0.0,31,5,5
Class_Balanced,mqtt.conflags,0.0,31,5,5
Class_Balanced,mqtt.hdrflags,0.0,31,5,5
Class_Balanced,mqtt.len,0.0,31,5,5
Class_Balanced,mqtt.msgtype,0.0,31,5,5
Class_Balanced,mqtt.proto_len,0.0,31,5,5
Class_Balanced,mqtt.protoname,0.1342778,15,5,5
Class_Balanced,mqtt.topic,0.007218118,27,5,5
Class_Balanced,mqtt.topic_len,0.0,31,5,5
Class_Balanced,mqtt.ver,0.0,31,5,5
Class_Balanced,tcp.ack,0.9517008,1,5,5
Class_Balanced,tcp.ack_raw,0.18359233,13,5,5
Class_Balanced,tcp.checksum,0.101771004,16,5,5
Class_Balanced,tcp.connection.fin,0.027355589,22,5,5
Class_Balanced,tcp.connection.rst,0.09626441,17,5,5
Class_Balanced,tcp.connection.syn,0.083927415,18,5,5
Class_Balanced,tcp.connection.synack,0.015089679,25,5,5
Class_Balanced,tcp.dstport,0.91289294,2,5,5
Class_Balanced,tcp.flags,0.15712938,14,5,5
Class_Balanced,tcp.flags.ack,0.0032526029,29,5,5
Class_Balanced,tcp.len,0.76508117,4,5,5
Class_Balanced,tcp.seq,0.24435218,12,5,5
Class_Balanced,tcp.srcport,0.8468005,3,5,5
Class_Balanced,udp.port,0.020375978,24,5,5
Class_Balanced,udp.stream,0.4207221,6,5,5
Class_Balanced,udp.time_delta,0.030338671,21,5,5
Minority_Diagnostic,arp.hw.size,0.013098489,17,5,5
Minority_Diagnostic,arp.opcode,0.044707704,11,5,5
Minority_Diagnostic,dns.qry.name,0.00083749386,23,5,5
Minority_Diagnostic,dns.qry.name.len,0.0,24,5,5
Minority_Diagnostic,dns.qry.qu,0.0,24,5,5
Minority_Diagnostic,dns.retransmission,0.0,24,5,5
Minority_Diagnostic,dns.retransmit_request,0.0,24,5,5
Minority_Diagnostic,http.content_length,0.0,24,5,5
Minority_Diagnostic,http.referer,0.005403174,22,5,5
Minority_Diagnostic,http.request.method,0.21361615,8,5,5
Minority_Diagnostic,http.request.version,0.32272547,6,5,5
Minority_Diagnostic,http.response,0.0,24,5,5
Minority_Diagnostic,icmp.checksum,0.62638485,4,5,5
Minority_Diagnostic,icmp.seq_le,0.44768167,5,5,5
Minority_Diagnostic,icmp.transmit_timestamp,0.07000872,10,5,5
Minority_Diagnostic,mqtt.conack.flags,0.005760247,21,5,5
Minority_Diagnostic,mqtt.conflag.cleansess,0.0,24,5,5
Minority_Diagnostic,mqtt.conflags,0.0,24,5,5
Minority_Diagnostic,mqtt.hdrflags,0.0,24,5,5
Minority_Diagnostic,mqtt.len,0.0,24,5,5
Minority_Diagnostic,mqtt.msgtype,0.0,24,5,5
Minority_Diagnostic,mqtt.proto_len,0.0,24,5,5
Minority_Diagnostic,mqtt.protoname,0.0,24,5,5
Minority_Diagnostic,mqtt.topic,0.0,24,5,5
Minority_Diagnostic,mqtt.topic_len,0.0,24,5,5
Minority_Diagnostic,mqtt.ver,0.0,24,5,5
Minority_Diagnostic,tcp.ack,0.03007138,12,5,5
Minority_Diagnostic,tcp.ack_raw,0.019495737,16,5,5
Minority_Diagnostic,tcp.checksum,0.030024502,13,5,5
Minority_Diagnostic,tcp.connection.fin,0.0,24,5,5
Minority_Diagnostic,tcp.connection.rst,0.012512959,18,5,5
Minority_Diagnostic,tcp.connection.syn,0.029383091,14,5,5
Minority_Diagnostic,tcp.connection.synack,0.0,24,5,5
Minority_Diagnostic,tcp.dstport,0.663826,3,5,5
Minority_Diagnostic,tcp.flags,0.02825096,15,5,5
Minority_Diagnostic,tcp.flags.ack,0.0,24,5,5
Minority_Diagnostic,tcp.len,4.2453604,1,5,5
Minority_Diagnostic,tcp.seq,0.008208782,20,5,5
Minority_Diagnostic,tcp.srcport,1.4929239,2,5,5
Minority_Diagnostic,udp.port,0.15259512,9,5,5
Minority_Diagnostic,udp.stream,0.012151411,19,5,5
Minority_Diagnostic,udp.time_delta,0.22754003,7,5,5
